Subject,Emotion,Filename,Apex Frame
Person_1,anger,MYS_G000010_02042021_04_47_34548_34671_Sample_442_34140_25.0.mp4,32
Person_1,anger,MYS_G000010_09072021_01_156_1955_2030_Sample_22_1860_25.0.mp4,38
Person_1,anger,MYS_G000010_16072021_01_100_33747_33950_Sample_380_33720_25.0.mp4,101
Person_1,anger,MYS_G000010_16072021_01_109_35910_35974_Sample_399_35460_25.0.mp4,29
Person_1,anger,MYS_G000010_16072021_01_155_43057_43121_Sample_500_42960_25.0.mp4,23
Person_1,anger,MYS_G000010_16072021_01_186_3282_3329_Sample_55_3240_25.0.mp4,10
Person_1,anger,MYS_G000010_16072021_02_122_41520_41594_Sample_449_41520_25.0.mp4,37
Person_1,anger,MYS_G000010_20082021_02_105_12069_12127_Sample_95_12060_25.0.mp4,29
Person_1,anger,MYS_G000010_30042021_01_490_31268_31320_Sample_479_31260_25.0.mp4,20
Person_118,anger,MYS_G000120_11072021_211_67876_67990_Sample_476_67500_25.0.mp4,57
Person_12,anger,MYS_G000010_09042021_01_20_9951_9994_Sample_138_9900_25.0.mp4,10
Person_12,anger,MYS_G000010_09042021_05_37_28185_28208_Sample_182_28140_25.0.mp4,14
Person_13,anger,MYS_G000010_05112021_02_23_15780_15810_Sample_150_15780_25.0.mp4,22
Person_13,anger,MYS_G000010_16072021_02_116_40740_41337_Sample_439_40740_25.0.mp4,298
Person_14,anger,MYS_G000120_01052021_30_49804_49837_Sample_332_49800_25.0.mp4,9
Person_19,anger,MYS_G000010_21052021_02_44_74052_74093_Sample_1110_74040_25.0.mp4,22
Person_19,anger,MYS_G000010_23042021_02_35_12686_12714_Sample_189_12420_25.0.mp4,10
Person_19,anger,MYS_G000010_23042021_03_84_41352_41390_Sample_637_41220_25.0.mp4,17
Person_2,anger,MYS_G000010_02042021_02_20_17298_17359_Sample_194_15720_25.0.mp4,26
Person_2,anger,MYS_G000010_02042021_02_23_12246_12357_Sample_149_12000_25.0.mp4,22
Person_2,anger,MYS_G000010_02042021_02_51_2978_3005_Sample_23_2880_25.0.mp4,14
Person_2,anger,MYS_G000010_02042021_02_87_23885_23932_Sample_293_23340_25.0.mp4,19
Person_2,anger,MYS_G000010_02042021_04_27_12357_12436_Sample_205_12300_25.0.mp4,16
Person_2,anger,MYS_G000010_09042021_03_161_4870_4984_Sample_66_4740_25.0.mp4,57
Person_2,anger,MYS_G000010_16072021_01_147_41937_41957_Sample_483_41880_25.0.mp4,6
Person_2,anger,MYS_G000010_21052021_02_12_69387_69420_Sample_1041_69240_25.0.mp4,24
Person_2,anger,MYS_G000010_30042021_01_78_84440_84478_Sample_1362_84360_25.0.mp4,21
Person_2,anger,MYS_G000010_30042021_01_89_86582_86643_Sample_1397_86340_25.0.mp4,25
Person_2,anger,MYS_G000011_05022021_03_12_45641_45670_Sample_573_45240_25.0.mp4,12
Person_2,anger,MYS_G000011_05022021_03_24_13721_13740_Sample_167_13620_25.0.mp4,11
Person_2,anger,MYS_G000011_05022021_03_45_3593_3634_Sample_52_3540_25.0.mp4,24
Person_2,anger,MYS_G000011_05022021_05_19_419_469_Sample_127.mp4,20
Person_2,anger,MYS_G000011_05022021_05_2_837_853_Sample_104.mp4,7
Person_2,anger,MYS_G000011_05022021_05_44_487_540_Sample_155.mp4,32
Person_2,anger,MYS_G000011_05022021_05_51_618_705_Sample_163.mp4,43
Person_2,anger,MYS_G000011_05022021_05_52_953_1043_Sample_163.mp4,42
Person_2,anger,MYS_G000011_05022021_05_71_87_120_Sample_195.mp4,13
Person_2,anger,MYS_G000011_05022021_05_9_930_976_Sample_114.mp4,33
Person_2,anger,MYS_G000011_15022021_03_55_0_120_Sample_203.mp4,59
Person_2,anger,MYS_G000011_22012021_02_25_41524_41540_Sample_462_41520_25.0.mp4,6
Person_2,anger,MYS_G000011_26022021_04_77_140_160_Sample_223.mp4,10
Person_2,anger,MYS_G000011_28012021_02_23_274_292_Sample_145.mp4,9
Person_2,anger,MYS_G000011_28012021_02_3_242_300_Sample_244.mp4,29
Person_2,anger,MYS_G000011_28012021_02_5_9_120_Sample_110.mp4,56
Person_2,anger,MYS_G000011_28012021_02_6_104_271_Sample_252.mp4,83
Person_2,anger,MYS_G000011_28012021_02_8_160_177_Sample_117.mp4,12
Person_2,anger,MYS_G000011_28012021_04_4_46_70_Sample_15.mp4,13
Person_212,anger,MYS_G000029_26032021_01_4_17760_17800_Sample_106_17760_25.0.mp4,20
Person_216,anger,MYS_G000109_08052020_01_101_68689_68700_Sample_254_68460_25.0.mp4,11
Person_216,anger,MYS_G000109_08052020_01_102_70109_70172_Sample_257_70020_25.0.mp4,13
Person_216,anger,MYS_G000109_08052020_01_179_22899_22961_Sample_55_22800_25.0.mp4,17
Person_216,anger,MYS_G000109_08052020_01_184_9858_9898_Sample_7_9780_25.0.mp4,15
Person_216,anger,MYS_G000109_08052020_01_45_43442_43485_Sample_154_43140_25.0.mp4,18
Person_23,anger,MYS_G000011_05022021_03_15_4185_4228_Sample_57_4140_25.0.mp4,20
Person_23,anger,MYS_G000011_05022021_03_53_1561_1590_Sample_22_1560_25.0.mp4,5
Person_23,anger,MYS_G000011_05022021_03_82_6692_6720_Sample_84_6540_25.0.mp4,23
Person_23,anger,MYS_G000011_05022021_04_18_44367_44392_Sample_491_44340_25.0.mp4,12
Person_232,anger,MYS_G000096_04122021_01_8_21480_21604_Sample_147_21480_25.0.mp4,62
Person_243,anger,MYS_G000106_17072021_01_16_11949_12034_Sample_165_11940_25.0.mp4,42
Person_243,anger,MYS_G000106_17072021_01_28_15386_15428_Sample_219_15360_25.0.mp4,21
Person_243,anger,MYS_G000106_17072021_01_34_33660_33837_Sample_335_33660_25.0.mp4,88
Person_3,anger,MYS_G000010_02042021_04_105_50149_50228_Sample_631_50100_25.0.mp4,39
Person_3,anger,MYS_G000010_02042021_04_52_35044_35078_Sample_450_35040_25.0.mp4,17
Person_35,anger,MYS_G000115_02052021_36_36143_36240_Sample_160_36120_25.0.mp4,35
Person_35,anger,MYS_G000115_09052021_182_29199_29274_Sample_98_29160_25.0.mp4,37
Person_35,anger,MYS_G000115_09052021_44_53460_53484_Sample_181_53460_25.0.mp4,8
Person_35,anger,MYS_G000115_09052021_73_72057_72126_Sample_255_70740_25.0.mp4,12
Person_35,anger,MYS_G000115_09052021_86_80824_80933_Sample_285_80220_25.0.mp4,54
Person_38,anger,MYS_G000115_18072021_25_16615_16710_Sample_160_15600_25.0.mp4,45
Person_4,anger,MYS_G000010_02042021_01_181_54463_54783_Sample_664_54360_25.0.mp4,160
Person_4,anger,MYS_G000010_02042021_01_76_29292_29413_Sample_333_29280_25.0.mp4,60
Person_4,anger,MYS_G000010_06082021_03_48_666_891_Sample_8_660_25.0.mp4,112
Person_4,anger,MYS_G000010_16072021_01_118_36540_36657_Sample_419_36540_25.0.mp4,58
Person_4,anger,MYS_G000010_16072021_01_308_69404_69573_Sample_790_69360_25.0.mp4,80
Person_4,anger,MYS_G000010_16072021_02_199_54420_54597_Sample_670_54420_25.0.mp4,88
Person_4,anger,MYS_G000010_16072021_02_43_27600_27903_Sample_231_27600_25.0.mp4,151
Person_4,anger,MYS_G000010_16072021_02_87_34004_34020_Sample_338_33900_25.0.mp4,7
Person_4,anger,MYS_G000010_30042021_01_367_163380_163410_Sample_2719_163380_25.0.mp4,9
Person_4,anger,MYS_G000010_30042021_01_368_163412_163452_Sample_2719_163380_25.0.mp4,16
Person_41,anger,MYS_G000106_17072021_01_27_15312_15421_Sample_215_15240_25.0.mp4,54
Person_46,anger,MYS_G000011_05022021_05_102_311_346_Sample_237.mp4,15
Person_46,anger,MYS_G000011_15022021_03_100_946_1102_Sample_333.mp4,95
Person_46,anger,MYS_G000011_15022021_03_88_3_16_Sample_31.mp4,4
Person_5,anger,MYS_G000010_02042021_01_102_42097_42177_Sample_481_41820_25.0.mp4,40
Person_5,anger,MYS_G000010_05032021_02_52_38467_38676_Sample_256_38460_25.0.mp4,104
Person_5,anger,MYS_G000010_06082021_01_13_23694_23800_Sample_352_23640_25.0.mp4,79
Person_5,anger,MYS_G000010_06082021_01_34_47332_47361_Sample_645_47040_25.0.mp4,16
Person_5,anger,MYS_G000010_09042021_03_100_22501_22536_Sample_326_22500_25.0.mp4,8
Person_5,anger,MYS_G000010_09072021_01_19_98624_98668_Sample_1334_96840_25.0.mp4,17
Person_5,anger,MYS_G000010_16072021_01_111_35716_36117_Sample_402_35520_25.0.mp4,200
Person_5,anger,MYS_G000010_23072021_05_16_12180_12357_Sample_162_12180_25.0.mp4,88
Person_5,anger,MYS_G000010_23072021_05_81_6660_6778_Sample_93_6660_25.0.mp4,59
Person_5,anger,MYS_G000011_05022021_05_137_210_263_Sample_47.mp4,13
Person_7,anger,MYS_G000010_09042021_03_26_9811_9843_Sample_146_9660_25.0.mp4,10
Person_7,anger,MYS_G000010_20082021_02_1_685_928_Sample_0_0_25.0.mp4,137
Person_7,anger,MYS_G000010_23042021_02_130_900_1045_Sample_9_360_25.0.mp4,72
Person_7,anger,MYS_G000010_27082021_01_124_27663_28110_Sample_283_27540_25.0.mp4,223
Person_7,anger,MYS_G000010_30042021_01_315_151029_151168_Sample_2499_151020_25.0.mp4,44
Person_70,anger,MYS_G000120_01052021_111_34009_34237_Sample_224_33780_25.0.mp4,73
Person_70,anger,MYS_G000120_01052021_121_36419_36572_Sample_239_36360_25.0.mp4,51
Person_70,anger,MYS_G000120_01052021_32_4158_4283_Sample_34_4140_25.0.mp4,37
Person_70,anger,MYS_G000120_01052021_46_25351_25518_Sample_167_25260_25.0.mp4,85
Person_70,anger,MYS_G000120_01052021_76_74300_74351_Sample_496_74100_25.0.mp4,32
Person_70,anger,MYS_G000120_11072021_11_130806_131082_Sample_1035_130680_25.0.mp4,60
Person_70,anger,MYS_G000120_15052021_11_20240_20411_Sample_138_20100_25.0.mp4,61
Person_70,anger,MYS_G000120_24072021_43_50725_50989_Sample_441_50640_25.0.mp4,19
Person_70,anger,MYS_G000120_24072021_58_22021_22089_Sample_192_21900_25.0.mp4,21
Person_74,anger,MYS_G000096_04122021_01_49_14438_14471_Sample_88_14280_25.0.mp4,7
Person_74,anger,MYS_G000096_11122021_01_69_80670_80703_Sample_440_80640_25.0.mp4,11
Person_74,anger,MYS_G000096_11122021_01_71_80739_80766_Sample_440_80640_25.0.mp4,11
Person_76,anger,MYS_G000096_11122021_01_53_2997_3060_Sample_28_1920_25.0.mp4,34
Person_83,anger,MYS_G000120_24042021_71_79021_79053_Sample_391_77520_25.0.mp4,9
Person_83,anger,MYS_G000120_24072021_42_19062_19095_Sample_166_19020_25.0.mp4,16
Person_9,anger,MYS_G000122_24072021_02_67_53963_54117_Sample_430_53640_25.0.mp4,25
Person_1,disgust,MYS_G000010_09042021_03_41_11407_11448_Sample_179_11340_25.0.mp4,17
Person_1,disgust,MYS_G000010_09042021_03_68_15149_15180_Sample_234_15060_25.0.mp4,12
Person_1,disgust,MYS_G000010_20082021_02_30_25261_25319_Sample_181_25200_25.0.mp4,29
Person_1,disgust,MYS_G000010_21052021_01_171_7924_7995_Sample_92_7920_25.0.mp4,35
Person_12,disgust,MYS_G000010_02042021_02_209_52143_52177_Sample_667_52140_25.0.mp4,16
Person_12,disgust,MYS_G000010_02042021_03_6_9818_9832_Sample_107_9780_25.0.mp4,8
Person_12,disgust,MYS_G000010_02042021_04_53_19511_19529_Sample_268_18720_25.0.mp4,9
Person_12,disgust,MYS_G000010_09042021_01_114_33166_33180_Sample_385_32640_25.0.mp4,9
Person_12,disgust,MYS_G000010_09042021_01_128_34996_35045_Sample_418_34980_25.0.mp4,17
Person_12,disgust,MYS_G000010_09042021_01_169_44428_44481_Sample_535_43260_25.0.mp4,26
Person_12,disgust,MYS_G000010_09042021_01_82_20282_20340_Sample_263_19980_25.0.mp4,32
Person_13,disgust,MYS_G000010_09072021_01_10_87495_87531_Sample_1189_87180_25.0.mp4,21
Person_13,disgust,MYS_G000010_13082021_03_72_23573_23638_Sample_361_23520_25.0.mp4,22
Person_14,disgust,MYS_G000010_06082021_01_15_9840_9890_Sample_121_8160_25.0.mp4,11
Person_14,disgust,MYS_G000010_06082021_01_24_19667_19731_Sample_271_17760_25.0.mp4,39
Person_14,disgust,MYS_G000010_06082021_01_64_6613_6641_Sample_88_6060_25.0.mp4,11
Person_14,disgust,MYS_G000010_09072021_01_3_76050_76083_Sample_1005_76020_25.0.mp4,4
Person_14,disgust,MYS_G000010_09072021_01_56_113891_114068_Sample_1426_113220_25.0.mp4,61
Person_14,disgust,MYS_G000010_16072021_01_153_43863_43962_Sample_497_42900_25.0.mp4,71
Person_14,disgust,MYS_G000115_09052021_47_55753_55819_Sample_186_55320_25.0.mp4,44
Person_14,disgust,MYS_G000115_18072021_26_16467_16487_Sample_163_15600_25.0.mp4,9
Person_14,disgust,MYS_G000115_18072021_28_17397_17517_Sample_163_15600_25.0.mp4,24
Person_14,disgust,MYS_G000120_11072021_167_55935_56042_Sample_374_55800_25.0.mp4,53
Person_14,disgust,MYS_G000120_24042021_231_172389_172507_Sample_741_170100_25.0.mp4,39
Person_19,disgust,MYS_G000010_07052021_01_3_6933_7016_Sample_105_6840_25.0.mp4,14
Person_19,disgust,MYS_G000010_21052021_02_196_6804_6874_Sample_78_5520_25.0.mp4,36
Person_19,disgust,MYS_G000010_21052021_02_200_54756_54789_Sample_799_54720_25.0.mp4,13
Person_19,disgust,MYS_G000010_21052021_02_202_54981_55049_Sample_799_54720_25.0.mp4,22
Person_19,disgust,MYS_G000010_21052021_02_32_71429_71479_Sample_1069_71280_25.0.mp4,17
Person_2,disgust,MYS_G000010_02042021_02_45_18141_18188_Sample_222_17760_25.0.mp4,17
Person_2,disgust,MYS_G000010_02042021_02_53_3171_3288_Sample_23_2880_25.0.mp4,32
Person_2,disgust,MYS_G000010_09042021_04_130_41043_41090_Sample_457_40980_25.0.mp4,4
Person_2,disgust,MYS_G000010_12032021_01_41_4285_4320_Sample_20_4140_25.0.mp4,14
Person_2,disgust,MYS_G000011_05022021_03_1_43584_43617_Sample_551_43500_25.0.mp4,5
Person_2,disgust,MYS_G000011_05022021_04_1_9805_9839_Sample_101_9720_25.0.mp4,13
Person_2,disgust,MYS_G000011_05022021_05_130_1033_1083_Sample_34.mp4,35
Person_2,disgust,MYS_G000011_05022021_05_21_1082_1112_Sample_127.mp4,5
Person_2,disgust,MYS_G000011_05022021_05_43_80_141_Sample_155.mp4,21
Person_2,disgust,MYS_G000011_05022021_05_50_139_188_Sample_163.mp4,17
Person_2,disgust,MYS_G000011_28012021_02_11_224_294_Sample_120.mp4,25
Person_2,disgust,MYS_G000011_28012021_04_47_46_70_Sample_97.mp4,10
Person_20,disgust,MYS_G000010_30042021_01_8_61953_61985_Sample_1010_61800_25.0.mp4,12
Person_216,disgust,MYS_G000109_08052020_01_117_78295_78326_Sample_298_78120_25.0.mp4,10
Person_216,disgust,MYS_G000109_08052020_01_132_85470_85489_Sample_335_85200_25.0.mp4,7
Person_216,disgust,MYS_G000109_08052020_01_133_85737_85775_Sample_336_85680_25.0.mp4,10
Person_216,disgust,MYS_G000109_08052020_01_138_86511_86533_Sample_340_86400_25.0.mp4,11
Person_216,disgust,MYS_G000109_08052020_01_139_86898_86934_Sample_340_86400_25.0.mp4,24
Person_216,disgust,MYS_G000109_08052020_01_142_87185_87219_Sample_345_87000_25.0.mp4,13
Person_216,disgust,MYS_G000109_08052020_01_43_42982_43018_Sample_153_42900_25.0.mp4,15
Person_224,disgust,MYS_G000109_08052020_01_27_40642_40722_Sample_137_40020_25.0.mp4,36
Person_224,disgust,MYS_G000109_08052020_01_48_45164_45192_Sample_157_43560_25.0.mp4,11
Person_3,disgust,MYS_G000010_02042021_02_119_27181_27245_Sample_350_27180_25.0.mp4,40
Person_3,disgust,MYS_G000010_02042021_02_94_24478_24529_Sample_306_24420_25.0.mp4,7
Person_3,disgust,MYS_G000011_15022021_02_10_705_764_Sample_146.mp4,7
Person_35,disgust,MYS_G000115_02052021_138_74202_74224_Sample_344_72840_25.0.mp4,7
Person_35,disgust,MYS_G000115_02052021_40_37515_37558_Sample_168_37500_25.0.mp4,14
Person_35,disgust,MYS_G000115_02052021_59_12420_12454_Sample_65_12420_25.0.mp4,14
Person_35,disgust,MYS_G000115_09052021_55_59100_59191_Sample_202_59100_25.0.mp4,42
Person_35,disgust,MYS_G000115_09052021_72_69616_69664_Sample_250_69600_25.0.mp4,18
Person_35,disgust,MYS_G000115_11042021_71_700_730_Sample_4_60_25.0.mp4,15
Person_35,disgust,MYS_G000115_16052021_40_51516_51566_Sample_309_51480_25.0.mp4,25
Person_35,disgust,MYS_G000115_18042021_81_673_734_Sample_4_60_25.0.mp4,44
Person_4,disgust,MYS_G000010_02042021_02_2_8657_8707_Sample_102_8580_25.0.mp4,34
Person_4,disgust,MYS_G000010_02042021_02_6_8831_8870_Sample_106_8820_25.0.mp4,13
Person_4,disgust,MYS_G000010_23072021_03_4_4619_4656_Sample_15_4440_25.0.mp4,23
Person_4,disgust,MYS_G000010_23072021_03_5_4661_4730_Sample_15_4440_25.0.mp4,27
Person_46,disgust,MYS_G000011_05022021_03_14_45481_45543_Sample_577_45480_25.0.mp4,16
Person_46,disgust,MYS_G000011_05022021_04_43_4479_4538_Sample_38_4380_25.0.mp4,12
Person_46,disgust,MYS_G000011_05022021_05_55_32_80_Sample_165.mp4,13
Person_46,disgust,MYS_G000011_15022021_02_74_411_480_Sample_337.mp4,64
Person_46,disgust,MYS_G000011_15022021_03_23_722_735_Sample_411.mp4,8
Person_46,disgust,MYS_G000011_15022021_04_18_303_364_Sample_14.mp4,11
Person_46,disgust,MYS_G000011_22012021_02_16_19063_19080_Sample_164_18960_25.0.mp4,13
Person_46,disgust,MYS_G000011_22012021_02_33_21935_21985_Sample_204_21840_25.0.mp4,18
Person_46,disgust,MYS_G000011_28012021_04_37_109_121_Sample_8.mp4,7
Person_5,disgust,MYS_G000010_06082021_01_29_46261_46296_Sample_626_46260_25.0.mp4,7
Person_5,disgust,MYS_G000010_12032021_01_16_27392_27428_Sample_154_27060_25.0.mp4,16
Person_5,disgust,MYS_G000010_20082021_01_85_15923_16230_Sample_286_15840_25.0.mp4,73
Person_5,disgust,MYS_G000010_23042021_03_144_4812_4848_Sample_91_4800_25.0.mp4,18
Person_6,disgust,MYS_G000010_09072021_01_211_24917_24948_Sample_336_24840_25.0.mp4,15
Person_6,disgust,MYS_G000010_16072021_01_29_19860_19945_Sample_215_19860_25.0.mp4,21
Person_7,disgust,MYS_G000010_02042021_01_2_9210_9278_Sample_103_8940_25.0.mp4,17
Person_7,disgust,MYS_G000010_09042021_03_137_27978_28096_Sample_408_27660_25.0.mp4,49
Person_7,disgust,MYS_G000010_16072021_01_152_43065_43114_Sample_496_42840_25.0.mp4,16
Person_7,disgust,MYS_G000010_20082021_02_74_43784_43839_Sample_317_43740_25.0.mp4,20
Person_7,disgust,MYS_G000010_21052021_02_102_27758_27795_Sample_382_27720_25.0.mp4,13
Person_7,disgust,MYS_G000010_23042021_03_93_43362_43393_Sample_668_43320_25.0.mp4,11
Person_70,disgust,MYS_G000120_01052021_113_34368_34679_Sample_224_33780_25.0.mp4,61
Person_70,disgust,MYS_G000120_01052021_156_133261_133295_Sample_857_133260_25.0.mp4,20
Person_70,disgust,MYS_G000120_03072021_257_77334_77370_Sample_426_75960_25.0.mp4,15
Person_70,disgust,MYS_G000120_03072021_258_77419_77613_Sample_426_75960_25.0.mp4,14
Person_70,disgust,MYS_G000120_03072021_99_56550_56671_Sample_252_56220_25.0.mp4,90
Person_70,disgust,MYS_G000120_11072021_140_44940_45062_Sample_301_44940_25.0.mp4,6
Person_70,disgust,MYS_G000120_11072021_146_46782_46824_Sample_317_46740_25.0.mp4,16
Person_70,disgust,MYS_G000120_11072021_250_104356_104445_Sample_800_104340_25.0.mp4,13
Person_70,disgust,MYS_G000120_11072021_99_2171_2217_Sample_17_2160_25.0.mp4,13
Person_70,disgust,MYS_G000120_24072021_34_49320_49350_Sample_426_49320_25.0.mp4,11
Person_70,disgust,MYS_G000120_24072021_68_6508_6540_Sample_56_6360_25.0.mp4,20
Person_71,disgust,MYS_G000013_25052021_01_22_13489_13504_Sample_71_13320_25.0.mp4,7
Person_74,disgust,MYS_G000096_11122021_01_78_81914_81939_Sample_447_81780_25.0.mp4,11
Person_76,disgust,MYS_G000096_04122021_01_13_24724_24900_Sample_169_24660_25.0.mp4,143
Person_83,disgust,MYS_G000120_03072021_211_71317_71360_Sample_379_71100_25.0.mp4,17
Person_83,disgust,MYS_G000120_24072021_55_21603_21636_Sample_188_21300_25.0.mp4,12
Person_86,disgust,MYS_G000115_18042021_66_91892_91948_Sample_289_91380_25.0.mp4,13
Person_9,disgust,MYS_G000122_24072021_02_61_52615_52705_Sample_413_52260_25.0.mp4,36
Person_1,fear,MYS_G000010_16072021_01_223_51302_51362_Sample_630_51300_25.0.mp4,16
Person_1,fear,MYS_G000011_05022021_04_52_50068_50107_Sample_565_50040_25.0.mp4,32
Person_12,fear,MYS_G000010_02042021_03_103_50188_50220_Sample_697_50100_25.0.mp4,15
Person_13,fear,MYS_G000010_06082021_01_52_49801_49843_Sample_688_49800_25.0.mp4,1
Person_13,fear,MYS_G000010_23072021_05_58_30446_30612_Sample_368_30420_25.0.mp4,34
Person_14,fear,MYS_G000010_09072021_01_22_95057_95091_Sample_1195_87480_25.0.mp4,13
Person_14,fear,MYS_G000010_27082021_01_236_77962_77998_Sample_778_74880_25.0.mp4,11
Person_2,fear,MYS_G000011_05022021_05_153_118_182_Sample_83.mp4,22
Person_2,fear,MYS_G000011_05022021_05_155_3_43_Sample_84.mp4,26
Person_224,fear,MYS_G000109_08052020_01_46_43583_43644_Sample_157_43560_25.0.mp4,25
Person_224,fear,MYS_G000109_08052020_01_96_69374_69433_Sample_244_66480_25.0.mp4,19
Person_41,fear,MYS_G000106_10072021_02_26_35340_35363_Sample_230_35340_25.0.mp4,7
Person_7,fear,MYS_G000010_20082021_01_136_26318_26401_Sample_422_25200_25.0.mp4,53
Person_7,fear,MYS_G000010_20082021_01_181_46400_46445_Sample_558_45660_25.0.mp4,14
Person_7,fear,MYS_G000010_20082021_03_14_4424_4467_Sample_35_4320_25.0.mp4,16
Person_7,fear,MYS_G000010_23042021_01_25_9660_9757_Sample_150_9660_25.0.mp4,33
Person_70,fear,MYS_G000120_01052021_15_24134_24214_Sample_157_24120_25.0.mp4,21
Person_74,fear,MYS_G000096_11122021_01_77_81820_81881_Sample_447_81780_25.0.mp4,12
Person_76,fear,MYS_G000096_11122021_01_52_2819_2991_Sample_28_1920_25.0.mp4,31
Person_1,happy,MYS_G000010_02042021_01_100_41554_41653_Sample_477_41460_25.0.mp4,45
Person_1,happy,MYS_G000010_02042021_01_120_45191_45280_Sample_517_44700_25.0.mp4,35
Person_1,happy,MYS_G000010_02042021_01_143_47668_47827_Sample_553_47520_25.0.mp4,20
Person_1,happy,MYS_G000010_02042021_01_176_4260_4365_Sample_64_4260_25.0.mp4,39
Person_1,happy,MYS_G000010_02042021_01_17_1439_1524_Sample_13_1320_25.0.mp4,26
Person_1,happy,MYS_G000010_02042021_01_191_787_874_Sample_6_780_25.0.mp4,28
Person_1,happy,MYS_G000010_02042021_01_196_5625_5726_Sample_78_5580_25.0.mp4,18
Person_1,happy,MYS_G000010_02042021_01_4_1080_1149_Sample_10_1080_25.0.mp4,30
Person_1,happy,MYS_G000010_02042021_01_60_26730_26790_Sample_294_26520_25.0.mp4,29
Person_1,happy,MYS_G000010_02042021_01_64_27360_27399_Sample_305_27360_25.0.mp4,19
Person_1,happy,MYS_G000010_02042021_02_248_567_717_Sample_9_420_25.0.mp4,57
Person_1,happy,MYS_G000010_02042021_02_249_8100_8400_Sample_90_8100_25.0.mp4,150
Person_1,happy,MYS_G000010_02042021_02_33_16547_16641_Sample_204_16320_25.0.mp4,33
Person_1,happy,MYS_G000010_02042021_02_34_16641_16740_Sample_204_16320_25.0.mp4,20
Person_1,happy,MYS_G000010_02042021_02_35_17099_17233_Sample_208_16860_25.0.mp4,56
Person_1,happy,MYS_G000010_02042021_02_70_21224_21294_Sample_261_21060_25.0.mp4,43
Person_1,happy,MYS_G000010_02042021_02_72_21389_21631_Sample_261_21060_25.0.mp4,53
Person_1,happy,MYS_G000010_02042021_02_78_22029_22075_Sample_273_21780_25.0.mp4,22
Person_1,happy,MYS_G000010_02042021_03_24_13702_13755_Sample_154_13680_25.0.mp4,32
Person_1,happy,MYS_G000010_02042021_03_27_14100_14185_Sample_166_14100_25.0.mp4,20
Person_1,happy,MYS_G000010_02042021_03_67_28868_28958_Sample_381_28680_25.0.mp4,62
Person_1,happy,MYS_G000010_02042021_04_108_51729_51809_Sample_643_51120_25.0.mp4,16
Person_1,happy,MYS_G000010_02042021_04_130_54992_55040_Sample_692_54480_25.0.mp4,20
Person_1,happy,MYS_G000010_02042021_04_132_4549_4597_Sample_70_4380_25.0.mp4,7
Person_1,happy,MYS_G000010_02042021_04_3_7121_7268_Sample_106_6900_25.0.mp4,86
Person_1,happy,MYS_G000010_02042021_04_70_40751_40800_Sample_514_40620_25.0.mp4,25
Person_1,happy,MYS_G000010_02042021_04_75_42432_42476_Sample_524_41340_25.0.mp4,15
Person_1,happy,MYS_G000010_02042021_04_82_42915_43039_Sample_544_42780_25.0.mp4,19
Person_1,happy,MYS_G000010_05032021_01_102_10179_10309_Sample_75_9960_25.0.mp4,76
Person_1,happy,MYS_G000010_05032021_01_104_10674_10709_Sample_80_10560_25.0.mp4,12
Person_1,happy,MYS_G000010_05032021_01_107_1157_1313_Sample_8_1080_25.0.mp4,14
Person_1,happy,MYS_G000010_05032021_01_14_2436_2559_Sample_12_2280_25.0.mp4,48
Person_1,happy,MYS_G000010_05032021_01_15_21125_21259_Sample_150_21060_25.0.mp4,15
Person_1,happy,MYS_G000010_05032021_01_37_31524_31605_Sample_224_31500_25.0.mp4,61
Person_1,happy,MYS_G000010_05032021_01_44_33010_33221_Sample_238_32760_25.0.mp4,18
Person_1,happy,MYS_G000010_05032021_01_46_33508_33600_Sample_240_33480_25.0.mp4,41
Person_1,happy,MYS_G000010_05032021_01_56_39530_39612_Sample_280_39420_25.0.mp4,11
Person_1,happy,MYS_G000010_05032021_01_63_4864_4993_Sample_30_4380_25.0.mp4,33
Person_1,happy,MYS_G000010_05032021_01_71_46485_46519_Sample_328_46440_25.0.mp4,20
Person_1,happy,MYS_G000010_05032021_01_81_6632_6737_Sample_42_5880_25.0.mp4,11
Person_1,happy,MYS_G000010_05032021_01_87_7414_7502_Sample_49_6960_25.0.mp4,21
Person_1,happy,MYS_G000010_05032021_01_91_8149_8364_Sample_54_7980_25.0.mp4,59
Person_1,happy,MYS_G000010_05032021_02_126_17802_17933_Sample_77_17220_25.0.mp4,23
Person_1,happy,MYS_G000010_05032021_02_130_19020_19044_Sample_89_19020_25.0.mp4,12
Person_1,happy,MYS_G000010_05032021_02_131_2278_2317_Sample_8_2220_25.0.mp4,13
Person_1,happy,MYS_G000010_05032021_02_33_33111_33202_Sample_219_33000_25.0.mp4,27
Person_1,happy,MYS_G000010_05032021_02_39_36243_36461_Sample_239_36180_25.0.mp4,133
Person_1,happy,MYS_G000010_05032021_02_3_20977_21064_Sample_114_20940_25.0.mp4,34
Person_1,happy,MYS_G000010_05032021_02_66_42620_42746_Sample_288_42300_25.0.mp4,37
Person_1,happy,MYS_G000010_05032021_02_70_43758_43975_Sample_299_43260_25.0.mp4,54
Person_1,happy,MYS_G000010_05032021_02_78_44722_44791_Sample_311_44220_25.0.mp4,27
Person_1,happy,MYS_G000010_05032021_02_90_47672_47724_Sample_345_47520_25.0.mp4,9
Person_1,happy,MYS_G000010_05032021_02_93_48740_48780_Sample_355_48540_25.0.mp4,14
Person_1,happy,MYS_G000010_09042021_01_13_8760_8880_Sample_124_8760_25.0.mp4,60
Person_1,happy,MYS_G000010_09042021_01_15_9357_9376_Sample_129_9300_25.0.mp4,6
Person_1,happy,MYS_G000010_09042021_01_21_10020_10200_Sample_139_10020_25.0.mp4,90
Person_1,happy,MYS_G000010_09042021_01_32_11344_11388_Sample_153_11220_25.0.mp4,19
Person_1,happy,MYS_G000010_09042021_01_33_11392_11435_Sample_153_11220_25.0.mp4,8
Person_1,happy,MYS_G000010_09042021_01_45_12875_12926_Sample_173_12840_25.0.mp4,32
Person_1,happy,MYS_G000010_09042021_01_64_16187_16248_Sample_210_15540_25.0.mp4,16
Person_1,happy,MYS_G000010_09042021_01_65_16325_16439_Sample_210_15540_25.0.mp4,87
Person_1,happy,MYS_G000010_09042021_01_79_21399_21597_Sample_259_19020_25.0.mp4,110
Person_1,happy,MYS_G000010_09042021_01_99_23328_23391_Sample_292_23280_25.0.mp4,30
Person_1,happy,MYS_G000010_09042021_03_124_25891_25993_Sample_383_25860_25.0.mp4,32
Person_1,happy,MYS_G000010_09042021_03_135_27240_27326_Sample_402_27240_25.0.mp4,9
Person_1,happy,MYS_G000010_09042021_03_15_8423_8462_Sample_126_8400_25.0.mp4,18
Person_1,happy,MYS_G000010_09042021_03_24_9547_9600_Sample_139_9300_25.0.mp4,26
Person_1,happy,MYS_G000010_09042021_03_7_7260_7293_Sample_112_7260_25.0.mp4,8
Person_1,happy,MYS_G000010_09042021_03_84_18903_19067_Sample_284_18840_25.0.mp4,62
Person_1,happy,MYS_G000010_09042021_03_91_20280_20460_Sample_300_20280_25.0.mp4,62
Person_1,happy,MYS_G000010_09042021_03_93_20640_20694_Sample_304_20640_25.0.mp4,12
Person_1,happy,MYS_G000010_09042021_04_106_34680_34860_Sample_387_34680_25.0.mp4,90
Person_1,happy,MYS_G000010_09042021_04_108_34920_35052_Sample_391_34920_25.0.mp4,14
Person_1,happy,MYS_G000010_09042021_04_113_36899_37274_Sample_408_36720_25.0.mp4,35
Person_1,happy,MYS_G000010_09042021_04_114_37886_37993_Sample_408_36720_25.0.mp4,43
Person_1,happy,MYS_G000010_09042021_04_119_41692_41983_Sample_432_38460_25.0.mp4,144
Person_1,happy,MYS_G000010_09042021_04_174_51802_51873_Sample_569_50340_25.0.mp4,46
Person_1,happy,MYS_G000010_09042021_04_19_15781_15905_Sample_205_15780_25.0.mp4,22
Person_1,happy,MYS_G000010_09042021_04_23_16611_16680_Sample_214_16500_25.0.mp4,46
Person_1,happy,MYS_G000010_09042021_04_41_21244_21540_Sample_261_21240_25.0.mp4,145
Person_1,happy,MYS_G000010_09042021_04_46_21660_21747_Sample_265_21660_25.0.mp4,21
Person_1,happy,MYS_G000010_09042021_04_47_21782_21892_Sample_265_21660_25.0.mp4,51
Person_1,happy,MYS_G000010_09042021_04_48_21879_21932_Sample_265_21660_25.0.mp4,22
Person_1,happy,MYS_G000010_09042021_04_49_22379_22657_Sample_265_21660_25.0.mp4,38
Person_1,happy,MYS_G000010_09042021_04_50_22675_22901_Sample_265_21660_25.0.mp4,23
Person_1,happy,MYS_G000010_09042021_04_51_22675_22703_Sample_265_21660_25.0.mp4,18
Person_1,happy,MYS_G000010_09042021_04_60_22920_23104_Sample_284_22920_25.0.mp4,19
Person_1,happy,MYS_G000010_09042021_04_69_28816_29065_Sample_329_28800_25.0.mp4,28
Person_1,happy,MYS_G000010_09042021_04_70_29119_29236_Sample_329_28800_25.0.mp4,69
Person_1,happy,MYS_G000010_09042021_04_71_29544_29818_Sample_329_28800_25.0.mp4,227
Person_1,happy,MYS_G000010_09042021_05_12_24463_24505_Sample_147_23880_25.0.mp4,15
Person_1,happy,MYS_G000010_09042021_05_13_25011_25153_Sample_147_23880_25.0.mp4,29
Person_1,happy,MYS_G000010_09042021_05_14_25153_25293_Sample_147_23880_25.0.mp4,27
Person_1,happy,MYS_G000010_09042021_05_15_25357_25542_Sample_147_23880_25.0.mp4,55
Person_1,happy,MYS_G000010_09042021_05_16_26213_26252_Sample_147_23880_25.0.mp4,22
Person_1,happy,MYS_G000010_09042021_05_23_26580_27060_Sample_166_26580_25.0.mp4,240
Person_1,happy,MYS_G000010_09042021_05_24_2643_2722_Sample_17_2640_25.0.mp4,18
Person_1,happy,MYS_G000010_09042021_05_28_27211_27316_Sample_176_27180_25.0.mp4,56
Person_1,happy,MYS_G000010_09042021_05_29_27316_27462_Sample_176_27180_25.0.mp4,66
Person_1,happy,MYS_G000010_09042021_05_30_28448_28511_Sample_176_27180_25.0.mp4,36
Person_1,happy,MYS_G000010_09042021_05_31_28666_28811_Sample_176_27180_25.0.mp4,50
Person_1,happy,MYS_G000010_09042021_05_5_2421_2460_Sample_11_1860_25.0.mp4,25
Person_1,happy,MYS_G000010_09042021_05_61_6766_7054_Sample_38_6660_25.0.mp4,22
Person_1,happy,MYS_G000010_09042021_05_62_7142_7234_Sample_38_6660_25.0.mp4,67
Person_1,happy,MYS_G000010_09042021_05_63_7402_7653_Sample_38_6660_25.0.mp4,22
Person_1,happy,MYS_G000010_09042021_05_64_8038_8119_Sample_38_6660_25.0.mp4,30
Person_1,happy,MYS_G000010_09042021_05_65_8135_8233_Sample_38_6660_25.0.mp4,40
Person_1,happy,MYS_G000010_09042021_05_66_9003_9083_Sample_38_6660_25.0.mp4,19
Person_1,happy,MYS_G000010_09042021_05_6_20233_20279_Sample_111_20160_25.0.mp4,25
Person_1,happy,MYS_G000010_09042021_05_71_11782_11868_Sample_48_10920_25.0.mp4,32
Person_1,happy,MYS_G000010_09042021_05_72_12010_12109_Sample_55_11940_25.0.mp4,42
Person_1,happy,MYS_G000010_09042021_05_73_12145_12180_Sample_55_11940_25.0.mp4,31
Person_1,happy,MYS_G000010_09042021_05_76_13746_13826_Sample_68_13740_25.0.mp4,24
Person_1,happy,MYS_G000010_09042021_05_78_15573_15700_Sample_73_14400_25.0.mp4,44
Person_1,happy,MYS_G000010_09042021_05_79_15900_16128_Sample_73_14400_25.0.mp4,59
Person_1,happy,MYS_G000010_09042021_05_91_17520_17647_Sample_97_17520_25.0.mp4,25
Person_1,happy,MYS_G000010_09042021_05_92_18669_18982_Sample_99_17820_25.0.mp4,135
Person_1,happy,MYS_G000010_09072021_01_109_11018_11089_Sample_151_10980_25.0.mp4,25
Person_1,happy,MYS_G000010_09072021_01_11_95964_96069_Sample_1316_95640_25.0.mp4,24
Person_1,happy,MYS_G000010_09072021_01_12_96084_96124_Sample_1316_95640_25.0.mp4,14
Person_1,happy,MYS_G000010_09072021_01_13_87411_87452_Sample_1190_87300_25.0.mp4,17
Person_1,happy,MYS_G000010_09072021_01_141_14930_15180_Sample_205_14640_25.0.mp4,67
Person_1,happy,MYS_G000010_09072021_01_155_1860_1902_Sample_22_1860_25.0.mp4,8
Person_1,happy,MYS_G000010_09072021_01_164_2220_2280_Sample_24_2160_25.0.mp4,43
Person_1,happy,MYS_G000010_09072021_01_174_20580_20700_Sample_272_20580_25.0.mp4,60
Person_1,happy,MYS_G000010_09072021_01_1_94725_94799_Sample_1301_94620_25.0.mp4,11
Person_1,happy,MYS_G000010_09072021_01_206_24015_24056_Sample_318_23940_25.0.mp4,19
Person_1,happy,MYS_G000010_09072021_01_225_26339_26430_Sample_368_26040_25.0.mp4,39
Person_1,happy,MYS_G000010_09072021_01_25_9877_9922_Sample_136_9720_25.0.mp4,17
Person_1,happy,MYS_G000010_09072021_01_26_9922_9928_Sample_136_9720_25.0.mp4,1
Person_1,happy,MYS_G000010_09072021_01_27_10648_10680_Sample_136_9720_25.0.mp4,6
Person_1,happy,MYS_G000010_09072021_01_305_1523_1672_Sample_4_60_25.0.mp4,64
Person_1,happy,MYS_G000010_09072021_01_323_39137_39239_Sample_550_38160_25.0.mp4,59
Person_1,happy,MYS_G000010_09072021_01_324_39432_39567_Sample_550_38160_25.0.mp4,111
Person_1,happy,MYS_G000010_09072021_01_325_39567_39607_Sample_550_38160_25.0.mp4,15
Person_1,happy,MYS_G000010_09072021_01_327_39953_40055_Sample_550_38160_25.0.mp4,42
Person_1,happy,MYS_G000010_09072021_01_328_40056_40203_Sample_550_38160_25.0.mp4,74
Person_1,happy,MYS_G000010_09072021_01_348_40707_40811_Sample_586_40440_25.0.mp4,55
Person_1,happy,MYS_G000010_09072021_01_351_40940_41124_Sample_591_40920_25.0.mp4,58
Person_1,happy,MYS_G000010_09072021_01_373_44716_44902_Sample_646_44520_25.0.mp4,63
Person_1,happy,MYS_G000010_09072021_01_399_5416_5495_Sample_71_5400_25.0.mp4,34
Person_1,happy,MYS_G000010_09072021_01_3_95127_95260_Sample_1307_95100_25.0.mp4,15
Person_1,happy,MYS_G000010_09072021_01_400_5558_5580_Sample_71_5400_25.0.mp4,22
Person_1,happy,MYS_G000010_09072021_01_421_57360_57480_Sample_761_57360_25.0.mp4,60
Person_1,happy,MYS_G000010_09072021_01_422_57595_57660_Sample_769_57540_25.0.mp4,21
Person_1,happy,MYS_G000010_09072021_01_423_57833_57867_Sample_769_57540_25.0.mp4,20
Person_1,happy,MYS_G000010_09072021_01_434_58433_59166_Sample_776_57960_25.0.mp4,145
Person_1,happy,MYS_G000010_09072021_01_435_59593_60154_Sample_776_57960_25.0.mp4,164
Person_1,happy,MYS_G000010_09072021_01_436_60201_60627_Sample_776_57960_25.0.mp4,39
Person_1,happy,MYS_G000010_09072021_01_437_60585_60750_Sample_776_57960_25.0.mp4,62
Person_1,happy,MYS_G000010_09072021_01_438_60754_60960_Sample_776_57960_25.0.mp4,63
Person_1,happy,MYS_G000010_09072021_01_453_61073_61380_Sample_787_61020_25.0.mp4,91
Person_1,happy,MYS_G000010_09072021_01_461_61679_61695_Sample_792_61560_25.0.mp4,5
Person_1,happy,MYS_G000010_09072021_01_462_61767_62062_Sample_792_61560_25.0.mp4,141
Person_1,happy,MYS_G000010_09072021_01_467_62377_62713_Sample_794_62340_25.0.mp4,55
Person_1,happy,MYS_G000010_09072021_01_478_62966_63393_Sample_797_62880_25.0.mp4,87
Person_1,happy,MYS_G000010_09072021_01_479_63504_63637_Sample_797_62880_25.0.mp4,91
Person_1,happy,MYS_G000010_09072021_01_480_63939_64193_Sample_797_62880_25.0.mp4,87
Person_1,happy,MYS_G000010_09072021_01_4_88020_88140_Sample_1204_88020_25.0.mp4,60
Person_1,happy,MYS_G000010_09072021_01_94_86032_86089_Sample_1165_85800_25.0.mp4,22
Person_1,happy,MYS_G000010_09072021_01_95_86311_86364_Sample_1165_85800_25.0.mp4,19
Person_1,happy,MYS_G000010_09072021_01_96_86400_86520_Sample_1165_85800_25.0.mp4,79
Person_1,happy,MYS_G000010_12032021_01_32_33485_33577_Sample_190_33360_25.0.mp4,9
Person_1,happy,MYS_G000010_12032021_01_34_34085_34254_Sample_190_33360_25.0.mp4,83
Person_1,happy,MYS_G000010_12032021_01_47_41654_41711_Sample_229_41400_25.0.mp4,26
Person_1,happy,MYS_G000010_12032021_01_48_41794_41947_Sample_229_41400_25.0.mp4,42
Person_1,happy,MYS_G000010_12032021_01_49_42342_42360_Sample_229_41400_25.0.mp4,18
Person_1,happy,MYS_G000010_12032021_01_52_42481_42534_Sample_235_42480_25.0.mp4,16
Person_1,happy,MYS_G000010_12032021_01_73_8367_8504_Sample_59_8160_25.0.mp4,46
Person_1,happy,MYS_G000010_12032021_01_74_8736_8760_Sample_59_8160_25.0.mp4,12
Person_1,happy,MYS_G000010_12032021_01_84_12221_12394_Sample_84_12000_25.0.mp4,53
Person_1,happy,MYS_G000010_12032021_01_85_12489_12576_Sample_84_12000_25.0.mp4,62
Person_1,happy,MYS_G000010_12032021_01_86_12720_12945_Sample_86_12720_25.0.mp4,77
Person_1,happy,MYS_G000010_16042021_01_16_9873_9934_Sample_132_9840_25.0.mp4,32
Person_1,happy,MYS_G000010_16042021_01_37_11991_12068_Sample_158_11820_25.0.mp4,22
Person_1,happy,MYS_G000010_16042021_01_44_12780_12858_Sample_168_12780_25.0.mp4,21
Person_1,happy,MYS_G000010_16072021_01_117_38965_39031_Sample_417_36480_25.0.mp4,22
Person_1,happy,MYS_G000010_16072021_01_162_44028_44128_Sample_518_43980_25.0.mp4,30
Person_1,happy,MYS_G000010_16072021_01_234_53339_53400_Sample_652_53160_25.0.mp4,18
Person_1,happy,MYS_G000010_16072021_01_246_4213_4279_Sample_66_4140_25.0.mp4,12
Person_1,happy,MYS_G000010_16072021_01_31_20214_20280_Sample_218_20040_25.0.mp4,21
Person_1,happy,MYS_G000010_16072021_01_7_7698_7744_Sample_122_7680_25.0.mp4,22
Person_1,happy,MYS_G000010_16072021_02_102_141_216_Sample_3_0_25.0.mp4,30
Person_1,happy,MYS_G000010_16072021_02_104_39000_39297_Sample_407_38160_25.0.mp4,33
Person_1,happy,MYS_G000010_16072021_02_144_45626_45752_Sample_502_45360_25.0.mp4,86
Person_1,happy,MYS_G000010_16072021_02_148_45780_45809_Sample_512_45780_25.0.mp4,11
Person_1,happy,MYS_G000010_16072021_02_160_47851_47996_Sample_533_47160_25.0.mp4,43
Person_1,happy,MYS_G000010_16072021_02_163_48122_48197_Sample_536_48060_25.0.mp4,29
Person_1,happy,MYS_G000010_16072021_02_167_48308_48455_Sample_541_48300_25.0.mp4,75
Person_1,happy,MYS_G000010_16072021_02_17_21621_21699_Sample_161_21420_25.0.mp4,34
Person_1,happy,MYS_G000010_16072021_02_180_51600_51824_Sample_587_51600_25.0.mp4,135
Person_1,happy,MYS_G000010_16072021_02_208_55500_55620_Sample_690_55500_25.0.mp4,13
Person_1,happy,MYS_G000010_16072021_02_214_56172_56205_Sample_702_56160_25.0.mp4,9
Person_1,happy,MYS_G000010_16072021_02_32_26096_26192_Sample_202_26040_25.0.mp4,42
Person_1,happy,MYS_G000010_16072021_02_37_1235_1304_Sample_20_1080_25.0.mp4,24
Person_1,happy,MYS_G000010_16072021_02_54_1747_1842_Sample_26_1680_25.0.mp4,39
Person_1,happy,MYS_G000010_20082021_01_182_46379_46435_Sample_561_46260_25.0.mp4,40
Person_1,happy,MYS_G000010_20082021_01_26_9039_9163_Sample_159_8640_25.0.mp4,34
Person_1,happy,MYS_G000010_20082021_01_27_9192_9296_Sample_159_8640_25.0.mp4,47
Person_1,happy,MYS_G000010_20082021_01_29_9540_9645_Sample_159_8640_25.0.mp4,42
Person_1,happy,MYS_G000010_20082021_01_30_9668_9689_Sample_159_8640_25.0.mp4,11
Person_1,happy,MYS_G000010_20082021_01_31_9689_9769_Sample_159_8640_25.0.mp4,20
Person_1,happy,MYS_G000010_20082021_01_32_9767_9829_Sample_159_8640_25.0.mp4,16
Person_1,happy,MYS_G000010_20082021_01_33_9976_10044_Sample_159_8640_25.0.mp4,33
Person_1,happy,MYS_G000010_20082021_01_37_9241_9296_Sample_170_9240_25.0.mp4,3
Person_1,happy,MYS_G000010_20082021_01_39_9543_9648_Sample_170_9240_25.0.mp4,41
Person_1,happy,MYS_G000010_20082021_01_40_9668_9711_Sample_170_9240_25.0.mp4,16
Person_1,happy,MYS_G000010_20082021_01_41_9761_9818_Sample_170_9240_25.0.mp4,18
Person_1,happy,MYS_G000010_20082021_01_4_5983_6051_Sample_103_5940_25.0.mp4,36
Person_1,happy,MYS_G000010_20082021_01_57_11196_11214_Sample_202_11100_25.0.mp4,7
Person_1,happy,MYS_G000010_20082021_01_59_11720_11771_Sample_202_11100_25.0.mp4,25
Person_1,happy,MYS_G000010_20082021_01_60_11777_11889_Sample_202_11100_25.0.mp4,26
Person_1,happy,MYS_G000010_20082021_01_64_12062_12101_Sample_217_12060_25.0.mp4,17
Person_1,happy,MYS_G000010_20082021_01_65_12549_12585_Sample_217_12060_25.0.mp4,13
Person_1,happy,MYS_G000010_20082021_01_66_12441_12546_Sample_217_12060_25.0.mp4,34
Person_1,happy,MYS_G000010_20082021_01_72_14488_14520_Sample_250_13740_25.0.mp4,17
Person_1,happy,MYS_G000010_20082021_01_96_18189_18296_Sample_323_18180_25.0.mp4,29
Person_1,happy,MYS_G000010_20082021_02_26_22860_22944_Sample_162_22860_25.0.mp4,32
Person_1,happy,MYS_G000010_20082021_02_29_25025_25140_Sample_176_24300_25.0.mp4,43
Person_1,happy,MYS_G000010_20082021_02_32_26538_26772_Sample_184_25620_25.0.mp4,25
Person_1,happy,MYS_G000010_20082021_02_37_27420_27474_Sample_200_27420_25.0.mp4,6
Person_1,happy,MYS_G000010_20082021_02_56_40133_40284_Sample_277_36840_25.0.mp4,85
Person_1,happy,MYS_G000010_20082021_02_66_3720_3800_Sample_29_3720_25.0.mp4,23
Person_1,happy,MYS_G000010_20082021_02_72_43234_43320_Sample_313_43080_25.0.mp4,20
Person_1,happy,MYS_G000010_20082021_02_77_44115_44280_Sample_325_44100_25.0.mp4,14
Person_1,happy,MYS_G000010_20082021_02_86_355_417_Sample_4_240_25.0.mp4,20
Person_1,happy,MYS_G000010_20082021_02_88_7440_7554_Sample_56_7440_25.0.mp4,32
Person_1,happy,MYS_G000010_20082021_02_93_8940_9112_Sample_67_8940_25.0.mp4,74
Person_1,happy,MYS_G000010_20082021_03_17_4628_4707_Sample_38_4620_25.0.mp4,15
Person_1,happy,MYS_G000010_20082021_03_38_9830_9898_Sample_79_9300_25.0.mp4,30
Person_1,happy,MYS_G000010_21052021_01_102_3266_3360_Sample_45_3240_25.0.mp4,16
Person_1,happy,MYS_G000010_21052021_01_109_3805_3864_Sample_48_3660_25.0.mp4,29
Person_1,happy,MYS_G000010_21052021_01_110_4021_4068_Sample_49_4020_25.0.mp4,13
Person_1,happy,MYS_G000010_21052021_01_114_41213_41293_Sample_507_41040_25.0.mp4,22
Person_1,happy,MYS_G000010_21052021_01_123_46258_46320_Sample_546_45900_25.0.mp4,28
Person_1,happy,MYS_G000010_21052021_01_12_11897_12000_Sample_135_11700_25.0.mp4,44
Person_1,happy,MYS_G000010_21052021_01_137_48021_48070_Sample_569_47880_25.0.mp4,21
Person_1,happy,MYS_G000010_21052021_01_144_49269_49352_Sample_583_49200_25.0.mp4,21
Person_1,happy,MYS_G000010_21052021_01_147_49560_49605_Sample_591_49560_25.0.mp4,19
Person_1,happy,MYS_G000010_21052021_01_157_51000_51114_Sample_617_51000_25.0.mp4,12
Person_1,happy,MYS_G000010_21052021_01_18_12868_12971_Sample_147_12600_25.0.mp4,23
Person_1,happy,MYS_G000010_21052021_01_22_14322_14431_Sample_162_14280_25.0.mp4,43
Person_1,happy,MYS_G000010_21052021_01_50_20774_20817_Sample_264_20640_25.0.mp4,36
Person_1,happy,MYS_G000010_21052021_01_57_22329_22380_Sample_288_22260_25.0.mp4,24
Person_1,happy,MYS_G000010_21052021_02_101_27802_27881_Sample_381_27660_25.0.mp4,37
Person_1,happy,MYS_G000010_21052021_02_10_69276_69427_Sample_1039_69180_25.0.mp4,49
Person_1,happy,MYS_G000010_21052021_02_125_32572_32640_Sample_467_32520_25.0.mp4,40
Person_1,happy,MYS_G000010_21052021_02_136_4282_4320_Sample_53_3540_25.0.mp4,26
Person_1,happy,MYS_G000010_21052021_02_147_4380_4488_Sample_65_4380_25.0.mp4,37
Person_1,happy,MYS_G000010_21052021_02_148_4707_5011_Sample_65_4380_25.0.mp4,55
Person_1,happy,MYS_G000010_21052021_02_155_47120_47183_Sample_673_47100_25.0.mp4,27
Person_1,happy,MYS_G000010_21052021_02_158_47820_48000_Sample_687_47820_25.0.mp4,90
Person_1,happy,MYS_G000010_21052021_02_173_5160_5180_Sample_74_5160_25.0.mp4,6
Person_1,happy,MYS_G000010_21052021_02_175_5453_5520_Sample_74_5160_25.0.mp4,24
Person_1,happy,MYS_G000010_21052021_02_181_51420_51626_Sample_746_51420_25.0.mp4,46
Person_1,happy,MYS_G000010_21052021_02_20_69960_70080_Sample_1052_69960_25.0.mp4,60
Person_1,happy,MYS_G000010_21052021_02_21_70717_70820_Sample_1055_70140_25.0.mp4,42
Person_1,happy,MYS_G000010_21052021_02_224_65164_65333_Sample_975_65160_25.0.mp4,26
Person_1,happy,MYS_G000010_21052021_02_22_70879_70955_Sample_1055_70140_25.0.mp4,33
Person_1,happy,MYS_G000010_21052021_02_4_68520_68640_Sample_1027_68520_25.0.mp4,60
Person_1,happy,MYS_G000010_21052021_02_64_18561_18622_Sample_223_17700_25.0.mp4,30
Person_1,happy,MYS_G000010_21052021_02_73_20078_20191_Sample_255_20040_25.0.mp4,67
Person_1,happy,MYS_G000010_21052021_02_74_20279_20303_Sample_255_20040_25.0.mp4,7
Person_1,happy,MYS_G000010_21052021_02_75_20107_20174_Sample_257_20100_25.0.mp4,24
Person_1,happy,MYS_G000010_21052021_02_79_20655_20677_Sample_264_20460_25.0.mp4,10
Person_1,happy,MYS_G000010_21052021_02_80_20613_20694_Sample_264_20460_25.0.mp4,28
Person_1,happy,MYS_G000010_23042021_01_103_30660_30721_Sample_399_30660_25.0.mp4,16
Person_1,happy,MYS_G000010_23042021_01_104_30727_30803_Sample_399_30660_25.0.mp4,27
Person_1,happy,MYS_G000010_23042021_01_137_39445_39600_Sample_524_38880_25.0.mp4,40
Person_1,happy,MYS_G000010_23042021_01_151_40597_40696_Sample_554_40560_25.0.mp4,61
Person_1,happy,MYS_G000010_23042021_01_174_45438_45583_Sample_642_45420_25.0.mp4,32
Person_1,happy,MYS_G000010_23042021_01_190_48031_48138_Sample_681_47460_25.0.mp4,36
Person_1,happy,MYS_G000010_23042021_01_198_48740_48960_Sample_698_48660_25.0.mp4,66
Person_1,happy,MYS_G000010_23042021_01_28_10155_10248_Sample_158_10140_25.0.mp4,28
Person_1,happy,MYS_G000010_23042021_02_21_9685_9752_Sample_150_9660_25.0.mp4,11
Person_1,happy,MYS_G000010_23042021_03_18_10620_10657_Sample_194_10620_25.0.mp4,22
Person_1,happy,MYS_G000010_23042021_03_56_18519_18540_Sample_327_18300_25.0.mp4,7
Person_1,happy,MYS_G000010_23072021_01_10_15673_15700_Sample_112_15300_25.0.mp4,9
Person_1,happy,MYS_G000010_23072021_01_116_28740_28843_Sample_230_28740_25.0.mp4,44
Person_1,happy,MYS_G000010_23072021_01_117_28951_28993_Sample_233_28920_25.0.mp4,11
Person_1,happy,MYS_G000010_23072021_01_118_29008_29040_Sample_233_28920_25.0.mp4,22
Person_1,happy,MYS_G000010_23072021_01_119_29100_29220_Sample_235_29100_25.0.mp4,60
Person_1,happy,MYS_G000010_23072021_01_11_15737_15784_Sample_112_15300_25.0.mp4,11
Person_1,happy,MYS_G000010_23072021_01_120_29280_29348_Sample_237_29280_25.0.mp4,17
Person_1,happy,MYS_G000010_23072021_01_129_30187_30249_Sample_241_30000_25.0.mp4,52
Person_1,happy,MYS_G000010_23072021_01_12_15925_16023_Sample_112_15300_25.0.mp4,23
Person_1,happy,MYS_G000010_23072021_01_191_11111_11168_Sample_77_11100_25.0.mp4,23
Person_1,happy,MYS_G000010_23072021_01_56_23940_24120_Sample_166_23940_25.0.mp4,90
Person_1,happy,MYS_G000010_27082021_01_146_32441_32524_Sample_347_32160_25.0.mp4,23
Person_1,happy,MYS_G000010_27082021_01_154_36232_36294_Sample_389_36060_25.0.mp4,43
Person_1,happy,MYS_G000010_27082021_01_156_37080_37159_Sample_399_36900_25.0.mp4,17
Person_1,happy,MYS_G000010_27082021_01_1_90_155_Sample_0_0_25.0.mp4,8
Person_1,happy,MYS_G000010_27082021_01_215_63023_63060_Sample_649_62820_25.0.mp4,25
Person_1,happy,MYS_G000010_27082021_01_222_64274_64381_Sample_659_63720_25.0.mp4,26
Person_1,happy,MYS_G000010_27082021_01_231_70673_70800_Sample_726_70080_25.0.mp4,51
Person_1,happy,MYS_G000010_27082021_01_234_71040_71117_Sample_733_70920_25.0.mp4,38
Person_1,happy,MYS_G000010_27082021_01_254_82664_82761_Sample_864_82440_25.0.mp4,26
Person_1,happy,MYS_G000010_27082021_01_258_85227_85271_Sample_887_85200_25.0.mp4,20
Person_1,happy,MYS_G000010_27082021_01_260_85699_85740_Sample_894_85560_25.0.mp4,27
Person_1,happy,MYS_G000010_27082021_01_266_86340_86403_Sample_907_86340_25.0.mp4,9
Person_1,happy,MYS_G000010_27082021_01_35_104340_104448_Sample_1103_104340_25.0.mp4,18
Person_1,happy,MYS_G000010_27082021_01_37_104562_104668_Sample_1105_104520_25.0.mp4,42
Person_1,happy,MYS_G000010_27082021_01_43_107851_107879_Sample_1138_106860_25.0.mp4,28
Person_1,happy,MYS_G000010_27082021_01_51_109625_109661_Sample_1165_109560_25.0.mp4,11
Person_1,happy,MYS_G000010_27082021_01_5_96878_96959_Sample_1010_96660_25.0.mp4,5
Person_1,happy,MYS_G000010_27082021_01_90_16877_16969_Sample_171_16860_25.0.mp4,32
Person_1,happy,MYS_G000010_30042021_01_412_169113_169140_Sample_2831_169020_25.0.mp4,13
Person_1,happy,MYS_G000011_05022021_03_19_12312_12353_Sample_152_12240_25.0.mp4,9
Person_1,happy,MYS_G000011_05022021_03_26_47435_47607_Sample_598_47340_25.0.mp4,68
Person_1,happy,MYS_G000011_05022021_03_34_48241_48309_Sample_610_48240_25.0.mp4,44
Person_1,happy,MYS_G000011_05022021_03_39_48840_49200_Sample_616_48840_25.0.mp4,180
Person_1,happy,MYS_G000011_05022021_03_53_50816_50880_Sample_643_50400_25.0.mp4,43
Person_1,happy,MYS_G000011_05022021_03_55_20286_20351_Sample_237_20220_25.0.mp4,46
Person_1,happy,MYS_G000011_05022021_03_6_35649_35709_Sample_437_34620_25.0.mp4,15
Person_1,happy,MYS_G000011_05022021_03_83_6860_6949_Sample_85_6840_25.0.mp4,15
Person_1,happy,MYS_G000011_05022021_03_84_6970_7016_Sample_85_6840_25.0.mp4,22
Person_1,happy,MYS_G000011_05022021_03_86_7112_7275_Sample_85_6840_25.0.mp4,21
Person_1,happy,MYS_G000011_05022021_03_87_7272_7320_Sample_85_6840_25.0.mp4,17
Person_1,happy,MYS_G000011_05022021_03_8_3897_3946_Sample_43_2880_25.0.mp4,9
Person_1,happy,MYS_G000011_05022021_04_15_29679_29758_Sample_326_29640_25.0.mp4,24
Person_1,happy,MYS_G000011_05022021_04_26_33394_33497_Sample_349_32520_25.0.mp4,31
Person_1,happy,MYS_G000011_05022021_04_27_33503_33649_Sample_349_32520_25.0.mp4,19
Person_1,happy,MYS_G000011_05022021_04_27_46582_46715_Sample_518_46380_25.0.mp4,30
Person_1,happy,MYS_G000011_05022021_04_30_18318_18397_Sample_180_17640_25.0.mp4,45
Person_1,happy,MYS_G000011_05022021_04_40_3076_3171_Sample_21_2580_25.0.mp4,14
Person_1,happy,MYS_G000011_05022021_04_41_21836_21896_Sample_221_21600_25.0.mp4,22
Person_1,happy,MYS_G000011_05022021_04_47_23314_23375_Sample_239_23160_25.0.mp4,31
Person_1,happy,MYS_G000011_05022021_04_53_23826_23880_Sample_248_23760_25.0.mp4,21
Person_1,happy,MYS_G000011_15022021_01_10_224_240_Sample_46.mp4,10
Person_1,happy,MYS_G000011_15022021_01_15_3_46_Sample_50.mp4,14
Person_1,happy,MYS_G000011_15022021_01_16_141_244_Sample_50.mp4,26
Person_1,happy,MYS_G000011_15022021_01_1_290_360_Sample_103.mp4,22
Person_1,happy,MYS_G000011_15022021_01_27_132_163_Sample_134.mp4,16
Person_1,happy,MYS_G000011_15022021_01_31_0_120_Sample_90.mp4,60
Person_1,happy,MYS_G000011_15022021_01_34_145_169_Sample_95.mp4,7
Person_1,happy,MYS_G000011_15022021_01_71_1368_1448_Sample_255.mp4,21
Person_1,happy,MYS_G000011_15022021_01_82_1_36_Sample_286.mp4,11
Person_1,happy,MYS_G000011_15022021_01_8_92_167_Sample_42.mp4,14
Person_1,happy,MYS_G000011_15022021_02_16_367_480_Sample_171.mp4,25
Person_1,happy,MYS_G000011_15022021_02_22_1_180_Sample_179.mp4,62
Person_1,happy,MYS_G000011_15022021_02_24_97_187_Sample_404.mp4,37
Person_1,happy,MYS_G000011_15022021_02_26_1_18_Sample_187.mp4,2
Person_1,happy,MYS_G000011_15022021_02_27_16_55_Sample_409.mp4,15
Person_1,happy,MYS_G000011_15022021_02_31_219_254_Sample_416.mp4,18
Person_1,happy,MYS_G000011_15022021_02_32_182_206_Sample_199.mp4,7
Person_1,happy,MYS_G000011_15022021_02_45_415_457_Sample_456.mp4,8
Person_1,happy,MYS_G000011_15022021_02_45_75_120_Sample_240.mp4,29
Person_1,happy,MYS_G000011_15022021_02_46_33_166_Sample_241.mp4,71
Person_1,happy,MYS_G000011_15022021_02_48_53_120_Sample_251.mp4,24
Person_1,happy,MYS_G000011_15022021_02_4_739_892_Sample_124.mp4,25
Person_1,happy,MYS_G000011_15022021_02_52_303_364_Sample_26.mp4,27
Person_1,happy,MYS_G000011_15022021_02_63_265_327_Sample_523.mp4,9
Person_1,happy,MYS_G000011_15022021_02_69_1_105_Sample_33.mp4,12
Person_1,happy,MYS_G000011_15022021_02_79_101_110_Sample_89.mp4,4
Person_1,happy,MYS_G000011_15022021_03_104_10_32_Sample_7.mp4,7
Person_1,happy,MYS_G000011_15022021_03_105_435_610_Sample_7.mp4,25
Person_1,happy,MYS_G000011_15022021_03_109_1_128_Sample_74.mp4,14
Person_1,happy,MYS_G000011_15022021_03_114_0_89_Sample_368.mp4,44
Person_1,happy,MYS_G000011_15022021_03_115_163_240_Sample_368.mp4,58
Person_1,happy,MYS_G000011_15022021_03_116_361_509_Sample_92.mp4,15
Person_1,happy,MYS_G000011_15022021_03_30_6_111_Sample_419.mp4,62
Person_1,happy,MYS_G000011_15022021_03_31_572_600_Sample_419.mp4,21
Person_1,happy,MYS_G000011_15022021_03_36_49_96_Sample_431.mp4,10
Person_1,happy,MYS_G000011_15022021_03_39_264_420_Sample_439.mp4,79
Person_1,happy,MYS_G000011_15022021_03_43_0_82_Sample_449.mp4,45
Person_1,happy,MYS_G000011_15022021_03_62_0_116_Sample_486.mp4,12
Person_1,happy,MYS_G000011_15022021_03_64_3_68_Sample_24.mp4,5
Person_1,happy,MYS_G000011_15022021_03_68_0_180_Sample_251.mp4,51
Person_1,happy,MYS_G000011_15022021_03_72_10_61_Sample_497.mp4,22
Person_1,happy,MYS_G000011_15022021_03_81_23_98_Sample_29.mp4,63
Person_1,happy,MYS_G000011_15022021_03_89_472_510_Sample_535.mp4,8
Person_1,happy,MYS_G000011_15022021_04_16_883_946_Sample_135.mp4,27
Person_1,happy,MYS_G000011_15022021_04_22_307_364_Sample_25.mp4,19
Person_1,happy,MYS_G000011_15022021_04_32_91_217_Sample_76.mp4,72
Person_1,happy,MYS_G000011_22012021_02_107_37369_37403_Sample_402_37260_25.0.mp4,17
Person_1,happy,MYS_G000011_22012021_02_2_38928_39000_Sample_424_38880_25.0.mp4,55
Person_10,happy,MYS_G000029_26032021_01_24_31883_32018_Sample_181_31740_25.0.mp4,71
Person_10,happy,MYS_G000029_26032021_01_25_33400_33480_Sample_188_32880_25.0.mp4,36
Person_10,happy,MYS_G000029_26032021_01_3_17661_17704_Sample_105_17640_25.0.mp4,14
Person_11,happy,MYS_G000010_05032021_02_68_42888_42919_Sample_295_42780_25.0.mp4,20
Person_11,happy,MYS_G000011_15022021_03_42_37_311_Sample_447.mp4,7
Person_11,happy,MYS_G000011_15022021_03_61_0_120_Sample_485.mp4,8
Person_115,happy,MYS_G000120_01052021_101_115299_115377_Sample_735_115260_25.0.mp4,15
Person_115,happy,MYS_G000120_01052021_103_22289_22409_Sample_138_21540_25.0.mp4,42
Person_115,happy,MYS_G000120_01052021_104_23864_24283_Sample_138_21540_25.0.mp4,171
Person_115,happy,MYS_G000120_01052021_105_24339_24971_Sample_138_21540_25.0.mp4,86
Person_115,happy,MYS_G000120_01052021_105_33052_33405_Sample_217_33000_25.0.mp4,41
Person_115,happy,MYS_G000120_01052021_106_25396_26241_Sample_138_21540_25.0.mp4,737
Person_115,happy,MYS_G000120_01052021_106_33635_33943_Sample_217_33000_25.0.mp4,67
Person_115,happy,MYS_G000120_01052021_107_29222_29438_Sample_138_21540_25.0.mp4,48
Person_115,happy,MYS_G000120_01052021_107_35039_35137_Sample_217_33000_25.0.mp4,42
Person_115,happy,MYS_G000120_01052021_109_116032_116110_Sample_744_115980_25.0.mp4,35
Person_115,happy,MYS_G000120_01052021_10_160608_160937_Sample_1035_159660_25.0.mp4,208
Person_115,happy,MYS_G000120_01052021_10_177449_177715_Sample_1136_176640_25.0.mp4,20
Person_115,happy,MYS_G000120_01052021_10_91255_91319_Sample_579_91140_25.0.mp4,40
Person_115,happy,MYS_G000120_01052021_110_116151_116281_Sample_744_115980_25.0.mp4,55
Person_115,happy,MYS_G000120_01052021_116_36131_36499_Sample_233_35520_25.0.mp4,49
Person_115,happy,MYS_G000120_01052021_117_36535_36690_Sample_233_35520_25.0.mp4,69
Person_115,happy,MYS_G000120_01052021_118_120290_120420_Sample_775_120060_25.0.mp4,64
Person_115,happy,MYS_G000120_01052021_11_160968_161110_Sample_1035_159660_25.0.mp4,69
Person_115,happy,MYS_G000120_01052021_11_177715_177782_Sample_1136_176640_25.0.mp4,23
Person_115,happy,MYS_G000120_01052021_121_172200_172271_Sample_1116_172200_25.0.mp4,21
Person_115,happy,MYS_G000120_01052021_122_172522_172759_Sample_1116_172200_25.0.mp4,20
Person_115,happy,MYS_G000120_01052021_123_172802_172927_Sample_1116_172200_25.0.mp4,38
Person_115,happy,MYS_G000120_01052021_124_173084_173329_Sample_1116_172200_25.0.mp4,53
Person_115,happy,MYS_G000120_01052021_125_173350_173441_Sample_1116_172200_25.0.mp4,76
Person_115,happy,MYS_G000120_01052021_127_173590_173638_Sample_1121_173520_25.0.mp4,22
Person_115,happy,MYS_G000120_01052021_128_173638_173762_Sample_1121_173520_25.0.mp4,35
Person_115,happy,MYS_G000120_01052021_12_161376_161646_Sample_1035_159660_25.0.mp4,47
Person_115,happy,MYS_G000120_01052021_12_178243_178330_Sample_1136_176640_25.0.mp4,24
Person_115,happy,MYS_G000120_01052021_12_84231_84290_Sample_554_84180_25.0.mp4,16
Person_115,happy,MYS_G000120_01052021_130_173893_174006_Sample_1121_173520_25.0.mp4,33
Person_115,happy,MYS_G000120_01052021_131_173994_174085_Sample_1121_173520_25.0.mp4,52
Person_115,happy,MYS_G000120_01052021_132_174079_174295_Sample_1121_173520_25.0.mp4,34
Person_115,happy,MYS_G000120_01052021_133_174349_174486_Sample_1121_173520_25.0.mp4,53
Person_115,happy,MYS_G000120_01052021_134_174510_174607_Sample_1121_173520_25.0.mp4,59
Person_115,happy,MYS_G000120_01052021_135_174639_174847_Sample_1121_173520_25.0.mp4,65
Person_115,happy,MYS_G000120_01052021_136_130522_130554_Sample_838_129180_25.0.mp4,8
Person_115,happy,MYS_G000120_01052021_137_131165_131438_Sample_838_129180_25.0.mp4,59
Person_115,happy,MYS_G000120_01052021_137_176276_176414_Sample_1121_173520_25.0.mp4,25
Person_115,happy,MYS_G000120_01052021_138_131472_131580_Sample_838_129180_25.0.mp4,29
Person_115,happy,MYS_G000120_01052021_138_176416_176586_Sample_1121_173520_25.0.mp4,62
Person_115,happy,MYS_G000120_01052021_139_176612_176640_Sample_1121_173520_25.0.mp4,20
Person_115,happy,MYS_G000120_01052021_13_161736_162009_Sample_1035_159660_25.0.mp4,48
Person_115,happy,MYS_G000120_01052021_13_178409_178618_Sample_1136_176640_25.0.mp4,27
Person_115,happy,MYS_G000120_01052021_13_85465_85628_Sample_554_84180_25.0.mp4,57
Person_115,happy,MYS_G000120_01052021_148_40260_40397_Sample_268_40260_25.0.mp4,44
Person_115,happy,MYS_G000120_01052021_14_162144_162384_Sample_1035_159660_25.0.mp4,106
Person_115,happy,MYS_G000120_01052021_14_178618_178766_Sample_1136_176640_25.0.mp4,30
Person_115,happy,MYS_G000120_01052021_14_85651_85870_Sample_554_84180_25.0.mp4,157
Person_115,happy,MYS_G000120_01052021_157_41607_41704_Sample_277_41580_25.0.mp4,19
Person_115,happy,MYS_G000120_01052021_15_178874_178920_Sample_1136_176640_25.0.mp4,24
Person_115,happy,MYS_G000120_01052021_15_86565_86786_Sample_554_84180_25.0.mp4,103
Person_115,happy,MYS_G000120_01052021_16_179281_179447_Sample_1136_176640_25.0.mp4,22
Person_115,happy,MYS_G000120_01052021_16_87865_88201_Sample_554_84180_25.0.mp4,118
Person_115,happy,MYS_G000120_01052021_174_142946_143016_Sample_929_142920_25.0.mp4,33
Person_115,happy,MYS_G000120_01052021_175_143121_143238_Sample_929_142920_25.0.mp4,13
Person_115,happy,MYS_G000120_01052021_176_143786_143867_Sample_929_142920_25.0.mp4,61
Person_115,happy,MYS_G000120_01052021_176_45958_46089_Sample_299_45780_25.0.mp4,66
Person_115,happy,MYS_G000120_01052021_177_144911_144987_Sample_929_142920_25.0.mp4,44
Person_115,happy,MYS_G000120_01052021_177_46625_46827_Sample_299_45780_25.0.mp4,73
Person_115,happy,MYS_G000120_01052021_178_145300_145566_Sample_929_142920_25.0.mp4,51
Person_115,happy,MYS_G000120_01052021_178_48663_48778_Sample_299_45780_25.0.mp4,37
Person_115,happy,MYS_G000120_01052021_179_145571_145741_Sample_929_142920_25.0.mp4,32
Person_115,happy,MYS_G000120_01052021_179_48747_48954_Sample_299_45780_25.0.mp4,77
Person_115,happy,MYS_G000120_01052021_17_88322_88594_Sample_554_84180_25.0.mp4,77
Person_115,happy,MYS_G000120_01052021_18_179839_179930_Sample_1136_176640_25.0.mp4,24
Person_115,happy,MYS_G000120_01052021_18_88903_88980_Sample_554_84180_25.0.mp4,33
Person_115,happy,MYS_G000120_01052021_1_173548_173748_Sample_1121_173520_25.0.mp4,67
Person_115,happy,MYS_G000120_01052021_209_152609_152796_Sample_982_152580_25.0.mp4,99
Person_115,happy,MYS_G000120_01052021_20_181003_181105_Sample_1136_176640_25.0.mp4,54
Person_115,happy,MYS_G000120_01052021_210_153011_153150_Sample_982_152580_25.0.mp4,61
Person_115,happy,MYS_G000120_01052021_21_186696_186773_Sample_1136_176640_25.0.mp4,38
Person_115,happy,MYS_G000120_01052021_22_186963_187115_Sample_1136_176640_25.0.mp4,24
Person_115,happy,MYS_G000120_01052021_23_187124_187172_Sample_1136_176640_25.0.mp4,20
Person_115,happy,MYS_G000120_01052021_24_187198_187256_Sample_1136_176640_25.0.mp4,30
Person_115,happy,MYS_G000120_01052021_24_87909_88189_Sample_565_87060_25.0.mp4,77
Person_115,happy,MYS_G000120_01052021_25_187280_187426_Sample_1136_176640_25.0.mp4,19
Person_115,happy,MYS_G000120_01052021_25_88269_88668_Sample_565_87060_25.0.mp4,123
Person_115,happy,MYS_G000120_01052021_26_88737_89048_Sample_565_87060_25.0.mp4,197
Person_115,happy,MYS_G000120_01052021_27_90099_90344_Sample_565_87060_25.0.mp4,142
Person_115,happy,MYS_G000120_01052021_28_68832_68930_Sample_458_68100_25.0.mp4,26
Person_115,happy,MYS_G000120_01052021_29_164114_164189_Sample_1070_164100_25.0.mp4,46
Person_115,happy,MYS_G000120_01052021_29_68912_68996_Sample_458_68100_25.0.mp4,31
Person_115,happy,MYS_G000120_01052021_2_173803_173868_Sample_1121_173520_25.0.mp4,39
Person_115,happy,MYS_G000120_01052021_2_92_187_Sample_1_0_25.0.mp4,39
Person_115,happy,MYS_G000120_01052021_35_50844_51195_Sample_340_50520_25.0.mp4,78
Person_115,happy,MYS_G000120_01052021_36_51362_51576_Sample_340_50520_25.0.mp4,110
Person_115,happy,MYS_G000120_01052021_37_51994_52119_Sample_340_50520_25.0.mp4,26
Person_115,happy,MYS_G000120_01052021_38_52205_52397_Sample_340_50520_25.0.mp4,102
Person_115,happy,MYS_G000120_01052021_39_52831_53148_Sample_340_50520_25.0.mp4,73
Person_115,happy,MYS_G000120_01052021_3_173879_173997_Sample_1121_173520_25.0.mp4,42
Person_115,happy,MYS_G000120_01052021_40_54588_54741_Sample_340_50520_25.0.mp4,20
Person_115,happy,MYS_G000120_01052021_41_104049_104174_Sample_660_103980_25.0.mp4,29
Person_115,happy,MYS_G000120_01052021_41_56289_56691_Sample_340_50520_25.0.mp4,154
Person_115,happy,MYS_G000120_01052021_42_104365_104693_Sample_660_103980_25.0.mp4,80
Person_115,happy,MYS_G000120_01052021_42_57196_57779_Sample_340_50520_25.0.mp4,221
Person_115,happy,MYS_G000120_01052021_43_104834_104986_Sample_660_103980_25.0.mp4,63
Person_115,happy,MYS_G000120_01052021_45_105326_105540_Sample_660_103980_25.0.mp4,103
Person_115,happy,MYS_G000120_01052021_46_104377_104453_Sample_664_104220_25.0.mp4,37
Person_115,happy,MYS_G000120_01052021_47_104538_104684_Sample_664_104220_25.0.mp4,68
Person_115,happy,MYS_G000120_01052021_48_104845_104990_Sample_664_104220_25.0.mp4,60
Person_115,happy,MYS_G000120_01052021_49_105035_105214_Sample_664_104220_25.0.mp4,84
Person_115,happy,MYS_G000120_01052021_4_173994_174082_Sample_1121_173520_25.0.mp4,31
Person_115,happy,MYS_G000120_01052021_50_105351_105706_Sample_664_104220_25.0.mp4,77
Person_115,happy,MYS_G000120_01052021_51_105757_105948_Sample_664_104220_25.0.mp4,126
Person_115,happy,MYS_G000120_01052021_52_106045_106298_Sample_664_104220_25.0.mp4,61
Person_115,happy,MYS_G000120_01052021_56_166576_166765_Sample_1084_166320_25.0.mp4,47
Person_115,happy,MYS_G000120_01052021_5_174076_174452_Sample_1121_173520_25.0.mp4,34
Person_115,happy,MYS_G000120_01052021_5_63101_63247_Sample_422_63000_25.0.mp4,47
Person_115,happy,MYS_G000120_01052021_63_189137_189252_Sample_1188_189060_25.0.mp4,60
Person_115,happy,MYS_G000120_01052021_66_167619_167966_Sample_1093_167400_25.0.mp4,18
Person_115,happy,MYS_G000120_01052021_66_190080_190373_Sample_1200_190080_25.0.mp4,160
Person_115,happy,MYS_G000120_01052021_66_73206_73243_Sample_487_73200_25.0.mp4,14
Person_115,happy,MYS_G000120_01052021_67_168323_168600_Sample_1093_167400_25.0.mp4,59
Person_115,happy,MYS_G000120_01052021_67_190819_190983_Sample_1200_190080_25.0.mp4,29
Person_115,happy,MYS_G000120_01052021_67_73258_73320_Sample_487_73200_25.0.mp4,28
Person_115,happy,MYS_G000120_01052021_68_191096_191191_Sample_1200_190080_25.0.mp4,24
Person_115,happy,MYS_G000120_01052021_68_73371_73521_Sample_491_73320_25.0.mp4,49
Person_115,happy,MYS_G000120_01052021_69_191402_191633_Sample_1200_190080_25.0.mp4,36
Person_115,happy,MYS_G000120_01052021_69_73547_73635_Sample_491_73320_25.0.mp4,40
Person_115,happy,MYS_G000120_01052021_6_174618_174855_Sample_1121_173520_25.0.mp4,87
Person_115,happy,MYS_G000120_01052021_6_176654_176983_Sample_1136_176640_25.0.mp4,15
Person_115,happy,MYS_G000120_01052021_70_191723_191831_Sample_1200_190080_25.0.mp4,60
Person_115,happy,MYS_G000120_01052021_70_74357_74513_Sample_491_73320_25.0.mp4,57
Person_115,happy,MYS_G000120_01052021_71_192326_192502_Sample_1200_190080_25.0.mp4,73
Person_115,happy,MYS_G000120_01052021_72_193841_193986_Sample_1200_190080_25.0.mp4,89
Person_115,happy,MYS_G000120_01052021_73_193969_194175_Sample_1200_190080_25.0.mp4,100
Person_115,happy,MYS_G000120_01052021_74_168610_168708_Sample_1098_168600_25.0.mp4,41
Person_115,happy,MYS_G000120_01052021_75_168919_169015_Sample_1099_168780_25.0.mp4,47
Person_115,happy,MYS_G000120_01052021_76_168998_169128_Sample_1099_168780_25.0.mp4,50
Person_115,happy,MYS_G000120_01052021_76_29700_29793_Sample_195_29700_25.0.mp4,13
Person_115,happy,MYS_G000120_01052021_76_58482_58773_Sample_390_57780_25.0.mp4,86
Person_115,happy,MYS_G000120_01052021_77_169107_169260_Sample_1099_168780_25.0.mp4,69
Person_115,happy,MYS_G000120_01052021_78_169028_169076_Sample_1100_169020_25.0.mp4,16
Person_115,happy,MYS_G000120_01052021_78_74820_75060_Sample_499_74820_25.0.mp4,221
Person_115,happy,MYS_G000120_01052021_79_169153_169260_Sample_1100_169020_25.0.mp4,32
Person_115,happy,MYS_G000120_01052021_79_60659_60998_Sample_396_59220_25.0.mp4,111
Person_115,happy,MYS_G000120_01052021_7_159127_159240_Sample_1026_159120_25.0.mp4,48
Person_115,happy,MYS_G000120_01052021_7_176447_176609_Sample_1121_173520_25.0.mp4,40
Person_115,happy,MYS_G000120_01052021_7_176897_177079_Sample_1136_176640_25.0.mp4,38
Person_115,happy,MYS_G000120_01052021_80_169336_169406_Sample_1100_169020_25.0.mp4,35
Person_115,happy,MYS_G000120_01052021_80_61832_62133_Sample_396_59220_25.0.mp4,61
Person_115,happy,MYS_G000120_01052021_81_62563_62940_Sample_396_59220_25.0.mp4,133
Person_115,happy,MYS_G000120_01052021_82_169639_169820_Sample_1104_169560_25.0.mp4,32
Person_115,happy,MYS_G000120_01052021_82_19690_19789_Sample_121_19020_25.0.mp4,44
Person_115,happy,MYS_G000120_01052021_83_170069_170177_Sample_1104_169560_25.0.mp4,35
Person_115,happy,MYS_G000120_01052021_84_170177_170340_Sample_1104_169560_25.0.mp4,22
Person_115,happy,MYS_G000120_01052021_85_76800_76884_Sample_510_76800_25.0.mp4,29
Person_115,happy,MYS_G000120_01052021_86_77130_77328_Sample_511_77040_25.0.mp4,47
Person_115,happy,MYS_G000120_01052021_8_160207_160279_Sample_1035_159660_25.0.mp4,15
Person_115,happy,MYS_G000120_01052021_8_177079_177147_Sample_1136_176640_25.0.mp4,32
Person_115,happy,MYS_G000120_01052021_90_170341_170462_Sample_1107_170340_25.0.mp4,31
Person_115,happy,MYS_G000120_01052021_90_31470_31559_Sample_207_31440_25.0.mp4,28
Person_115,happy,MYS_G000120_01052021_91_170637_170842_Sample_1107_170340_25.0.mp4,21
Person_115,happy,MYS_G000120_01052021_91_194734_194935_Sample_1222_194280_25.0.mp4,109
Person_115,happy,MYS_G000120_01052021_91_31565_31638_Sample_207_31440_25.0.mp4,48
Person_115,happy,MYS_G000120_01052021_92_170842_171231_Sample_1107_170340_25.0.mp4,142
Person_115,happy,MYS_G000120_01052021_93_171255_171420_Sample_1107_170340_25.0.mp4,39
Person_115,happy,MYS_G000120_01052021_94_171419_171591_Sample_1107_170340_25.0.mp4,52
Person_115,happy,MYS_G000120_01052021_94_195612_195655_Sample_1229_195600_25.0.mp4,25
Person_115,happy,MYS_G000120_01052021_95_171596_171937_Sample_1107_170340_25.0.mp4,57
Person_115,happy,MYS_G000120_01052021_95_195833_195929_Sample_1229_195600_25.0.mp4,42
Person_115,happy,MYS_G000120_01052021_96_172069_172140_Sample_1107_170340_25.0.mp4,36
Person_115,happy,MYS_G000120_01052021_96_196069_196320_Sample_1229_195600_25.0.mp4,115
Person_115,happy,MYS_G000120_01052021_98_114994_115043_Sample_732_114240_25.0.mp4,20
Person_115,happy,MYS_G000120_01052021_9_177171_177231_Sample_1136_176640_25.0.mp4,23
Person_115,happy,MYS_G000120_03072021_184_68639_68673_Sample_348_68220_25.0.mp4,14
Person_115,happy,MYS_G000120_03072021_186_69529_69638_Sample_348_68220_25.0.mp4,54
Person_115,happy,MYS_G000120_03072021_187_69818_69899_Sample_348_68220_25.0.mp4,25
Person_115,happy,MYS_G000120_03072021_188_69959_70063_Sample_348_68220_25.0.mp4,67
Person_115,happy,MYS_G000120_03072021_190_70717_70773_Sample_348_68220_25.0.mp4,16
Person_115,happy,MYS_G000120_03072021_191_70848_71029_Sample_348_68220_25.0.mp4,132
Person_115,happy,MYS_G000120_03072021_192_71039_71160_Sample_348_68220_25.0.mp4,85
Person_115,happy,MYS_G000120_03072021_195_5869_5910_Sample_35_5400_25.0.mp4,19
Person_115,happy,MYS_G000120_03072021_222_72723_72767_Sample_396_72720_25.0.mp4,7
Person_115,happy,MYS_G000120_03072021_224_72902_72922_Sample_396_72720_25.0.mp4,12
Person_115,happy,MYS_G000120_03072021_225_72935_73080_Sample_396_72720_25.0.mp4,116
Person_115,happy,MYS_G000120_03072021_236_283_391_Sample_3_240_25.0.mp4,17
Person_115,happy,MYS_G000120_03072021_237_557_615_Sample_3_240_25.0.mp4,23
Person_115,happy,MYS_G000120_03072021_239_73141_73213_Sample_402_73140_25.0.mp4,16
Person_115,happy,MYS_G000120_03072021_241_73350_73546_Sample_402_73140_25.0.mp4,105
Person_115,happy,MYS_G000120_03072021_302_10236_10335_Sample_72_10200_25.0.mp4,18
Person_115,happy,MYS_G000120_03072021_303_10688_10786_Sample_72_10200_25.0.mp4,30
Person_115,happy,MYS_G000120_03072021_305_12001_12053_Sample_72_10200_25.0.mp4,26
Person_115,happy,MYS_G000120_03072021_311_1140_1260_Sample_7_1140_25.0.mp4,60
Person_115,happy,MYS_G000120_03072021_59_3314_3545_Sample_18_3000_25.0.mp4,191
Person_115,happy,MYS_G000120_03072021_60_3540_3585_Sample_18_3000_25.0.mp4,13
Person_115,happy,MYS_G000120_09052021_2_57468_57616_Sample_405_56580_25.0.mp4,62
Person_115,happy,MYS_G000120_11072021_108_31389_31456_Sample_212_31080_25.0.mp4,47
Person_115,happy,MYS_G000120_11072021_113_32715_32770_Sample_224_32640_25.0.mp4,27
Person_115,happy,MYS_G000120_11072021_115_35221_35328_Sample_230_34500_25.0.mp4,45
Person_115,happy,MYS_G000120_11072021_138_290_418_Sample_2_60_25.0.mp4,89
Person_115,happy,MYS_G000120_11072021_149_4320_4391_Sample_31_4320_25.0.mp4,33
Person_115,happy,MYS_G000120_11072021_169_5469_5533_Sample_37_5040_25.0.mp4,25
Person_115,happy,MYS_G000120_11072021_17_132289_132339_Sample_1043_132000_25.0.mp4,19
Person_115,happy,MYS_G000120_11072021_187_6058_6108_Sample_41_6000_25.0.mp4,25
Person_115,happy,MYS_G000120_11072021_190_61085_61123_Sample_425_61020_25.0.mp4,18
Person_115,happy,MYS_G000120_11072021_20_133482_133541_Sample_1048_133440_25.0.mp4,19
Person_115,happy,MYS_G000120_11072021_213_68408_68483_Sample_479_67860_25.0.mp4,32
Person_115,happy,MYS_G000120_11072021_225_72980_73057_Sample_507_71340_25.0.mp4,15
Person_115,happy,MYS_G000120_11072021_22_133911_133981_Sample_1051_133680_25.0.mp4,32
Person_115,happy,MYS_G000120_11072021_235_75608_75665_Sample_545_75480_25.0.mp4,15
Person_115,happy,MYS_G000120_11072021_238_8416_8460_Sample_54_8160_25.0.mp4,17
Person_115,happy,MYS_G000120_11072021_244_11253_11310_Sample_70_10800_25.0.mp4,32
Person_115,happy,MYS_G000120_11072021_272_121626_121679_Sample_964_121620_25.0.mp4,22
Person_115,happy,MYS_G000120_11072021_273_123550_123666_Sample_965_121740_25.0.mp4,25
Person_115,happy,MYS_G000120_11072021_283_126378_126461_Sample_997_126180_25.0.mp4,29
Person_115,happy,MYS_G000120_11072021_28_136921_137010_Sample_1067_136380_25.0.mp4,29
Person_115,happy,MYS_G000120_11072021_33_137284_137340_Sample_1073_137220_25.0.mp4,16
Person_115,happy,MYS_G000120_11072021_42_140519_140626_Sample_1091_139680_25.0.mp4,19
Person_115,happy,MYS_G000120_11072021_45_141858_141987_Sample_1103_141660_25.0.mp4,81
Person_115,happy,MYS_G000120_11072021_47_143267_143356_Sample_1111_143160_25.0.mp4,29
Person_115,happy,MYS_G000120_11072021_48_144394_144443_Sample_1115_144360_25.0.mp4,31
Person_115,happy,MYS_G000120_11072021_4_127829_127874_Sample_1011_127560_25.0.mp4,14
Person_115,happy,MYS_G000120_11072021_54_16530_16570_Sample_112_16440_25.0.mp4,27
Person_115,happy,MYS_G000120_11072021_57_155728_155813_Sample_1178_152400_25.0.mp4,42
Person_115,happy,MYS_G000120_11072021_68_157727_157803_Sample_1201_157080_25.0.mp4,20
Person_115,happy,MYS_G000120_11072021_6_128944_129019_Sample_1017_128340_25.0.mp4,36
Person_115,happy,MYS_G000120_11072021_80_160503_160562_Sample_1231_160500_25.0.mp4,21
Person_115,happy,MYS_G000120_15052021_102_72385_72528_Sample_389_71700_25.0.mp4,62
Person_115,happy,MYS_G000120_15052021_107_74888_74951_Sample_408_74640_25.0.mp4,24
Person_115,happy,MYS_G000120_15052021_113_76885_76920_Sample_423_76800_25.0.mp4,16
Person_115,happy,MYS_G000120_15052021_114_78031_78106_Sample_434_77520_25.0.mp4,52
Person_115,happy,MYS_G000120_15052021_117_79671_79734_Sample_453_79380_25.0.mp4,45
Person_115,happy,MYS_G000120_15052021_120_80831_80896_Sample_459_80280_25.0.mp4,32
Person_115,happy,MYS_G000120_15052021_121_81397_81432_Sample_461_81360_25.0.mp4,13
Person_115,happy,MYS_G000120_15052021_125_84762_85022_Sample_468_83700_25.0.mp4,94
Person_115,happy,MYS_G000120_15052021_129_88611_88692_Sample_475_88440_25.0.mp4,23
Person_115,happy,MYS_G000120_15052021_130_90791_90851_Sample_480_89520_25.0.mp4,26
Person_115,happy,MYS_G000120_15052021_13_22747_22767_Sample_147_21780_25.0.mp4,7
Person_115,happy,MYS_G000120_15052021_19_25755_25829_Sample_171_24900_25.0.mp4,21
Person_115,happy,MYS_G000120_15052021_1_505_592_Sample_0_0_25.0.mp4,30
Person_115,happy,MYS_G000120_15052021_22_27849_27996_Sample_181_27480_25.0.mp4,124
Person_115,happy,MYS_G000120_15052021_27_30442_30490_Sample_192_30120_25.0.mp4,14
Person_115,happy,MYS_G000120_15052021_28_32313_32477_Sample_195_30660_25.0.mp4,33
Person_115,happy,MYS_G000120_15052021_2_15466_15545_Sample_111_14880_25.0.mp4,55
Person_115,happy,MYS_G000120_15052021_32_34616_34779_Sample_210_34320_25.0.mp4,26
Person_115,happy,MYS_G000120_15052021_36_36728_36786_Sample_222_36480_25.0.mp4,19
Person_115,happy,MYS_G000120_15052021_41_38340_38482_Sample_229_38340_25.0.mp4,61
Person_115,happy,MYS_G000120_15052021_44_39963_40039_Sample_235_39960_25.0.mp4,17
Person_115,happy,MYS_G000120_15052021_48_40792_40853_Sample_241_40740_25.0.mp4,20
Person_115,happy,MYS_G000120_15052021_54_43060_43153_Sample_250_42840_25.0.mp4,51
Person_115,happy,MYS_G000120_15052021_60_44489_44518_Sample_262_44460_25.0.mp4,15
Person_115,happy,MYS_G000120_15052021_66_3360_3423_Sample_26_3360_25.0.mp4,18
Person_115,happy,MYS_G000120_15052021_71_51130_51321_Sample_280_50880_25.0.mp4,62
Person_115,happy,MYS_G000120_15052021_82_4450_4522_Sample_32_4440_25.0.mp4,47
Person_115,happy,MYS_G000120_15052021_89_65608_65656_Sample_347_64800_25.0.mp4,25
Person_115,happy,MYS_G000120_15052021_94_67973_68078_Sample_360_67800_25.0.mp4,58
Person_115,happy,MYS_G000120_15052021_9_19057_19119_Sample_128_18180_25.0.mp4,23
Person_115,happy,MYS_G000120_24042021_100_82271_82314_Sample_414_81540_25.0.mp4,32
Person_115,happy,MYS_G000120_24042021_101_82873_82996_Sample_414_81540_25.0.mp4,37
Person_115,happy,MYS_G000120_24042021_112_83160_83364_Sample_419_83160_25.0.mp4,95
Person_115,happy,MYS_G000120_24042021_11_3208_3290_Sample_16_2460_25.0.mp4,34
Person_115,happy,MYS_G000120_24042021_150_96789_96910_Sample_489_96660_25.0.mp4,39
Person_115,happy,MYS_G000120_24042021_153_98427_98612_Sample_496_97980_25.0.mp4,67
Person_115,happy,MYS_G000120_24042021_154_98711_98920_Sample_496_97980_25.0.mp4,106
Person_115,happy,MYS_G000120_24042021_155_99135_99196_Sample_496_97980_25.0.mp4,26
Person_115,happy,MYS_G000120_24042021_156_99265_99341_Sample_496_97980_25.0.mp4,30
Person_115,happy,MYS_G000120_24042021_15_4392_4503_Sample_16_2460_25.0.mp4,38
Person_115,happy,MYS_G000120_24042021_16_4545_4628_Sample_16_2460_25.0.mp4,58
Person_115,happy,MYS_G000120_24042021_17_4906_5453_Sample_16_2460_25.0.mp4,162
Person_115,happy,MYS_G000120_24042021_188_125515_125606_Sample_584_125400_25.0.mp4,41
Person_115,happy,MYS_G000120_24042021_18_5465_5651_Sample_16_2460_25.0.mp4,24
Person_115,happy,MYS_G000120_24042021_190_125847_125880_Sample_584_125400_25.0.mp4,8
Person_115,happy,MYS_G000120_24042021_191_126029_126203_Sample_585_125880_25.0.mp4,40
Person_115,happy,MYS_G000120_24042021_192_126339_126528_Sample_585_125880_25.0.mp4,133
Person_115,happy,MYS_G000120_24042021_193_126591_126836_Sample_585_125880_25.0.mp4,74
Person_115,happy,MYS_G000120_24042021_194_126988_127154_Sample_585_125880_25.0.mp4,28
Person_115,happy,MYS_G000120_24042021_2_667_848_Sample_1_0_25.0.mp4,36
Person_115,happy,MYS_G000120_24042021_3_986_1046_Sample_1_0_25.0.mp4,36
Person_115,happy,MYS_G000120_24042021_5_1339_1380_Sample_1_0_25.0.mp4,18
Person_115,happy,MYS_G000120_24042021_6_2015_2068_Sample_1_0_25.0.mp4,21
Person_115,happy,MYS_G000120_24042021_70_77585_77794_Sample_389_77460_25.0.mp4,76
Person_115,happy,MYS_G000120_24042021_77_78871_78972_Sample_399_78720_25.0.mp4,23
Person_115,happy,MYS_G000120_24042021_81_79939_80099_Sample_399_78720_25.0.mp4,65
Person_115,happy,MYS_G000120_24042021_82_80875_81150_Sample_399_78720_25.0.mp4,33
Person_115,happy,MYS_G000120_24042021_98_81636_81713_Sample_414_81540_25.0.mp4,31
Person_115,happy,MYS_G000120_24042021_99_81997_82213_Sample_414_81540_25.0.mp4,48
Person_115,happy,MYS_G000120_24042021_9_2844_2977_Sample_16_2460_25.0.mp4,40
Person_115,happy,MYS_G000120_24072021_102_29044_29086_Sample_261_28380_25.0.mp4,25
Person_115,happy,MYS_G000120_24072021_106_100708_100737_Sample_630_100500_25.0.mp4,14
Person_115,happy,MYS_G000120_24072021_109_100893_100952_Sample_635_100860_25.0.mp4,14
Person_115,happy,MYS_G000120_24072021_10_12039_12095_Sample_112_12000_25.0.mp4,14
Person_115,happy,MYS_G000120_24072021_118_31339_31370_Sample_290_31320_25.0.mp4,15
Person_115,happy,MYS_G000120_24072021_124_3315_3350_Sample_30_3180_25.0.mp4,15
Person_115,happy,MYS_G000120_24072021_127_106080_106182_Sample_676_106080_25.0.mp4,19
Person_115,happy,MYS_G000120_24072021_131_107220_107257_Sample_686_107220_25.0.mp4,18
Person_115,happy,MYS_G000120_24072021_135_4185_4236_Sample_35_3600_25.0.mp4,25
Person_115,happy,MYS_G000120_24072021_150_10637_10674_Sample_95_10620_25.0.mp4,14
Person_115,happy,MYS_G000120_24072021_21_47951_48022_Sample_409_47160_25.0.mp4,51
Person_115,happy,MYS_G000120_24072021_24_14769_14804_Sample_134_14220_25.0.mp4,14
Person_115,happy,MYS_G000120_24072021_28_48300_48366_Sample_416_48300_25.0.mp4,29
Person_115,happy,MYS_G000120_24072021_29_16275_16314_Sample_142_16140_25.0.mp4,13
Person_115,happy,MYS_G000120_24072021_2_11220_11262_Sample_101_11220_25.0.mp4,21
Person_115,happy,MYS_G000120_24072021_35_49684_49740_Sample_427_49380_25.0.mp4,35
Person_115,happy,MYS_G000120_24072021_36_5555_5614_Sample_42_4920_25.0.mp4,29
Person_115,happy,MYS_G000120_24072021_37_18079_18133_Sample_157_18060_25.0.mp4,37
Person_115,happy,MYS_G000120_24072021_44_19213_19291_Sample_169_19200_25.0.mp4,61
Person_115,happy,MYS_G000120_24072021_48_19834_19857_Sample_173_19680_25.0.mp4,17
Person_115,happy,MYS_G000120_24072021_49_52266_52319_Sample_455_51960_25.0.mp4,18
Person_115,happy,MYS_G000120_24072021_51_1684_1737_Sample_17_1500_25.0.mp4,28
Person_115,happy,MYS_G000120_24072021_59_5808_5847_Sample_48_5760_25.0.mp4,16
Person_115,happy,MYS_G000120_24072021_72_90339_90361_Sample_574_90300_25.0.mp4,8
Person_115,happy,MYS_G000120_24072021_83_94258_94327_Sample_592_93840_25.0.mp4,40
Person_115,happy,MYS_G000120_24072021_87_95423_95522_Sample_599_94860_25.0.mp4,53
Person_115,happy,MYS_G000120_24072021_91_95791_95871_Sample_603_95760_25.0.mp4,39
Person_115,happy,MYS_G000120_24072021_93_96027_96141_Sample_605_96000_25.0.mp4,58
Person_115,happy,MYS_G000120_24072021_96_2797_2837_Sample_24_2760_25.0.mp4,24
Person_115,happy,MYS_G000120_24072021_96_7060_7111_Sample_60_7020_25.0.mp4,15
Person_115,happy,MYS_G000120_24072021_98_97059_97129_Sample_612_97020_25.0.mp4,24
Person_118,happy,MYS_G000120_03072021_194_69060_69110_Sample_357_69060_25.0.mp4,12
Person_118,happy,MYS_G000120_03072021_200_70434_70531_Sample_369_70320_25.0.mp4,39
Person_118,happy,MYS_G000120_03072021_35_21700_21720_Sample_153_21600_25.0.mp4,20
Person_118,happy,MYS_G000120_03072021_45_24808_24955_Sample_166_24480_25.0.mp4,86
Person_118,happy,MYS_G000120_03072021_71_52360_52450_Sample_224_52320_25.0.mp4,52
Person_118,happy,MYS_G000120_09052021_12_6517_6560_Sample_46_6180_25.0.mp4,15
Person_118,happy,MYS_G000120_09052021_1_56658_56700_Sample_404_56460_25.0.mp4,22
Person_118,happy,MYS_G000120_09052021_20_27911_27960_Sample_185_27720_25.0.mp4,20
Person_118,happy,MYS_G000120_09052021_2_18029_18060_Sample_102_16980_25.0.mp4,15
Person_118,happy,MYS_G000120_09052021_32_84365_84395_Sample_606_84300_25.0.mp4,15
Person_118,happy,MYS_G000120_09052021_38_36813_36839_Sample_247_36720_25.0.mp4,13
Person_118,happy,MYS_G000120_09052021_47_39463_39552_Sample_276_38880_25.0.mp4,44
Person_118,happy,MYS_G000120_09052021_49_41350_41451_Sample_279_39780_25.0.mp4,21
Person_118,happy,MYS_G000120_09052021_56_43867_43904_Sample_311_43860_25.0.mp4,14
Person_118,happy,MYS_G000120_09052021_57_44322_44356_Sample_312_44040_25.0.mp4,15
Person_118,happy,MYS_G000120_09052021_67_13365_13409_Sample_82_13260_25.0.mp4,24
Person_118,happy,MYS_G000120_09052021_69_14556_14605_Sample_87_14520_25.0.mp4,14
Person_118,happy,MYS_G000120_11072021_109_31268_31296_Sample_214_31260_25.0.mp4,11
Person_118,happy,MYS_G000120_11072021_15_132273_132318_Sample_1041_131700_25.0.mp4,15
Person_118,happy,MYS_G000120_11072021_209_67200_67253_Sample_472_67200_25.0.mp4,26
Person_118,happy,MYS_G000120_11072021_216_69403_69565_Sample_489_69060_25.0.mp4,43
Person_118,happy,MYS_G000120_11072021_236_75972_76085_Sample_547_75660_25.0.mp4,56
Person_118,happy,MYS_G000120_11072021_23_133860_133955_Sample_1053_133860_25.0.mp4,30
Person_118,happy,MYS_G000120_11072021_248_104114_104176_Sample_798_103920_25.0.mp4,13
Person_118,happy,MYS_G000120_11072021_251_104778_104818_Sample_801_104460_25.0.mp4,13
Person_118,happy,MYS_G000120_11072021_257_109275_109316_Sample_842_108960_25.0.mp4,20
Person_118,happy,MYS_G000120_11072021_268_120124_120182_Sample_952_120060_25.0.mp4,29
Person_118,happy,MYS_G000120_11072021_270_122045_122190_Sample_959_121080_25.0.mp4,61
Person_118,happy,MYS_G000120_11072021_64_155659_155716_Sample_1191_155520_25.0.mp4,15
Person_118,happy,MYS_G000120_11072021_77_159666_159718_Sample_1224_159660_25.0.mp4,26
Person_118,happy,MYS_G000120_11072021_82_161026_161040_Sample_1234_160860_25.0.mp4,7
Person_118,happy,MYS_G000120_15052021_15_23734_23760_Sample_158_23580_25.0.mp4,15
Person_118,happy,MYS_G000120_15052021_58_3365_3417_Sample_25_3300_25.0.mp4,26
Person_118,happy,MYS_G000120_15052021_97_69739_69801_Sample_373_69720_25.0.mp4,28
Person_118,happy,MYS_G000120_15052021_98_69999_70060_Sample_374_69900_25.0.mp4,30
Person_118,happy,MYS_G000120_24072021_104_100641_100693_Sample_629_100380_25.0.mp4,29
Person_118,happy,MYS_G000120_24072021_110_101573_101632_Sample_636_100920_25.0.mp4,17
Person_118,happy,MYS_G000120_24072021_112_101957_102038_Sample_639_101940_25.0.mp4,22
Person_118,happy,MYS_G000120_24072021_114_102420_102498_Sample_642_102420_25.0.mp4,12
Person_118,happy,MYS_G000120_24072021_120_104555_104602_Sample_655_104280_25.0.mp4,19
Person_118,happy,MYS_G000120_24072021_126_105900_105964_Sample_674_105900_25.0.mp4,12
Person_118,happy,MYS_G000120_24072021_130_107532_107677_Sample_683_106920_25.0.mp4,19
Person_118,happy,MYS_G000120_24072021_74_91401_91495_Sample_581_91320_25.0.mp4,23
Person_118,happy,MYS_G000120_24072021_82_93057_93130_Sample_590_92880_25.0.mp4,31
Person_118,happy,MYS_G000120_24072021_92_97578_97687_Sample_604_95760_25.0.mp4,69
Person_119,happy,MYS_G000122_24072021_02_13_22181_22200_Sample_153_21360_25.0.mp4,11
Person_119,happy,MYS_G000122_24072021_02_14_22222_22302_Sample_154_22200_25.0.mp4,22
Person_12,happy,MYS_G000010_02042021_01_139_47493_47663_Sample_548_47220_25.0.mp4,23
Person_12,happy,MYS_G000010_02042021_01_151_48150_48183_Sample_566_48120_25.0.mp4,16
Person_12,happy,MYS_G000010_02042021_01_155_49260_49359_Sample_583_49260_25.0.mp4,33
Person_12,happy,MYS_G000010_02042021_01_168_52966_53082_Sample_624_51780_25.0.mp4,20
Person_12,happy,MYS_G000010_02042021_01_183_55326_55469_Sample_669_54900_25.0.mp4,35
Person_12,happy,MYS_G000010_02042021_01_190_56832_56937_Sample_690_56820_25.0.mp4,16
Person_12,happy,MYS_G000010_02042021_01_200_6810_6960_Sample_86_6660_25.0.mp4,55
Person_12,happy,MYS_G000010_02042021_01_204_8086_8170_Sample_96_7260_25.0.mp4,14
Person_12,happy,MYS_G000010_02042021_01_24_13767_13858_Sample_157_13740_25.0.mp4,47
Person_12,happy,MYS_G000010_02042021_01_36_19652_19669_Sample_211_19620_25.0.mp4,4
Person_12,happy,MYS_G000010_02042021_01_44_22828_23190_Sample_244_21960_25.0.mp4,75
Person_12,happy,MYS_G000010_02042021_01_62_27552_27816_Sample_298_26700_25.0.mp4,47
Person_12,happy,MYS_G000010_02042021_01_66_28813_28968_Sample_309_27720_25.0.mp4,23
Person_12,happy,MYS_G000010_02042021_01_78_29803_29956_Sample_337_29580_25.0.mp4,14
Person_12,happy,MYS_G000010_02042021_01_7_9730_9774_Sample_114_9720_25.0.mp4,8
Person_12,happy,MYS_G000010_02042021_02_115_26580_26700_Sample_338_26580_25.0.mp4,60
Person_12,happy,MYS_G000010_02042021_02_120_27343_27443_Sample_351_27180_25.0.mp4,45
Person_12,happy,MYS_G000010_02042021_02_168_36541_36657_Sample_463_36540_25.0.mp4,24
Person_12,happy,MYS_G000010_02042021_02_169_36859_36960_Sample_464_36720_25.0.mp4,28
Person_12,happy,MYS_G000010_02042021_02_170_37582_37809_Sample_471_37320_25.0.mp4,85
Person_12,happy,MYS_G000010_02042021_02_177_38760_39000_Sample_487_38760_25.0.mp4,120
Person_12,happy,MYS_G000010_02042021_02_180_38895_39029_Sample_490_38880_25.0.mp4,62
Person_12,happy,MYS_G000010_02042021_02_18_13031_13163_Sample_141_11400_25.0.mp4,58
Person_12,happy,MYS_G000010_02042021_02_193_43680_44220_Sample_544_43680_25.0.mp4,270
Person_12,happy,MYS_G000010_02042021_02_19_13176_13368_Sample_141_11400_25.0.mp4,60
Person_12,happy,MYS_G000010_02042021_02_220_53647_53880_Sample_693_53580_25.0.mp4,31
Person_12,happy,MYS_G000010_02042021_02_236_54780_54960_Sample_710_54660_25.0.mp4,45
Person_12,happy,MYS_G000010_02042021_02_31_16591_16997_Sample_201_16200_25.0.mp4,64
Person_12,happy,MYS_G000010_02042021_02_32_17221_17286_Sample_201_16200_25.0.mp4,19
Person_12,happy,MYS_G000010_02042021_02_42_2844_2880_Sample_22_2460_25.0.mp4,19
Person_12,happy,MYS_G000010_02042021_02_58_2966_3082_Sample_24_2940_25.0.mp4,46
Person_12,happy,MYS_G000010_02042021_02_67_21369_21593_Sample_253_20340_25.0.mp4,50
Person_12,happy,MYS_G000010_02042021_02_76_3524_3780_Sample_27_3480_25.0.mp4,52
Person_12,happy,MYS_G000010_02042021_02_95_25750_25915_Sample_308_24540_25.0.mp4,99
Person_12,happy,MYS_G000010_02042021_02_97_3841_3960_Sample_31_3840_25.0.mp4,32
Person_12,happy,MYS_G000010_02042021_03_102_50102_50191_Sample_697_50100_25.0.mp4,49
Person_12,happy,MYS_G000010_02042021_03_111_52296_52612_Sample_720_51420_25.0.mp4,91
Person_12,happy,MYS_G000010_02042021_03_11_11160_11340_Sample_124_11160_25.0.mp4,90
Person_12,happy,MYS_G000010_02042021_03_123_8817_8912_Sample_95_8760_25.0.mp4,23
Person_12,happy,MYS_G000010_02042021_03_124_9008_9056_Sample_95_8760_25.0.mp4,33
Person_12,happy,MYS_G000010_02042021_03_126_9088_9263_Sample_95_8760_25.0.mp4,91
Person_12,happy,MYS_G000010_02042021_03_127_9331_9414_Sample_95_8760_25.0.mp4,55
Person_12,happy,MYS_G000010_02042021_03_13_11692_11772_Sample_127_11460_25.0.mp4,16
Person_12,happy,MYS_G000010_02042021_03_14_11916_12010_Sample_127_11460_25.0.mp4,37
Person_12,happy,MYS_G000010_02042021_03_20_13679_13783_Sample_150_13500_25.0.mp4,49
Person_12,happy,MYS_G000010_02042021_03_46_26218_26307_Sample_346_26100_25.0.mp4,69
Person_12,happy,MYS_G000010_02042021_03_58_27785_27992_Sample_365_27480_25.0.mp4,39
Person_12,happy,MYS_G000010_02042021_03_59_28006_28080_Sample_365_27480_25.0.mp4,38
Person_12,happy,MYS_G000010_02042021_03_61_28165_28258_Sample_372_28080_25.0.mp4,60
Person_12,happy,MYS_G000010_02042021_03_66_28502_28619_Sample_379_28500_25.0.mp4,33
Person_12,happy,MYS_G000010_02042021_03_7_9843_9871_Sample_107_9780_25.0.mp4,11
Person_12,happy,MYS_G000010_02042021_03_80_46696_46740_Sample_650_46620_25.0.mp4,24
Person_12,happy,MYS_G000010_02042021_03_87_47327_47340_Sample_659_47220_25.0.mp4,11
Person_12,happy,MYS_G000010_02042021_03_89_47514_47580_Sample_663_47400_25.0.mp4,34
Person_12,happy,MYS_G000010_02042021_03_92_47585_47656_Sample_666_47580_25.0.mp4,19
Person_12,happy,MYS_G000010_02042021_03_9_10680_10720_Sample_117_10680_25.0.mp4,10
Person_12,happy,MYS_G000010_02042021_04_140_543_600_Sample_9_360_25.0.mp4,14
Person_12,happy,MYS_G000010_02042021_04_17_25260_25302_Sample_334_25260_25.0.mp4,2
Person_12,happy,MYS_G000010_02042021_04_1_22283_22409_Sample_300_21480_25.0.mp4,21
Person_12,happy,MYS_G000010_02042021_04_22_10750_10814_Sample_175_10740_25.0.mp4,32
Person_12,happy,MYS_G000010_02042021_04_26_12244_12355_Sample_201_11880_25.0.mp4,47
Person_12,happy,MYS_G000010_02042021_04_35_31723_31961_Sample_414_31680_25.0.mp4,119
Person_12,happy,MYS_G000010_02042021_04_40_14445_14580_Sample_227_14400_25.0.mp4,16
Person_12,happy,MYS_G000010_02042021_04_51_1785_1800_Sample_25_1440_25.0.mp4,9
Person_12,happy,MYS_G000010_02042021_04_6_7391_7521_Sample_112_7380_25.0.mp4,97
Person_12,happy,MYS_G000010_02042021_04_88_44866_45008_Sample_569_44640_25.0.mp4,84
Person_12,happy,MYS_G000010_02042021_04_8_1800_1985_Sample_31_1800_25.0.mp4,47
Person_12,happy,MYS_G000010_05112021_02_11_10942_10985_Sample_116_10920_25.0.mp4,17
Person_12,happy,MYS_G000010_05112021_02_12_11060_11108_Sample_116_10920_25.0.mp4,25
Person_12,happy,MYS_G000010_05112021_02_13_11307_11391_Sample_116_10920_25.0.mp4,33
Person_12,happy,MYS_G000010_05112021_02_14_11419_11472_Sample_116_10920_25.0.mp4,11
Person_12,happy,MYS_G000010_05112021_02_15_11482_11603_Sample_116_10920_25.0.mp4,44
Person_12,happy,MYS_G000010_05112021_02_16_12056_12266_Sample_116_10920_25.0.mp4,102
Person_12,happy,MYS_G000010_05112021_02_25_1877_1906_Sample_30_1800_25.0.mp4,8
Person_12,happy,MYS_G000010_05112021_02_27_1933_1972_Sample_30_1800_25.0.mp4,25
Person_12,happy,MYS_G000010_05112021_02_28_1986_2041_Sample_30_1800_25.0.mp4,19
Person_12,happy,MYS_G000010_05112021_02_29_2338_2390_Sample_30_1800_25.0.mp4,23
Person_12,happy,MYS_G000010_05112021_02_30_2552_2622_Sample_30_1800_25.0.mp4,48
Person_12,happy,MYS_G000010_05112021_02_31_2623_2721_Sample_30_1800_25.0.mp4,75
Person_12,happy,MYS_G000010_05112021_02_32_2717_2744_Sample_30_1800_25.0.mp4,8
Person_12,happy,MYS_G000010_05112021_02_33_2744_2875_Sample_30_1800_25.0.mp4,57
Person_12,happy,MYS_G000010_05112021_02_35_3314_3453_Sample_30_1800_25.0.mp4,35
Person_12,happy,MYS_G000010_05112021_02_36_3612_3637_Sample_30_1800_25.0.mp4,9
Person_12,happy,MYS_G000010_05112021_02_37_3648_3796_Sample_30_1800_25.0.mp4,53
Person_12,happy,MYS_G000010_05112021_02_38_3796_3836_Sample_30_1800_25.0.mp4,18
Person_12,happy,MYS_G000010_05112021_02_62_7458_7730_Sample_87_7440_25.0.mp4,65
Person_12,happy,MYS_G000010_05112021_02_63_7792_7826_Sample_87_7440_25.0.mp4,16
Person_12,happy,MYS_G000010_05112021_02_64_7848_7881_Sample_87_7440_25.0.mp4,12
Person_12,happy,MYS_G000010_05112021_02_65_8147_8208_Sample_87_7440_25.0.mp4,26
Person_12,happy,MYS_G000010_05112021_02_66_8602_8753_Sample_87_7440_25.0.mp4,17
Person_12,happy,MYS_G000010_05112021_02_67_8787_8927_Sample_87_7440_25.0.mp4,26
Person_12,happy,MYS_G000010_05112021_02_68_8966_9183_Sample_87_7440_25.0.mp4,33
Person_12,happy,MYS_G000010_06082021_03_15_20649_20810_Sample_178_20520_25.0.mp4,74
Person_12,happy,MYS_G000010_06082021_03_19_20924_20983_Sample_186_20880_25.0.mp4,43
Person_12,happy,MYS_G000010_06082021_03_1_12745_12840_Sample_101_12720_25.0.mp4,49
Person_12,happy,MYS_G000010_06082021_03_21_21811_21926_Sample_190_21300_25.0.mp4,42
Person_12,happy,MYS_G000010_06082021_03_22_22321_22498_Sample_198_22020_25.0.mp4,58
Person_12,happy,MYS_G000010_06082021_03_3_13080_13583_Sample_103_13080_25.0.mp4,192
Person_12,happy,MYS_G000010_06082021_03_5_14527_14657_Sample_114_14340_25.0.mp4,25
Person_12,happy,MYS_G000010_06082021_03_7_14894_15240_Sample_120_14760_25.0.mp4,63
Person_12,happy,MYS_G000010_06082021_03_8_16545_16740_Sample_138_16500_25.0.mp4,16
Person_12,happy,MYS_G000010_09042021_01_142_39638_39750_Sample_470_38520_25.0.mp4,58
Person_12,happy,MYS_G000010_09042021_01_143_39741_39976_Sample_470_38520_25.0.mp4,60
Person_12,happy,MYS_G000010_09042021_01_144_40750_40873_Sample_470_38520_25.0.mp4,61
Person_12,happy,MYS_G000010_09042021_01_167_43567_43612_Sample_535_43260_25.0.mp4,6
Person_12,happy,MYS_G000010_09042021_01_197_5820_6000_Sample_83_5820_25.0.mp4,90
Person_12,happy,MYS_G000010_09042021_01_27_10585_10675_Sample_145_10560_25.0.mp4,41
Person_12,happy,MYS_G000010_09042021_01_30_11660_11747_Sample_150_11040_25.0.mp4,34
Person_12,happy,MYS_G000010_09042021_01_55_14520_15000_Sample_194_14520_25.0.mp4,240
Person_12,happy,MYS_G000010_09042021_01_5_8937_9145_Sample_119_8520_25.0.mp4,21
Person_12,happy,MYS_G000010_09042021_01_6_9311_9548_Sample_119_8520_25.0.mp4,74
Person_12,happy,MYS_G000010_09042021_01_71_17042_17074_Sample_230_17040_25.0.mp4,9
Person_12,happy,MYS_G000010_09042021_01_74_17341_17428_Sample_235_17280_25.0.mp4,33
Person_12,happy,MYS_G000010_09042021_01_75_17700_17940_Sample_241_17700_25.0.mp4,120
Person_12,happy,MYS_G000010_09042021_01_80_19995_20116_Sample_263_19980_25.0.mp4,36
Person_12,happy,MYS_G000010_09042021_01_85_20957_21174_Sample_270_20880_25.0.mp4,81
Person_12,happy,MYS_G000010_09042021_01_86_21291_21751_Sample_270_20880_25.0.mp4,55
Person_12,happy,MYS_G000010_09042021_01_87_22765_22811_Sample_270_20880_25.0.mp4,21
Person_12,happy,MYS_G000010_09042021_01_88_22962_23414_Sample_270_20880_25.0.mp4,47
Person_12,happy,MYS_G000010_09042021_01_89_23853_23892_Sample_270_20880_25.0.mp4,18
Person_12,happy,MYS_G000010_09042021_03_107_1980_2060_Sample_33_1980_25.0.mp4,18
Person_12,happy,MYS_G000010_09042021_03_117_25556_25680_Sample_372_25260_25.0.mp4,114
Person_12,happy,MYS_G000010_09042021_03_126_3038_3120_Sample_38_2820_25.0.mp4,13
Person_12,happy,MYS_G000010_09042021_03_131_27212_27339_Sample_394_26700_25.0.mp4,62
Person_12,happy,MYS_G000010_09042021_03_146_3580_3630_Sample_42_3300_25.0.mp4,15
Person_12,happy,MYS_G000010_09042021_03_154_681_815_Sample_5_60_25.0.mp4,24
Person_12,happy,MYS_G000010_09042021_03_156_49509_49552_Sample_659_49380_25.0.mp4,12
Person_12,happy,MYS_G000010_09042021_03_164_5117_5187_Sample_70_5100_25.0.mp4,16
Person_12,happy,MYS_G000010_09042021_03_38_11713_11760_Sample_170_10860_25.0.mp4,47
Person_12,happy,MYS_G000010_09042021_03_62_14914_15197_Sample_222_14340_25.0.mp4,33
Person_12,happy,MYS_G000010_09042021_03_71_15428_15462_Sample_238_15420_25.0.mp4,17
Person_12,happy,MYS_G000010_09042021_03_82_18538_18723_Sample_277_18000_25.0.mp4,17
Person_12,happy,MYS_G000010_09042021_03_89_20370_20471_Sample_296_19860_25.0.mp4,27
Person_12,happy,MYS_G000010_09042021_03_97_21920_21992_Sample_318_21780_25.0.mp4,24
Person_12,happy,MYS_G000010_09042021_04_110_35280_35416_Sample_395_35280_25.0.mp4,36
Person_12,happy,MYS_G000010_09042021_04_111_36608_36766_Sample_395_35280_25.0.mp4,58
Person_12,happy,MYS_G000010_09042021_04_112_36954_37140_Sample_395_35280_25.0.mp4,91
Person_12,happy,MYS_G000010_09042021_04_116_37322_37412_Sample_412_37260_25.0.mp4,38
Person_12,happy,MYS_G000010_09042021_04_117_37915_37966_Sample_412_37260_25.0.mp4,21
Person_12,happy,MYS_G000010_09042021_04_127_40486_40560_Sample_453_40440_25.0.mp4,23
Person_12,happy,MYS_G000010_09042021_04_129_40829_40910_Sample_456_40800_25.0.mp4,23
Person_12,happy,MYS_G000010_09042021_04_131_41392_41580_Sample_458_41040_25.0.mp4,31
Person_12,happy,MYS_G000010_09042021_04_132_41580_41845_Sample_463_41580_25.0.mp4,121
Person_12,happy,MYS_G000010_09042021_04_133_41915_42019_Sample_463_41580_25.0.mp4,35
Person_12,happy,MYS_G000010_09042021_04_135_42332_42451_Sample_463_41580_25.0.mp4,32
Person_12,happy,MYS_G000010_09042021_04_136_42477_42599_Sample_463_41580_25.0.mp4,33
Person_12,happy,MYS_G000010_09042021_04_141_42660_42796_Sample_475_42660_25.0.mp4,14
Person_12,happy,MYS_G000010_09042021_04_142_42990_43167_Sample_475_42660_25.0.mp4,42
Person_12,happy,MYS_G000010_09042021_04_143_43883_44088_Sample_475_42660_25.0.mp4,66
Person_12,happy,MYS_G000010_09042021_04_152_45756_46087_Sample_514_45480_25.0.mp4,57
Person_12,happy,MYS_G000010_09042021_04_161_48720_48852_Sample_549_48720_25.0.mp4,19
Person_12,happy,MYS_G000010_09042021_04_168_49620_49860_Sample_559_49620_25.0.mp4,120
Person_12,happy,MYS_G000010_09042021_04_17_15152_15336_Sample_197_15120_25.0.mp4,23
Person_12,happy,MYS_G000010_09042021_04_18_15421_15530_Sample_200_15420_25.0.mp4,23
Person_12,happy,MYS_G000010_09042021_04_22_15960_16169_Sample_207_15960_25.0.mp4,32
Person_12,happy,MYS_G000010_09042021_04_24_16689_16764_Sample_215_16680_25.0.mp4,11
Person_12,happy,MYS_G000010_09042021_04_25_16820_16860_Sample_215_16680_25.0.mp4,16
Person_12,happy,MYS_G000010_09042021_04_26_16980_17008_Sample_219_16980_25.0.mp4,5
Person_12,happy,MYS_G000010_09042021_04_32_17584_17638_Sample_225_17580_25.0.mp4,19
Person_12,happy,MYS_G000010_09042021_04_33_18578_18804_Sample_232_18300_25.0.mp4,105
Person_12,happy,MYS_G000010_09042021_04_35_2554_2617_Sample_24_1860_25.0.mp4,34
Person_12,happy,MYS_G000010_09042021_04_36_2830_2879_Sample_24_1860_25.0.mp4,21
Person_12,happy,MYS_G000010_09042021_04_37_19724_20141_Sample_245_19500_25.0.mp4,359
Person_12,happy,MYS_G000010_09042021_04_40_20839_21360_Sample_252_20280_25.0.mp4,62
Person_12,happy,MYS_G000010_09042021_04_43_21420_21565_Sample_263_21420_25.0.mp4,45
Person_12,happy,MYS_G000010_09042021_04_44_21754_21855_Sample_263_21420_25.0.mp4,40
Person_12,happy,MYS_G000010_09042021_04_45_22046_22148_Sample_263_21420_25.0.mp4,42
Person_12,happy,MYS_G000010_09042021_04_55_22303_22585_Sample_273_22260_25.0.mp4,191
Person_12,happy,MYS_G000010_09042021_04_56_22707_22816_Sample_273_22260_25.0.mp4,31
Person_12,happy,MYS_G000010_09042021_04_57_22884_23111_Sample_273_22260_25.0.mp4,30
Person_12,happy,MYS_G000010_09042021_04_64_28680_28975_Sample_326_28680_25.0.mp4,16
Person_12,happy,MYS_G000010_09042021_04_66_29177_29258_Sample_326_28680_25.0.mp4,26
Person_12,happy,MYS_G000010_09042021_04_72_29460_29627_Sample_332_29460_25.0.mp4,16
Person_12,happy,MYS_G000010_09042021_04_73_29643_29758_Sample_332_29460_25.0.mp4,56
Person_12,happy,MYS_G000010_09042021_04_74_29881_30000_Sample_332_29460_25.0.mp4,117
Person_12,happy,MYS_G000010_09042021_04_77_30120_30240_Sample_338_30120_25.0.mp4,15
Person_12,happy,MYS_G000010_09042021_04_81_30240_30427_Sample_342_30240_25.0.mp4,15
Person_12,happy,MYS_G000010_09042021_04_82_30511_30672_Sample_342_30240_25.0.mp4,47
Person_12,happy,MYS_G000010_09042021_04_84_30781_30901_Sample_346_30780_25.0.mp4,27
Person_12,happy,MYS_G000010_09042021_04_85_30901_31287_Sample_346_30780_25.0.mp4,54
Person_12,happy,MYS_G000010_09042021_04_89_31680_32340_Sample_355_31680_25.0.mp4,330
Person_12,happy,MYS_G000010_09042021_04_92_32741_32967_Sample_362_32460_25.0.mp4,65
Person_12,happy,MYS_G000010_09042021_04_93_34001_34120_Sample_362_32460_25.0.mp4,79
Person_12,happy,MYS_G000010_09042021_04_94_35029_35220_Sample_362_32460_25.0.mp4,74
Person_12,happy,MYS_G000010_09042021_05_20_25432_25496_Sample_157_25320_25.0.mp4,26
Person_12,happy,MYS_G000010_09042021_05_21_2545_2700_Sample_16_2520_25.0.mp4,33
Person_12,happy,MYS_G000010_09042021_05_22_25947_26006_Sample_163_25860_25.0.mp4,31
Person_12,happy,MYS_G000010_09042021_05_27_27372_27420_Sample_175_27180_25.0.mp4,20
Person_12,happy,MYS_G000010_09042021_05_2_19616_19735_Sample_109_19560_25.0.mp4,62
Person_12,happy,MYS_G000010_09042021_05_33_27636_27772_Sample_178_27480_25.0.mp4,11
Person_12,happy,MYS_G000010_09042021_05_34_27817_27883_Sample_178_27480_25.0.mp4,20
Person_12,happy,MYS_G000010_09042021_05_35_27965_28030_Sample_178_27480_25.0.mp4,61
Person_12,happy,MYS_G000010_09042021_05_38_28744_28920_Sample_188_28740_25.0.mp4,68
Person_12,happy,MYS_G000010_09042021_05_39_3000_3300_Sample_19_3000_25.0.mp4,150
Person_12,happy,MYS_G000010_09042021_05_3_20108_20201_Sample_109_19560_25.0.mp4,64
Person_12,happy,MYS_G000010_09042021_05_49_5641_5760_Sample_32_5640_25.0.mp4,44
Person_12,happy,MYS_G000010_09042021_05_50_5889_5940_Sample_32_5640_25.0.mp4,51
Person_12,happy,MYS_G000010_09042021_05_52_6483_6535_Sample_34_6120_25.0.mp4,36
Person_12,happy,MYS_G000010_09042021_05_53_6579_7126_Sample_34_6120_25.0.mp4,180
Person_12,happy,MYS_G000010_09042021_05_54_7424_7677_Sample_34_6120_25.0.mp4,55
Person_12,happy,MYS_G000010_09042021_05_55_8005_8095_Sample_34_6120_25.0.mp4,38
Person_12,happy,MYS_G000010_09042021_05_56_8532_8635_Sample_34_6120_25.0.mp4,41
Person_12,happy,MYS_G000010_09042021_05_57_8624_8963_Sample_34_6120_25.0.mp4,182
Person_12,happy,MYS_G000010_09042021_05_58_9714_9796_Sample_34_6120_25.0.mp4,34
Person_12,happy,MYS_G000010_09042021_05_59_9869_10088_Sample_34_6120_25.0.mp4,89
Person_12,happy,MYS_G000010_09042021_05_82_15935_16042_Sample_83_15420_25.0.mp4,43
Person_12,happy,MYS_G000010_09042021_05_84_16311_16473_Sample_83_15420_25.0.mp4,84
Person_12,happy,MYS_G000010_09042021_05_85_17332_17446_Sample_92_17040_25.0.mp4,48
Person_12,happy,MYS_G000010_09042021_05_86_17539_17659_Sample_92_17040_25.0.mp4,30
Person_12,happy,MYS_G000010_09042021_05_87_17669_17936_Sample_92_17040_25.0.mp4,100
Person_12,happy,MYS_G000010_09042021_05_88_18797_18925_Sample_92_17040_25.0.mp4,36
Person_12,happy,MYS_G000010_09042021_05_90_19280_19493_Sample_92_17040_25.0.mp4,38
Person_12,happy,MYS_G000010_09042021_05_9_21964_22260_Sample_122_21780_25.0.mp4,158
Person_12,happy,MYS_G000010_16072021_01_101_35176_35397_Sample_381_33780_25.0.mp4,35
Person_12,happy,MYS_G000010_16072021_01_144_43119_43174_Sample_478_41520_25.0.mp4,17
Person_12,happy,MYS_G000010_16072021_02_166_48699_48865_Sample_540_48300_25.0.mp4,33
Person_12,happy,MYS_G000010_16072021_02_58_31053_31171_Sample_284_30420_25.0.mp4,51
Person_12,happy,MYS_G000010_20082021_02_25_22500_22620_Sample_160_22500_25.0.mp4,56
Person_12,happy,MYS_G000010_21052021_01_142_49293_49338_Sample_580_49020_25.0.mp4,17
Person_12,happy,MYS_G000010_23072021_01_60_24543_24591_Sample_168_24060_25.0.mp4,27
Person_12,happy,MYS_G000010_23072021_01_61_24723_24755_Sample_168_24060_25.0.mp4,15
Person_12,happy,MYS_G000010_23072021_01_63_25368_25398_Sample_168_24060_25.0.mp4,12
Person_12,happy,MYS_G000010_23072021_01_78_4152_4200_Sample_17_3480_25.0.mp4,18
Person_123,happy,MYS_G000141_04112021_01_11_10_30_Sample_172.mp4,9
Person_123,happy,MYS_G000141_04112021_01_20_94_209_Sample_182.mp4,49
Person_123,happy,MYS_G000141_04112021_01_27_64_86_Sample_198.mp4,7
Person_123,happy,MYS_G000141_04112021_01_28_104_124_Sample_198.mp4,12
Person_123,happy,MYS_G000141_04112021_01_33_28_56_Sample_215.mp4,24
Person_123,happy,MYS_G000141_04112021_01_35_511_570_Sample_215.mp4,28
Person_123,happy,MYS_G000141_04112021_01_42_276_340_Sample_228.mp4,52
Person_123,happy,MYS_G000141_04112021_01_53_610_646_Sample_5.mp4,31
Person_123,happy,MYS_G000141_04112021_01_5_269_339_Sample_169.mp4,50
Person_123,happy,MYS_G000141_11112021_01_102_20_31_Sample_184.mp4,9
Person_123,happy,MYS_G000141_11112021_01_103_49_57_Sample_184.mp4,3
Person_123,happy,MYS_G000141_11112021_01_104_25_51_Sample_186.mp4,23
Person_123,happy,MYS_G000141_11112021_01_106_737_788_Sample_186.mp4,36
Person_123,happy,MYS_G000141_11112021_01_109_1241_1322_Sample_186.mp4,40
Person_123,happy,MYS_G000141_11112021_01_110_1587_1716_Sample_186.mp4,75
Person_123,happy,MYS_G000141_11112021_01_111_1713_1738_Sample_186.mp4,22
Person_123,happy,MYS_G000141_11112021_01_112_1738_1805_Sample_186.mp4,26
Person_123,happy,MYS_G000141_11112021_01_113_1829_1864_Sample_186.mp4,21
Person_123,happy,MYS_G000141_11112021_01_114_1877_1965_Sample_186.mp4,70
Person_123,happy,MYS_G000141_11112021_01_115_2005_2099_Sample_186.mp4,69
Person_123,happy,MYS_G000141_11112021_01_124_21_57_Sample_197.mp4,11
Person_123,happy,MYS_G000141_11112021_01_125_112_133_Sample_199.mp4,9
Person_123,happy,MYS_G000141_11112021_01_127_412_431_Sample_199.mp4,8
Person_123,happy,MYS_G000141_11112021_01_128_596_626_Sample_199.mp4,14
Person_123,happy,MYS_G000141_11112021_01_129_642_686_Sample_199.mp4,36
Person_123,happy,MYS_G000141_11112021_01_130_689_715_Sample_199.mp4,20
Person_123,happy,MYS_G000141_11112021_01_131_859_918_Sample_199.mp4,53
Person_123,happy,MYS_G000141_11112021_01_132_968_992_Sample_199.mp4,22
Person_123,happy,MYS_G000141_11112021_01_134_1030_1051_Sample_199.mp4,18
Person_123,happy,MYS_G000141_11112021_01_139_4111_4129_Sample_199.mp4,12
Person_123,happy,MYS_G000141_11112021_01_146_117_144_Sample_2.mp4,18
Person_123,happy,MYS_G000141_11112021_01_147_198_274_Sample_2.mp4,40
Person_123,happy,MYS_G000141_11112021_01_179_72_99_Sample_47.mp4,13
Person_123,happy,MYS_G000141_11112021_01_191_43_68_Sample_80.mp4,16
Person_123,happy,MYS_G000141_11112021_01_192_1446_1515_Sample_80.mp4,19
Person_123,happy,MYS_G000141_11112021_01_29_416_443_Sample_143.mp4,15
Person_123,happy,MYS_G000141_11112021_01_30_453_491_Sample_143.mp4,9
Person_123,happy,MYS_G000141_11112021_01_31_502_527_Sample_143.mp4,13
Person_123,happy,MYS_G000141_11112021_01_39_36_86_Sample_151.mp4,18
Person_123,happy,MYS_G000141_11112021_01_40_144_185_Sample_151.mp4,25
Person_123,happy,MYS_G000141_11112021_01_41_191_221_Sample_151.mp4,19
Person_123,happy,MYS_G000141_11112021_01_42_633_701_Sample_151.mp4,61
Person_123,happy,MYS_G000141_11112021_01_43_732_817_Sample_151.mp4,43
Person_123,happy,MYS_G000141_11112021_01_46_0_29_Sample_152.mp4,17
Person_123,happy,MYS_G000141_11112021_01_52_0_38_Sample_158.mp4,22
Person_123,happy,MYS_G000141_11112021_01_53_57_100_Sample_158.mp4,9
Person_123,happy,MYS_G000141_11112021_01_54_186_260_Sample_158.mp4,31
Person_123,happy,MYS_G000141_11112021_01_55_498_525_Sample_158.mp4,10
Person_123,happy,MYS_G000141_11112021_01_56_541_607_Sample_158.mp4,42
Person_123,happy,MYS_G000141_11112021_01_57_687_774_Sample_158.mp4,43
Person_123,happy,MYS_G000141_11112021_01_75_24_41_Sample_166.mp4,17
Person_123,happy,MYS_G000141_11112021_01_76_64_84_Sample_166.mp4,16
Person_123,happy,MYS_G000141_11112021_01_77_227_268_Sample_166.mp4,33
Person_123,happy,MYS_G000141_11112021_01_81_21_57_Sample_171.mp4,21
Person_123,happy,MYS_G000141_11112021_01_82_0_9_Sample_172.mp4,6
Person_123,happy,MYS_G000141_11112021_01_83_62_106_Sample_172.mp4,45
Person_123,happy,MYS_G000141_11112021_01_84_225_255_Sample_172.mp4,12
Person_123,happy,MYS_G000141_11112021_01_90_150_172_Sample_178.mp4,21
Person_123,happy,MYS_G000141_11112021_01_91_309_330_Sample_178.mp4,14
Person_123,happy,MYS_G000141_11112021_01_93_361_388_Sample_178.mp4,28
Person_123,happy,MYS_G000141_11112021_01_94_583_647_Sample_178.mp4,58
Person_123,happy,MYS_G000141_11112021_01_95_759_823_Sample_178.mp4,42
Person_123,happy,MYS_G000141_18112021_01_15_1_20_Sample_37.mp4,9
Person_123,happy,MYS_G000141_18112021_01_16_100_190_Sample_37.mp4,26
Person_123,happy,MYS_G000141_18112021_01_17_186_228_Sample_37.mp4,10
Person_123,happy,MYS_G000141_18112021_01_24_0_60_Sample_46.mp4,47
Person_123,happy,MYS_G000141_18112021_01_25_110_180_Sample_46.mp4,28
Person_123,happy,MYS_G000141_18112021_01_28_983_1041_Sample_53.mp4,15
Person_123,happy,MYS_G000141_18112021_01_37_50_101_Sample_63.mp4,15
Person_123,happy,MYS_G000141_18112021_01_6_49_80_Sample_28.mp4,11
Person_123,happy,MYS_G000141_18112021_01_7_748_906_Sample_28.mp4,54
Person_13,happy,MYS_G000010_05112021_02_17_11887_11929_Sample_117_11820_25.0.mp4,15
Person_13,happy,MYS_G000010_05112021_02_18_11977_12000_Sample_117_11820_25.0.mp4,19
Person_13,happy,MYS_G000010_05112021_02_19_12060_12287_Sample_118_12060_25.0.mp4,24
Person_13,happy,MYS_G000010_05112021_02_22_14826_14935_Sample_139_14820_25.0.mp4,41
Person_13,happy,MYS_G000010_05112021_02_39_1920_2040_Sample_31_1920_25.0.mp4,57
Person_13,happy,MYS_G000010_05112021_02_42_2469_2620_Sample_34_2400_25.0.mp4,56
Person_13,happy,MYS_G000010_05112021_02_43_3156_3223_Sample_36_2820_25.0.mp4,21
Person_13,happy,MYS_G000010_05112021_02_44_3223_3254_Sample_36_2820_25.0.mp4,11
Person_13,happy,MYS_G000010_05112021_02_47_3694_3873_Sample_36_2820_25.0.mp4,32
Person_13,happy,MYS_G000010_05112021_02_5_10926_11023_Sample_115_10920_25.0.mp4,11
Person_13,happy,MYS_G000010_05112021_02_60_6841_6884_Sample_86_6840_25.0.mp4,8
Person_13,happy,MYS_G000010_05112021_02_69_7456_7530_Sample_88_7440_25.0.mp4,34
Person_13,happy,MYS_G000010_05112021_02_6_11032_11126_Sample_115_10920_25.0.mp4,47
Person_13,happy,MYS_G000010_05112021_02_70_7621_7738_Sample_89_7620_25.0.mp4,47
Person_13,happy,MYS_G000010_05112021_02_71_7835_7878_Sample_89_7620_25.0.mp4,18
Person_13,happy,MYS_G000010_05112021_02_72_8090_8247_Sample_89_7620_25.0.mp4,122
Person_13,happy,MYS_G000010_05112021_02_73_8569_8640_Sample_90_8340_25.0.mp4,13
Person_13,happy,MYS_G000010_05112021_02_74_8740_8857_Sample_91_8700_25.0.mp4,34
Person_13,happy,MYS_G000010_05112021_02_75_8987_9015_Sample_92_8940_25.0.mp4,11
Person_13,happy,MYS_G000010_05112021_02_76_9048_9150_Sample_92_8940_25.0.mp4,17
Person_13,happy,MYS_G000010_05112021_02_9_11473_11579_Sample_115_10920_25.0.mp4,34
Person_13,happy,MYS_G000010_06082021_01_19_24360_24540_Sample_364_24360_25.0.mp4,90
Person_13,happy,MYS_G000010_06082021_01_1_13621_13719_Sample_203_13620_25.0.mp4,72
Person_13,happy,MYS_G000010_06082021_01_1_7561_7620_Sample_107_7560_25.0.mp4,9
Person_13,happy,MYS_G000010_06082021_01_23_8341_8362_Sample_125_8340_25.0.mp4,3
Person_13,happy,MYS_G000010_06082021_01_24_45922_45960_Sample_616_45480_25.0.mp4,17
Person_13,happy,MYS_G000010_06082021_01_25_8855_8940_Sample_125_8340_25.0.mp4,31
Person_13,happy,MYS_G000010_06082021_01_29_18796_18829_Sample_284_18780_25.0.mp4,8
Person_13,happy,MYS_G000010_06082021_01_2_38675_38752_Sample_546_38580_25.0.mp4,33
Person_13,happy,MYS_G000010_06082021_01_30_18909_18949_Sample_284_18780_25.0.mp4,18
Person_13,happy,MYS_G000010_06082021_01_31_4785_4860_Sample_63_4740_25.0.mp4,21
Person_13,happy,MYS_G000010_06082021_01_32_4862_4953_Sample_63_4740_25.0.mp4,25
Person_13,happy,MYS_G000010_06082021_01_34_27312_27359_Sample_411_27300_25.0.mp4,26
Person_13,happy,MYS_G000010_06082021_01_34_9126_9161_Sample_137_9120_25.0.mp4,8
Person_13,happy,MYS_G000010_06082021_01_35_9238_9300_Sample_137_9120_25.0.mp4,24
Person_13,happy,MYS_G000010_06082021_01_36_9306_9385_Sample_137_9120_25.0.mp4,12
Person_13,happy,MYS_G000010_06082021_01_3_38754_38788_Sample_546_38580_25.0.mp4,10
Person_13,happy,MYS_G000010_06082021_01_41_10381_10397_Sample_152_10380_25.0.mp4,3
Person_13,happy,MYS_G000010_06082021_01_47_21633_21685_Sample_321_21120_25.0.mp4,28
Person_13,happy,MYS_G000010_06082021_01_49_22410_22460_Sample_321_21120_25.0.mp4,16
Person_13,happy,MYS_G000010_06082021_01_50_22479_22505_Sample_321_21120_25.0.mp4,18
Person_13,happy,MYS_G000010_06082021_01_51_22506_22552_Sample_321_21120_25.0.mp4,14
Person_13,happy,MYS_G000010_06082021_01_52_1791_1830_Sample_17_1080_25.0.mp4,12
Person_13,happy,MYS_G000010_06082021_01_53_22760_22818_Sample_321_21120_25.0.mp4,16
Person_13,happy,MYS_G000010_06082021_01_54_22953_23131_Sample_321_21120_25.0.mp4,36
Person_13,happy,MYS_G000010_06082021_01_55_32319_32370_Sample_472_32280_25.0.mp4,25
Person_13,happy,MYS_G000010_06082021_01_58_5526_5588_Sample_77_5400_25.0.mp4,13
Person_13,happy,MYS_G000010_06082021_01_59_5628_5721_Sample_77_5400_25.0.mp4,34
Person_13,happy,MYS_G000010_06082021_01_62_13071_13110_Sample_192_12840_25.0.mp4,28
Person_13,happy,MYS_G000010_06082021_01_63_13218_13271_Sample_192_12840_25.0.mp4,28
Person_13,happy,MYS_G000010_06082021_01_67_6668_6693_Sample_93_6360_25.0.mp4,11
Person_13,happy,MYS_G000010_06082021_03_16_2887_2946_Sample_17_2880_25.0.mp4,40
Person_13,happy,MYS_G000010_06082021_03_17_2988_3057_Sample_17_2880_25.0.mp4,16
Person_13,happy,MYS_G000010_06082021_03_18_20774_20819_Sample_183_20700_25.0.mp4,45
Person_13,happy,MYS_G000010_06082021_03_34_7168_7224_Sample_56_7020_25.0.mp4,18
Person_13,happy,MYS_G000010_06082021_03_39_7962_8640_Sample_65_7920_25.0.mp4,339
Person_13,happy,MYS_G000010_06082021_03_44_9069_9600_Sample_74_9060_25.0.mp4,265
Person_13,happy,MYS_G000010_09072021_01_10_97044_97151_Sample_1334_96840_25.0.mp4,45
Person_13,happy,MYS_G000010_09072021_01_12_90193_90211_Sample_1216_88740_25.0.mp4,8
Person_13,happy,MYS_G000010_09072021_01_138_15062_15178_Sample_201_14400_25.0.mp4,46
Person_13,happy,MYS_G000010_09072021_01_13_93573_93674_Sample_1216_88740_25.0.mp4,74
Person_13,happy,MYS_G000010_09072021_01_14_96527_96570_Sample_1332_96360_25.0.mp4,23
Person_13,happy,MYS_G000010_09072021_01_15_96583_96639_Sample_1332_96360_25.0.mp4,14
Person_13,happy,MYS_G000010_09072021_01_16_97046_97114_Sample_1334_96840_25.0.mp4,26
Person_13,happy,MYS_G000010_09072021_01_170_19742_19788_Sample_264_19740_25.0.mp4,11
Person_13,happy,MYS_G000010_09072021_01_17_97301_97325_Sample_1334_96840_25.0.mp4,12
Person_13,happy,MYS_G000010_09072021_01_190_1823_1879_Sample_2_0_25.0.mp4,16
Person_13,happy,MYS_G000010_09072021_01_24_77408_77478_Sample_1032_77280_25.0.mp4,26
Person_13,happy,MYS_G000010_09072021_01_257_28630_28715_Sample_412_28500_25.0.mp4,44
Person_13,happy,MYS_G000010_09072021_01_258_28764_29040_Sample_412_28500_25.0.mp4,68
Person_13,happy,MYS_G000010_09072021_01_268_31110_31189_Sample_433_29940_25.0.mp4,37
Person_13,happy,MYS_G000010_09072021_01_27_78162_78220_Sample_1032_77280_25.0.mp4,38
Person_13,happy,MYS_G000010_09072021_01_284_32197_32293_Sample_463_32040_25.0.mp4,68
Person_13,happy,MYS_G000010_09072021_01_3_76416_76440_Sample_1010_76320_25.0.mp4,15
Person_13,happy,MYS_G000010_09072021_01_40_105895_106092_Sample_1390_104340_25.0.mp4,71
Person_13,happy,MYS_G000010_09072021_01_417_56618_56672_Sample_754_56520_25.0.mp4,25
Person_13,happy,MYS_G000010_09072021_01_427_58896_58963_Sample_775_57960_25.0.mp4,12
Person_13,happy,MYS_G000010_09072021_01_428_59420_59579_Sample_775_57960_25.0.mp4,42
Person_13,happy,MYS_G000010_09072021_01_429_59655_59761_Sample_775_57960_25.0.mp4,66
Person_13,happy,MYS_G000010_09072021_01_430_59766_59870_Sample_775_57960_25.0.mp4,7
Person_13,happy,MYS_G000010_09072021_01_431_59907_60209_Sample_775_57960_25.0.mp4,109
Person_13,happy,MYS_G000010_09072021_01_432_60217_60447_Sample_775_57960_25.0.mp4,74
Person_13,happy,MYS_G000010_09072021_01_433_60469_60728_Sample_775_57960_25.0.mp4,72
Person_13,happy,MYS_G000010_09072021_01_43_9413_9442_Sample_128_9120_25.0.mp4,13
Person_13,happy,MYS_G000010_09072021_01_44_108694_108755_Sample_1396_108060_25.0.mp4,18
Person_13,happy,MYS_G000010_09072021_01_44_9958_10027_Sample_128_9120_25.0.mp4,20
Person_13,happy,MYS_G000010_09072021_01_452_61135_61320_Sample_786_60960_25.0.mp4,96
Person_13,happy,MYS_G000010_09072021_01_454_61117_61487_Sample_788_61020_25.0.mp4,50
Person_13,happy,MYS_G000010_09072021_01_456_61597_61642_Sample_788_61020_25.0.mp4,18
Person_13,happy,MYS_G000010_09072021_01_457_61661_61745_Sample_788_61020_25.0.mp4,31
Person_13,happy,MYS_G000010_09072021_01_458_61878_62270_Sample_788_61020_25.0.mp4,84
Person_13,happy,MYS_G000010_09072021_01_459_61320_61440_Sample_789_61320_25.0.mp4,16
Person_13,happy,MYS_G000010_09072021_01_469_62381_62577_Sample_795_62340_25.0.mp4,27
Person_13,happy,MYS_G000010_09072021_01_470_62621_62929_Sample_795_62340_25.0.mp4,36
Person_13,happy,MYS_G000010_09072021_01_472_63028_63292_Sample_795_62340_25.0.mp4,90
Person_13,happy,MYS_G000010_09072021_01_474_63485_63646_Sample_795_62340_25.0.mp4,72
Person_13,happy,MYS_G000010_09072021_01_476_63740_63805_Sample_795_62340_25.0.mp4,28
Person_13,happy,MYS_G000010_09072021_01_477_63933_64165_Sample_795_62340_25.0.mp4,73
Person_13,happy,MYS_G000010_09072021_01_48_94697_94745_Sample_1296_94440_25.0.mp4,24
Person_13,happy,MYS_G000010_09072021_01_496_67200_67247_Sample_831_66660_25.0.mp4,17
Person_13,happy,MYS_G000010_09072021_01_49_95044_95385_Sample_1296_94440_25.0.mp4,22
Person_13,happy,MYS_G000010_09072021_01_50_95406_95453_Sample_1296_94440_25.0.mp4,24
Person_13,happy,MYS_G000010_09072021_01_524_70840_70971_Sample_888_69960_25.0.mp4,50
Person_13,happy,MYS_G000010_09072021_01_525_70990_71103_Sample_888_69960_25.0.mp4,86
Person_13,happy,MYS_G000010_09072021_01_526_71670_71838_Sample_888_69960_25.0.mp4,40
Person_13,happy,MYS_G000010_09072021_01_527_6612_6775_Sample_88_6240_25.0.mp4,47
Person_13,happy,MYS_G000010_09072021_01_555_72960_73260_Sample_950_72960_25.0.mp4,150
Person_13,happy,MYS_G000010_09072021_01_6_87210_87306_Sample_1189_87180_25.0.mp4,31
Person_13,happy,MYS_G000010_09072021_01_70_116103_116553_Sample_1447_115980_25.0.mp4,49
Person_13,happy,MYS_G000010_09072021_01_74_116659_116849_Sample_1451_116640_25.0.mp4,16
Person_13,happy,MYS_G000010_09072021_01_75_117087_117265_Sample_1451_116640_25.0.mp4,55
Person_13,happy,MYS_G000010_09072021_01_76_117375_117480_Sample_1451_116640_25.0.mp4,62
Person_13,happy,MYS_G000010_09072021_01_7_87327_87378_Sample_1189_87180_25.0.mp4,18
Person_13,happy,MYS_G000010_09072021_01_7_95400_95408_Sample_1313_95400_25.0.mp4,1
Person_13,happy,MYS_G000010_09072021_01_8_87382_87421_Sample_1189_87180_25.0.mp4,15
Person_13,happy,MYS_G000010_09072021_01_8_95408_95438_Sample_1313_95400_25.0.mp4,19
Person_13,happy,MYS_G000010_09072021_01_90_85711_85733_Sample_1164_85680_25.0.mp4,11
Person_13,happy,MYS_G000010_09072021_01_92_85999_86140_Sample_1164_85680_25.0.mp4,29
Person_13,happy,MYS_G000010_09072021_01_93_86431_86474_Sample_1164_85680_25.0.mp4,22
Person_13,happy,MYS_G000010_09072021_01_9_87422_87460_Sample_1189_87180_25.0.mp4,29
Person_13,happy,MYS_G000010_09072021_01_9_95428_95455_Sample_1313_95400_25.0.mp4,13
Person_13,happy,MYS_G000010_09072021_01_9_96575_96659_Sample_1332_96360_25.0.mp4,25
Person_13,happy,MYS_G000010_13082021_03_101_32021_32115_Sample_470_31980_25.0.mp4,27
Person_13,happy,MYS_G000010_13082021_03_24_12081_12106_Sample_185_11940_25.0.mp4,11
Person_13,happy,MYS_G000010_13082021_03_27_1404_1737_Sample_18_1200_25.0.mp4,69
Person_13,happy,MYS_G000010_13082021_03_47_1560_1832_Sample_24_1560_25.0.mp4,38
Person_13,happy,MYS_G000010_13082021_03_53_17795_17873_Sample_276_17700_25.0.mp4,22
Person_13,happy,MYS_G000010_13082021_03_64_20982_21131_Sample_320_20880_25.0.mp4,45
Person_13,happy,MYS_G000010_13082021_03_68_2715_2888_Sample_33_2220_25.0.mp4,18
Person_13,happy,MYS_G000010_16072021_01_126_41281_41423_Sample_441_38160_25.0.mp4,34
Person_13,happy,MYS_G000010_16072021_01_154_43019_43076_Sample_499_42960_25.0.mp4,22
Person_13,happy,MYS_G000010_16072021_01_167_44733_44941_Sample_526_44340_25.0.mp4,184
Person_13,happy,MYS_G000010_16072021_01_169_4373_4440_Sample_52_3060_25.0.mp4,19
Person_13,happy,MYS_G000010_16072021_01_205_49366_49422_Sample_597_49320_25.0.mp4,15
Person_13,happy,MYS_G000010_16072021_01_20_844_949_Sample_18_540_25.0.mp4,32
Person_13,happy,MYS_G000010_16072021_01_238_53943_54045_Sample_657_53640_25.0.mp4,9
Person_13,happy,MYS_G000010_16072021_01_248_54494_54636_Sample_671_54360_25.0.mp4,17
Person_13,happy,MYS_G000010_16072021_01_250_54497_54575_Sample_674_54480_25.0.mp4,15
Person_13,happy,MYS_G000010_16072021_01_27_19500_19535_Sample_210_19500_25.0.mp4,9
Person_13,happy,MYS_G000010_16072021_01_302_68339_68400_Sample_780_68280_25.0.mp4,32
Person_13,happy,MYS_G000010_16072021_01_305_69159_69264_Sample_786_69060_25.0.mp4,28
Person_13,happy,MYS_G000010_16072021_01_310_69567_69616_Sample_793_69540_25.0.mp4,23
Person_13,happy,MYS_G000010_16072021_01_312_70600_70682_Sample_795_69960_25.0.mp4,26
Person_13,happy,MYS_G000010_16072021_01_318_71862_71959_Sample_814_71700_25.0.mp4,34
Person_13,happy,MYS_G000010_16072021_01_331_76022_76070_Sample_859_75720_25.0.mp4,5
Person_13,happy,MYS_G000010_16072021_01_334_75960_76080_Sample_864_75960_25.0.mp4,60
Person_13,happy,MYS_G000010_16072021_01_337_76260_76379_Sample_867_76260_25.0.mp4,14
Person_13,happy,MYS_G000010_16072021_01_51_23665_23700_Sample_263_23460_25.0.mp4,9
Person_13,happy,MYS_G000010_16072021_01_52_23700_23764_Sample_267_23700_25.0.mp4,12
Person_13,happy,MYS_G000010_16072021_01_71_27687_27739_Sample_307_27360_25.0.mp4,25
Person_13,happy,MYS_G000010_16072021_01_75_28556_28715_Sample_316_28500_25.0.mp4,21
Person_13,happy,MYS_G000010_16072021_01_92_32220_32275_Sample_361_32220_25.0.mp4,12
Person_13,happy,MYS_G000010_16072021_02_105_38511_38554_Sample_409_38220_25.0.mp4,27
Person_13,happy,MYS_G000010_16072021_02_110_39207_39232_Sample_421_39000_25.0.mp4,11
Person_13,happy,MYS_G000010_16072021_02_111_39446_39513_Sample_421_39000_25.0.mp4,19
Person_13,happy,MYS_G000010_16072021_02_149_49185_49292_Sample_513_45840_25.0.mp4,47
Person_13,happy,MYS_G000010_16072021_02_165_48300_48526_Sample_540_48300_25.0.mp4,41
Person_13,happy,MYS_G000010_16072021_02_192_53997_54060_Sample_649_53520_25.0.mp4,17
Person_13,happy,MYS_G000010_16072021_02_197_54250_54323_Sample_668_54240_25.0.mp4,24
Person_13,happy,MYS_G000010_16072021_02_215_56280_56312_Sample_706_56280_25.0.mp4,18
Person_13,happy,MYS_G000010_16072021_02_225_59649_59711_Sample_727_59640_25.0.mp4,18
Person_13,happy,MYS_G000010_16072021_02_226_60941_61001_Sample_731_60060_25.0.mp4,14
Person_13,happy,MYS_G000010_16072021_02_236_63943_64011_Sample_761_63840_25.0.mp4,14
Person_13,happy,MYS_G000010_16072021_02_237_64428_64474_Sample_766_64080_25.0.mp4,34
Person_13,happy,MYS_G000010_16072021_02_238_64500_64547_Sample_770_64500_25.0.mp4,10
Person_13,happy,MYS_G000010_16072021_02_242_5448_5460_Sample_81_5220_25.0.mp4,12
Person_13,happy,MYS_G000010_16072021_02_244_5520_5630_Sample_87_5520_25.0.mp4,45
Person_13,happy,MYS_G000010_16072021_02_79_33261_33303_Sample_326_33060_25.0.mp4,13
Person_13,happy,MYS_G000010_16072021_02_95_36602_36630_Sample_375_36480_25.0.mp4,6
Person_13,happy,MYS_G000010_20082021_01_63_11854_11895_Sample_212_11700_25.0.mp4,19
Person_13,happy,MYS_G000010_20082021_01_84_16289_16352_Sample_284_15780_25.0.mp4,12
Person_13,happy,MYS_G000010_20082021_02_18_19222_19340_Sample_141_19200_25.0.mp4,41
Person_13,happy,MYS_G000010_20082021_03_4_2646_2705_Sample_20_2100_25.0.mp4,29
Person_13,happy,MYS_G000010_20082021_03_5_2709_2777_Sample_20_2100_25.0.mp4,27
Person_13,happy,MYS_G000010_23072021_01_106_27890_27931_Sample_213_27840_25.0.mp4,19
Person_13,happy,MYS_G000010_23072021_01_121_29734_29841_Sample_239_29640_25.0.mp4,22
Person_13,happy,MYS_G000010_23072021_01_123_29919_30026_Sample_239_29640_25.0.mp4,33
Person_13,happy,MYS_G000010_23072021_01_124_30121_30177_Sample_239_29640_25.0.mp4,25
Person_13,happy,MYS_G000010_23072021_01_126_30254_30332_Sample_239_29640_25.0.mp4,22
Person_13,happy,MYS_G000010_23072021_01_145_7407_7497_Sample_49_7260_25.0.mp4,21
Person_13,happy,MYS_G000010_23072021_01_146_8302_8447_Sample_49_7260_25.0.mp4,24
Person_13,happy,MYS_G000010_23072021_01_164_9229_9299_Sample_61_8820_25.0.mp4,21
Person_13,happy,MYS_G000010_23072021_01_176_9805_9894_Sample_70_9780_25.0.mp4,31
Person_13,happy,MYS_G000010_23072021_01_177_9922_10234_Sample_70_9780_25.0.mp4,184
Person_13,happy,MYS_G000010_23072021_01_178_10265_10327_Sample_70_9780_25.0.mp4,14
Person_13,happy,MYS_G000010_23072021_01_179_10476_10525_Sample_70_9780_25.0.mp4,17
Person_13,happy,MYS_G000010_23072021_01_180_10547_10656_Sample_70_9780_25.0.mp4,27
Person_13,happy,MYS_G000010_23072021_01_194_11943_11971_Sample_82_11700_25.0.mp4,14
Person_13,happy,MYS_G000010_23072021_01_196_12120_12303_Sample_84_12120_25.0.mp4,115
Person_13,happy,MYS_G000010_23072021_01_53_23903_23947_Sample_163_23880_25.0.mp4,23
Person_13,happy,MYS_G000010_23072021_01_59_24540_24590_Sample_167_24000_25.0.mp4,17
Person_13,happy,MYS_G000010_23072021_01_70_25290_25325_Sample_176_24660_25.0.mp4,11
Person_13,happy,MYS_G000010_23072021_01_71_25341_25423_Sample_176_24660_25.0.mp4,24
Person_13,happy,MYS_G000010_23072021_01_93_26347_26441_Sample_192_26340_25.0.mp4,15
Person_13,happy,MYS_G000010_23072021_01_94_26532_26606_Sample_192_26340_25.0.mp4,33
Person_13,happy,MYS_G000010_23072021_01_95_27070_27112_Sample_192_26340_25.0.mp4,11
Person_13,happy,MYS_G000010_23072021_05_26_17266_17310_Sample_220_17100_25.0.mp4,18
Person_13,happy,MYS_G000010_23072021_05_32_18765_18900_Sample_239_18660_25.0.mp4,19
Person_13,happy,MYS_G000010_23072021_05_33_19006_19037_Sample_246_18960_25.0.mp4,18
Person_13,happy,MYS_G000010_23072021_05_37_19620_19665_Sample_254_19620_25.0.mp4,26
Person_13,happy,MYS_G000010_23072021_05_45_1471_1503_Sample_27_1380_25.0.mp4,8
Person_13,happy,MYS_G000010_23072021_05_46_22468_22631_Sample_281_22020_25.0.mp4,13
Person_13,happy,MYS_G000010_23072021_05_57_29220_29281_Sample_358_29220_25.0.mp4,11
Person_13,happy,MYS_G000010_23072021_05_65_3468_3540_Sample_41_2580_25.0.mp4,43
Person_13,happy,MYS_G000010_23072021_05_66_2881_2931_Sample_43_2760_25.0.mp4,25
Person_13,happy,MYS_G000010_23072021_05_69_3695_3780_Sample_53_3660_25.0.mp4,36
Person_13,happy,MYS_G000010_23072021_05_6_7980_8044_Sample_113_7980_25.0.mp4,29
Person_13,happy,MYS_G000010_23072021_05_72_5220_5340_Sample_73_5220_25.0.mp4,44
Person_13,happy,MYS_G000010_23072021_05_82_7229_7302_Sample_97_7020_25.0.mp4,16
Person_13,happy,MYS_G000010_23072021_05_83_7452_7500_Sample_97_7020_25.0.mp4,13
Person_13,happy,MYS_G000010_27082021_01_107_20951_21066_Sample_200_20700_25.0.mp4,90
Person_13,happy,MYS_G000010_27082021_01_127_28640_28722_Sample_296_28380_25.0.mp4,21
Person_13,happy,MYS_G000010_27082021_01_12_99035_99145_Sample_1035_98940_25.0.mp4,76
Person_13,happy,MYS_G000010_27082021_01_131_29387_29454_Sample_306_29160_25.0.mp4,17
Person_13,happy,MYS_G000010_27082021_01_141_31661_31680_Sample_332_31440_25.0.mp4,19
Person_13,happy,MYS_G000010_27082021_01_147_32280_32369_Sample_348_32280_25.0.mp4,13
Person_13,happy,MYS_G000010_27082021_01_15_100200_100325_Sample_1050_100200_25.0.mp4,35
Person_13,happy,MYS_G000010_27082021_01_181_48243_48282_Sample_511_48240_25.0.mp4,12
Person_13,happy,MYS_G000010_27082021_01_193_54160_54227_Sample_561_54060_25.0.mp4,23
Person_13,happy,MYS_G000010_27082021_01_200_58320_58356_Sample_603_58320_25.0.mp4,18
Person_13,happy,MYS_G000010_27082021_01_233_70669_70814_Sample_731_70560_25.0.mp4,11
Person_13,happy,MYS_G000010_27082021_01_242_76517_76560_Sample_793_76440_25.0.mp4,18
Person_13,happy,MYS_G000010_27082021_01_245_77126_77280_Sample_802_77100_25.0.mp4,58
Person_13,happy,MYS_G000010_27082021_01_246_77400_77520_Sample_807_77400_25.0.mp4,56
Person_13,happy,MYS_G000010_27082021_01_251_81850_81904_Sample_855_81840_25.0.mp4,18
Person_13,happy,MYS_G000010_27082021_01_269_88177_88200_Sample_920_87720_25.0.mp4,23
Person_13,happy,MYS_G000010_27082021_01_278_89884_89966_Sample_938_89580_25.0.mp4,15
Person_13,happy,MYS_G000010_27082021_01_280_91800_92173_Sample_955_91800_25.0.mp4,46
Person_13,happy,MYS_G000010_27082021_01_281_92690_92926_Sample_960_92640_25.0.mp4,18
Person_13,happy,MYS_G000010_27082021_01_283_93240_93257_Sample_966_93240_25.0.mp4,8
Person_13,happy,MYS_G000010_27082021_01_284_93311_93418_Sample_966_93240_25.0.mp4,32
Person_13,happy,MYS_G000010_27082021_01_287_94630_94955_Sample_981_93780_25.0.mp4,18
Person_13,happy,MYS_G000010_27082021_01_289_95058_95134_Sample_998_95040_25.0.mp4,26
Person_13,happy,MYS_G000010_27082021_01_39_105553_105660_Sample_1113_105360_25.0.mp4,99
Person_13,happy,MYS_G000010_27082021_01_3_95400_95529_Sample_1003_95400_25.0.mp4,19
Person_13,happy,MYS_G000010_27082021_01_40_106008_106020_Sample_1119_105900_25.0.mp4,9
Person_13,happy,MYS_G000010_27082021_01_44_106994_107040_Sample_1139_106920_25.0.mp4,19
Person_13,happy,MYS_G000010_27082021_01_58_111006_111060_Sample_1179_110760_25.0.mp4,34
Person_13,happy,MYS_G000010_27082021_01_61_111120_111360_Sample_1184_111120_25.0.mp4,10
Person_13,happy,MYS_G000010_27082021_01_62_111240_111281_Sample_1185_111240_25.0.mp4,6
Person_13,happy,MYS_G000010_27082021_01_66_111802_111872_Sample_1189_111720_25.0.mp4,37
Person_13,happy,MYS_G000010_27082021_01_87_15900_15977_Sample_158_15900_25.0.mp4,26
Person_13,happy,MYS_G000010_27082021_01_88_16080_16157_Sample_162_16080_25.0.mp4,15
Person_13,happy,MYS_G000010_27082021_01_96_18203_18240_Sample_180_17820_25.0.mp4,28
Person_13,happy,MYS_G000010_27082021_01_97_18240_18326_Sample_181_18240_25.0.mp4,16
Person_134,happy,MYS_G000141_04112021_01_10_148_170_Sample_171.mp4,22
Person_134,happy,MYS_G000141_04112021_01_12_9_76_Sample_175.mp4,39
Person_134,happy,MYS_G000141_04112021_01_14_128_155_Sample_177.mp4,16
Person_134,happy,MYS_G000141_04112021_01_15_366_409_Sample_177.mp4,29
Person_134,happy,MYS_G000141_04112021_01_16_541_681_Sample_177.mp4,133
Person_134,happy,MYS_G000141_04112021_01_19_0_170_Sample_181.mp4,33
Person_134,happy,MYS_G000141_04112021_01_21_0_20_Sample_183.mp4,17
Person_134,happy,MYS_G000141_04112021_01_22_27_127_Sample_183.mp4,73
Person_134,happy,MYS_G000141_04112021_01_23_130_202_Sample_183.mp4,42
Person_134,happy,MYS_G000141_04112021_01_29_13_82_Sample_200.mp4,50
Person_134,happy,MYS_G000141_04112021_01_37_0_20_Sample_217.mp4,8
Person_134,happy,MYS_G000141_04112021_01_41_0_23_Sample_223.mp4,7
Person_134,happy,MYS_G000141_04112021_01_43_304_333_Sample_232.mp4,15
Person_134,happy,MYS_G000141_04112021_01_46_7_113_Sample_237.mp4,60
Person_134,happy,MYS_G000141_04112021_01_47_19_113_Sample_238.mp4,46
Person_134,happy,MYS_G000141_04112021_01_48_7_91_Sample_239.mp4,69
Person_134,happy,MYS_G000141_04112021_01_49_18_38_Sample_244.mp4,8
Person_134,happy,MYS_G000141_04112021_01_50_15_59_Sample_246.mp4,33
Person_134,happy,MYS_G000141_04112021_01_51_18_42_Sample_247.mp4,17
Person_134,happy,MYS_G000141_04112021_01_55_595_724_Sample_6.mp4,50
Person_134,happy,MYS_G000141_04112021_01_7_47_56_Sample_170.mp4,6
Person_134,happy,MYS_G000141_04112021_01_8_0_19_Sample_171.mp4,13
Person_134,happy,MYS_G000141_04112021_01_9_55_108_Sample_171.mp4,20
Person_134,happy,MYS_G000141_11112021_01_100_0_34_Sample_183.mp4,14
Person_134,happy,MYS_G000141_11112021_01_101_39_57_Sample_183.mp4,8
Person_134,happy,MYS_G000141_11112021_01_117_1_16_Sample_187.mp4,9
Person_134,happy,MYS_G000141_11112021_01_119_17_37_Sample_189.mp4,8
Person_134,happy,MYS_G000141_11112021_01_120_40_57_Sample_190.mp4,11
Person_134,happy,MYS_G000141_11112021_01_123_10_57_Sample_195.mp4,21
Person_134,happy,MYS_G000141_11112021_01_12_50_76_Sample_113.mp4,18
Person_134,happy,MYS_G000141_11112021_01_14_64_131_Sample_117.mp4,67
Person_134,happy,MYS_G000141_11112021_01_151_0_29_Sample_202.mp4,11
Person_134,happy,MYS_G000141_11112021_01_152_34_56_Sample_202.mp4,20
Person_134,happy,MYS_G000141_11112021_01_156_0_21_Sample_206.mp4,13
Person_134,happy,MYS_G000141_11112021_01_157_11_27_Sample_207.mp4,9
Person_134,happy,MYS_G000141_11112021_01_158_97_114_Sample_207.mp4,10
Person_134,happy,MYS_G000141_11112021_01_159_0_22_Sample_209.mp4,16
Person_134,happy,MYS_G000141_11112021_01_161_33_47_Sample_212.mp4,7
Person_134,happy,MYS_G000141_11112021_01_162_66_137_Sample_212.mp4,26
Person_134,happy,MYS_G000141_11112021_01_165_73_84_Sample_215.mp4,7
Person_134,happy,MYS_G000141_11112021_01_166_0_18_Sample_216.mp4,15
Person_134,happy,MYS_G000141_11112021_01_168_1_12_Sample_221.mp4,5
Person_134,happy,MYS_G000141_11112021_01_169_22_45_Sample_221.mp4,12
Person_134,happy,MYS_G000141_11112021_01_170_47_57_Sample_221.mp4,9
Person_134,happy,MYS_G000141_11112021_01_172_17_34_Sample_226.mp4,10
Person_134,happy,MYS_G000141_11112021_01_173_21_37_Sample_227.mp4,4
Person_134,happy,MYS_G000141_11112021_01_175_3_67_Sample_229.mp4,37
Person_134,happy,MYS_G000141_11112021_01_176_143_161_Sample_230.mp4,18
Person_134,happy,MYS_G000141_11112021_01_178_2_33_Sample_4.mp4,13
Person_134,happy,MYS_G000141_11112021_01_181_3_20_Sample_49.mp4,7
Person_134,happy,MYS_G000141_11112021_01_182_40_51_Sample_51.mp4,5
Person_134,happy,MYS_G000141_11112021_01_183_0_114_Sample_53.mp4,57
Person_134,happy,MYS_G000141_11112021_01_184_164_213_Sample_54.mp4,38
Person_134,happy,MYS_G000141_11112021_01_185_217_247_Sample_54.mp4,29
Person_134,happy,MYS_G000141_11112021_01_186_316_343_Sample_54.mp4,26
Person_134,happy,MYS_G000141_11112021_01_187_366_403_Sample_54.mp4,28
Person_134,happy,MYS_G000141_11112021_01_188_77_90_Sample_58.mp4,9
Person_134,happy,MYS_G000141_11112021_01_194_39_61_Sample_83.mp4,15
Person_134,happy,MYS_G000141_11112021_01_195_93_170_Sample_83.mp4,41
Person_134,happy,MYS_G000141_11112021_01_198_74_103_Sample_93.mp4,14
Person_134,happy,MYS_G000141_11112021_01_199_42_57_Sample_97.mp4,11
Person_134,happy,MYS_G000141_11112021_01_200_133_151_Sample_98.mp4,11
Person_134,happy,MYS_G000141_11112021_01_201_0_30_Sample_98.mp4,24
Person_134,happy,MYS_G000141_11112021_01_202_34_54_Sample_98.mp4,20
Person_134,happy,MYS_G000141_11112021_01_2_1_26_Sample_102.mp4,14
Person_134,happy,MYS_G000141_11112021_01_33_49_57_Sample_147.mp4,5
Person_134,happy,MYS_G000141_11112021_01_34_9_40_Sample_147.mp4,31
Person_134,happy,MYS_G000141_11112021_01_35_0_54_Sample_149.mp4,23
Person_134,happy,MYS_G000141_11112021_01_36_71_93_Sample_149.mp4,10
Person_134,happy,MYS_G000141_11112021_01_37_94_114_Sample_149.mp4,12
Person_134,happy,MYS_G000141_11112021_01_3_209_249_Sample_102.mp4,35
Person_134,happy,MYS_G000141_11112021_01_48_3_50_Sample_155.mp4,37
Person_134,happy,MYS_G000141_11112021_01_50_240_267_Sample_156.mp4,24
Person_134,happy,MYS_G000141_11112021_01_51_319_386_Sample_156.mp4,18
Person_134,happy,MYS_G000141_11112021_01_61_82_107_Sample_159.mp4,26
Person_134,happy,MYS_G000141_11112021_01_62_120_141_Sample_159.mp4,21
Person_134,happy,MYS_G000141_11112021_01_63_224_255_Sample_159.mp4,21
Person_134,happy,MYS_G000141_11112021_01_65_36_82_Sample_161.mp4,20
Person_134,happy,MYS_G000141_11112021_01_66_86_116_Sample_161.mp4,11
Person_134,happy,MYS_G000141_11112021_01_67_119_181_Sample_161.mp4,29
Person_134,happy,MYS_G000141_11112021_01_68_186_223_Sample_161.mp4,29
Person_134,happy,MYS_G000141_11112021_01_69_0_41_Sample_163.mp4,23
Person_134,happy,MYS_G000141_11112021_01_70_71_104_Sample_163.mp4,29
Person_134,happy,MYS_G000141_11112021_01_71_116_148_Sample_163.mp4,33
Person_134,happy,MYS_G000141_11112021_01_72_52_80_Sample_165.mp4,19
Person_134,happy,MYS_G000141_11112021_01_73_109_143_Sample_165.mp4,17
Person_134,happy,MYS_G000141_11112021_01_74_177_255_Sample_165.mp4,33
Person_134,happy,MYS_G000141_11112021_01_79_38_91_Sample_170.mp4,20
Person_134,happy,MYS_G000141_11112021_01_80_104_114_Sample_170.mp4,7
Person_134,happy,MYS_G000141_11112021_01_87_0_28_Sample_174.mp4,16
Person_134,happy,MYS_G000141_11112021_01_88_0_13_Sample_176.mp4,7
Person_134,happy,MYS_G000141_11112021_01_89_37_53_Sample_176.mp4,10
Person_134,happy,MYS_G000141_11112021_01_96_0_19_Sample_180.mp4,14
Person_134,happy,MYS_G000141_11112021_01_97_0_4_Sample_181.mp4,5
Person_134,happy,MYS_G000141_11112021_01_98_22_52_Sample_181.mp4,13
Person_134,happy,MYS_G000141_18112021_01_10_3_36_Sample_31.mp4,16
Person_134,happy,MYS_G000141_18112021_01_11_3_15_Sample_32.mp4,13
Person_134,happy,MYS_G000141_18112021_01_13_0_23_Sample_35.mp4,10
Person_134,happy,MYS_G000141_18112021_01_14_0_151_Sample_36.mp4,121
Person_134,happy,MYS_G000141_18112021_01_18_1_37_Sample_39.mp4,17
Person_134,happy,MYS_G000141_18112021_01_20_56_151_Sample_41.mp4,24
Person_134,happy,MYS_G000141_18112021_01_22_12_149_Sample_44.mp4,40
Person_134,happy,MYS_G000141_18112021_01_26_0_98_Sample_52.mp4,71
Person_134,happy,MYS_G000141_18112021_01_29_15_42_Sample_54.mp4,12
Person_134,happy,MYS_G000141_18112021_01_31_15_50_Sample_56.mp4,12
Person_134,happy,MYS_G000141_18112021_01_32_0_101_Sample_57.mp4,101
Person_134,happy,MYS_G000141_18112021_01_33_56_88_Sample_58.mp4,19
Person_134,happy,MYS_G000141_18112021_01_34_8_50_Sample_59.mp4,19
Person_134,happy,MYS_G000141_18112021_01_35_1_101_Sample_60.mp4,83
Person_134,happy,MYS_G000141_18112021_01_36_38_50_Sample_62.mp4,8
Person_134,happy,MYS_G000141_18112021_01_38_0_50_Sample_64.mp4,45
Person_134,happy,MYS_G000141_18112021_01_41_0_28_Sample_68.mp4,10
Person_134,happy,MYS_G000141_18112021_01_42_49_80_Sample_69.mp4,17
Person_134,happy,MYS_G000141_18112021_01_43_6_487_Sample_71.mp4,240
Person_134,happy,MYS_G000141_18112021_01_46_0_28_Sample_80.mp4,25
Person_134,happy,MYS_G000141_18112021_01_8_29_55_Sample_29.mp4,20
Person_134,happy,MYS_G000141_18112021_01_9_88_111_Sample_29.mp4,6
Person_14,happy,MYS_G000010_05112021_02_1_128_236_Sample_0_0_25.0.mp4,39
Person_14,happy,MYS_G000010_05112021_02_2_257_450_Sample_0_0_25.0.mp4,33
Person_14,happy,MYS_G000010_06082021_01_10_8161_8264_Sample_121_8160_25.0.mp4,19
Person_14,happy,MYS_G000010_06082021_01_12_8735_8983_Sample_121_8160_25.0.mp4,44
Person_14,happy,MYS_G000010_06082021_01_13_9050_9147_Sample_121_8160_25.0.mp4,42
Person_14,happy,MYS_G000010_06082021_01_14_9053_9366_Sample_121_8160_25.0.mp4,94
Person_14,happy,MYS_G000010_06082021_01_16_10252_10416_Sample_121_8160_25.0.mp4,27
Person_14,happy,MYS_G000010_06082021_01_17_11302_11347_Sample_121_8160_25.0.mp4,30
Person_14,happy,MYS_G000010_06082021_01_17_1805_1874_Sample_24_1800_25.0.mp4,3
Person_14,happy,MYS_G000010_06082021_01_18_13189_13237_Sample_121_8160_25.0.mp4,19
Person_14,happy,MYS_G000010_06082021_01_18_2105_2281_Sample_24_1800_25.0.mp4,27
Person_14,happy,MYS_G000010_06082021_01_19_13616_13686_Sample_121_8160_25.0.mp4,30
Person_14,happy,MYS_G000010_06082021_01_19_5039_5085_Sample_24_1800_25.0.mp4,18
Person_14,happy,MYS_G000010_06082021_01_40_28854_28968_Sample_425_27960_25.0.mp4,30
Person_14,happy,MYS_G000010_06082021_01_41_28869_28943_Sample_425_27960_25.0.mp4,23
Person_14,happy,MYS_G000010_06082021_01_51_32859_32903_Sample_470_32220_25.0.mp4,19
Person_14,happy,MYS_G000010_06082021_01_52_38638_38680_Sample_470_32220_25.0.mp4,17
Person_14,happy,MYS_G000010_06082021_01_53_42773_42817_Sample_470_32220_25.0.mp4,16
Person_14,happy,MYS_G000010_06082021_01_55_5523_5629_Sample_72_5220_25.0.mp4,30
Person_14,happy,MYS_G000010_06082021_01_56_5633_5688_Sample_72_5220_25.0.mp4,22
Person_14,happy,MYS_G000010_06082021_01_63_5940_6060_Sample_84_5940_25.0.mp4,60
Person_14,happy,MYS_G000010_06082021_01_66_6644_6746_Sample_88_6060_25.0.mp4,51
Person_14,happy,MYS_G000010_06082021_03_13_20100_20230_Sample_173_20100_25.0.mp4,18
Person_14,happy,MYS_G000010_06082021_03_26_127_194_Sample_2_0_25.0.mp4,21
Person_14,happy,MYS_G000010_06082021_03_29_6213_6952_Sample_46_6000_25.0.mp4,51
Person_14,happy,MYS_G000010_06082021_03_41_8318_8370_Sample_68_8280_25.0.mp4,9
Person_14,happy,MYS_G000010_06082021_03_42_8874_9154_Sample_71_8580_25.0.mp4,14
Person_14,happy,MYS_G000010_06082021_03_43_10422_10847_Sample_71_8580_25.0.mp4,380
Person_14,happy,MYS_G000010_06082021_03_9_1442_1566_Sample_13_1440_25.0.mp4,35
Person_14,happy,MYS_G000010_09072021_01_100_129127_129253_Sample_1494_127800_25.0.mp4,32
Person_14,happy,MYS_G000010_09072021_01_100_86161_86204_Sample_1171_86160_25.0.mp4,20
Person_14,happy,MYS_G000010_09072021_01_101_129261_129309_Sample_1494_127800_25.0.mp4,39
Person_14,happy,MYS_G000010_09072021_01_101_86340_86460_Sample_1174_86340_25.0.mp4,60
Person_14,happy,MYS_G000010_09072021_01_124_13193_13251_Sample_186_13080_25.0.mp4,18
Person_14,happy,MYS_G000010_09072021_01_125_13708_13740_Sample_186_13080_25.0.mp4,32
Person_14,happy,MYS_G000010_09072021_01_130_14918_16070_Sample_196_13740_25.0.mp4,119
Person_14,happy,MYS_G000010_09072021_01_131_16022_16633_Sample_196_13740_25.0.mp4,303
Person_14,happy,MYS_G000010_09072021_01_133_17029_17245_Sample_196_13740_25.0.mp4,79
Person_14,happy,MYS_G000010_09072021_01_163_20183_20275_Sample_248_18120_25.0.mp4,39
Person_14,happy,MYS_G000010_09072021_01_16_88134_88187_Sample_1195_87480_25.0.mp4,23
Person_14,happy,MYS_G000010_09072021_01_177_20881_20970_Sample_280_20880_25.0.mp4,12
Person_14,happy,MYS_G000010_09072021_01_179_21510_21749_Sample_284_21060_25.0.mp4,180
Person_14,happy,MYS_G000010_09072021_01_17_77361_77403_Sample_1026_77100_25.0.mp4,8
Person_14,happy,MYS_G000010_09072021_01_17_89083_89277_Sample_1195_87480_25.0.mp4,36
Person_14,happy,MYS_G000010_09072021_01_18_78196_78359_Sample_1026_77100_25.0.mp4,85
Person_14,happy,MYS_G000010_09072021_01_18_92622_92683_Sample_1195_87480_25.0.mp4,23
Person_14,happy,MYS_G000010_09072021_01_191_3642_3881_Sample_2_0_25.0.mp4,72
Person_14,happy,MYS_G000010_09072021_01_193_5267_5372_Sample_2_0_25.0.mp4,54
Person_14,happy,MYS_G000010_09072021_01_194_5529_5636_Sample_2_0_25.0.mp4,50
Person_14,happy,MYS_G000010_09072021_01_19_78876_78925_Sample_1026_77100_25.0.mp4,31
Person_14,happy,MYS_G000010_09072021_01_19_93604_93710_Sample_1195_87480_25.0.mp4,20
Person_14,happy,MYS_G000010_09072021_01_1_75697_75749_Sample_1000_75660_25.0.mp4,34
Person_14,happy,MYS_G000010_09072021_01_1_9959_10014_Sample_131_9480_25.0.mp4,18
Person_14,happy,MYS_G000010_09072021_01_20_79354_79560_Sample_1026_77100_25.0.mp4,29
Person_14,happy,MYS_G000010_09072021_01_20_93809_93873_Sample_1195_87480_25.0.mp4,28
Person_14,happy,MYS_G000010_09072021_01_21_94694_94750_Sample_1195_87480_25.0.mp4,21
Person_14,happy,MYS_G000010_09072021_01_222_26015_26141_Sample_364_25800_25.0.mp4,66
Person_14,happy,MYS_G000010_09072021_01_227_26160_26340_Sample_371_26160_25.0.mp4,115
Person_14,happy,MYS_G000010_09072021_01_229_26354_26412_Sample_374_26340_25.0.mp4,28
Person_14,happy,MYS_G000010_09072021_01_230_26526_27297_Sample_374_26340_25.0.mp4,87
Person_14,happy,MYS_G000010_09072021_01_23_95489_95637_Sample_1195_87480_25.0.mp4,23
Person_14,happy,MYS_G000010_09072021_01_244_28741_28850_Sample_398_27900_25.0.mp4,59
Person_14,happy,MYS_G000010_09072021_01_246_28895_29615_Sample_398_27900_25.0.mp4,440
Person_14,happy,MYS_G000010_09072021_01_248_29942_30360_Sample_398_27900_25.0.mp4,147
Person_14,happy,MYS_G000010_09072021_01_24_95719_95824_Sample_1195_87480_25.0.mp4,37
Person_14,happy,MYS_G000010_09072021_01_250_1559_1794_Sample_3_0_25.0.mp4,77
Person_14,happy,MYS_G000010_09072021_01_273_30720_31020_Sample_444_30720_25.0.mp4,150
Person_14,happy,MYS_G000010_09072021_01_278_31468_31632_Sample_452_31440_25.0.mp4,28
Person_14,happy,MYS_G000010_09072021_01_279_31682_31786_Sample_452_31440_25.0.mp4,41
Person_14,happy,MYS_G000010_09072021_01_280_31998_32627_Sample_452_31440_25.0.mp4,90
Person_14,happy,MYS_G000010_09072021_01_290_33097_33480_Sample_473_32880_25.0.mp4,174
Person_14,happy,MYS_G000010_09072021_01_294_34192_34467_Sample_482_33540_25.0.mp4,97
Person_14,happy,MYS_G000010_09072021_01_295_34592_34856_Sample_482_33540_25.0.mp4,117
Person_14,happy,MYS_G000010_09072021_01_296_35103_35286_Sample_482_33540_25.0.mp4,108
Person_14,happy,MYS_G000010_09072021_01_297_35095_35627_Sample_482_33540_25.0.mp4,102
Person_14,happy,MYS_G000010_09072021_01_298_35627_35717_Sample_482_33540_25.0.mp4,13
Person_14,happy,MYS_G000010_09072021_01_2_11959_12019_Sample_131_9480_25.0.mp4,27
Person_14,happy,MYS_G000010_09072021_01_2_75752_75901_Sample_1000_75660_25.0.mp4,111
Person_14,happy,MYS_G000010_09072021_01_2_86894_86982_Sample_1177_86580_25.0.mp4,37
Person_14,happy,MYS_G000010_09072021_01_320_38254_38322_Sample_543_37320_25.0.mp4,21
Person_14,happy,MYS_G000010_09072021_01_321_38644_38757_Sample_543_37320_25.0.mp4,38
Person_14,happy,MYS_G000010_09072021_01_336_39241_39352_Sample_566_39240_25.0.mp4,40
Person_14,happy,MYS_G000010_09072021_01_337_39447_39600_Sample_568_39420_25.0.mp4,146
Person_14,happy,MYS_G000010_09072021_01_339_39661_39780_Sample_573_39660_25.0.mp4,62
Person_14,happy,MYS_G000010_09072021_01_340_39840_40218_Sample_578_39840_25.0.mp4,120
Person_14,happy,MYS_G000010_09072021_01_344_40427_40863_Sample_584_40260_25.0.mp4,325
Person_14,happy,MYS_G000010_09072021_01_345_40880_41292_Sample_584_40260_25.0.mp4,38
Person_14,happy,MYS_G000010_09072021_01_346_42070_42830_Sample_584_40260_25.0.mp4,175
Person_14,happy,MYS_G000010_09072021_01_347_43324_43380_Sample_584_40260_25.0.mp4,56
Person_14,happy,MYS_G000010_09072021_01_360_43332_43602_Sample_627_43260_25.0.mp4,63
Person_14,happy,MYS_G000010_09072021_01_361_43637_43823_Sample_627_43260_25.0.mp4,126
Person_14,happy,MYS_G000010_09072021_01_375_44910_44970_Sample_653_44760_25.0.mp4,32
Person_14,happy,MYS_G000010_09072021_01_378_45331_45668_Sample_660_45180_25.0.mp4,48
Person_14,happy,MYS_G000010_09072021_01_3_12227_12341_Sample_131_9480_25.0.mp4,29
Person_14,happy,MYS_G000010_09072021_01_3_96560_96600_Sample_1330_96300_25.0.mp4,31
Person_14,happy,MYS_G000010_09072021_01_493_66904_67091_Sample_829_66600_25.0.mp4,106
Person_14,happy,MYS_G000010_09072021_01_494_67175_67260_Sample_829_66600_25.0.mp4,35
Person_14,happy,MYS_G000010_09072021_01_4_76097_76237_Sample_1005_76020_25.0.mp4,16
Person_14,happy,MYS_G000010_09072021_01_501_67442_67458_Sample_842_67440_25.0.mp4,3
Person_14,happy,MYS_G000010_09072021_01_502_67544_67727_Sample_842_67440_25.0.mp4,38
Person_14,happy,MYS_G000010_09072021_01_503_68721_68825_Sample_842_67440_25.0.mp4,49
Person_14,happy,MYS_G000010_09072021_01_504_68881_69271_Sample_842_67440_25.0.mp4,136
Person_14,happy,MYS_G000010_09072021_01_521_69780_69900_Sample_884_69780_25.0.mp4,60
Person_14,happy,MYS_G000010_09072021_01_528_70303_70394_Sample_893_70020_25.0.mp4,46
Person_14,happy,MYS_G000010_09072021_01_529_70811_70917_Sample_893_70020_25.0.mp4,55
Person_14,happy,MYS_G000010_09072021_01_530_70949_71132_Sample_893_70020_25.0.mp4,42
Person_14,happy,MYS_G000010_09072021_01_531_72026_72400_Sample_893_70020_25.0.mp4,172
Person_14,happy,MYS_G000010_09072021_01_532_72651_72756_Sample_893_70020_25.0.mp4,37
Person_14,happy,MYS_G000010_09072021_01_533_72916_73167_Sample_893_70020_25.0.mp4,96
Person_14,happy,MYS_G000010_09072021_01_534_74070_74181_Sample_893_70020_25.0.mp4,28
Person_14,happy,MYS_G000010_09072021_01_537_75055_75600_Sample_893_70020_25.0.mp4,102
Person_14,happy,MYS_G000010_09072021_01_550_6490_6563_Sample_92_6420_25.0.mp4,39
Person_14,happy,MYS_G000010_09072021_01_551_6651_6947_Sample_92_6420_25.0.mp4,58
Person_14,happy,MYS_G000010_09072021_01_55_82283_82406_Sample_1102_81900_25.0.mp4,80
Person_14,happy,MYS_G000010_09072021_01_57_114136_114241_Sample_1426_113220_25.0.mp4,66
Person_14,happy,MYS_G000010_09072021_01_58_114692_114780_Sample_1426_113220_25.0.mp4,41
Person_14,happy,MYS_G000010_09072021_01_5_76247_76525_Sample_1005_76020_25.0.mp4,205
Person_14,happy,MYS_G000010_09072021_01_5_87121_87213_Sample_1184_87120_25.0.mp4,19
Person_14,happy,MYS_G000010_09072021_01_65_83587_83762_Sample_1128_83520_25.0.mp4,40
Person_14,happy,MYS_G000010_09072021_01_66_83932_83996_Sample_1128_83520_25.0.mp4,20
Person_14,happy,MYS_G000010_09072021_01_6_76590_76676_Sample_1005_76020_25.0.mp4,40
Person_14,happy,MYS_G000010_09072021_01_6_96535_96559_Sample_1330_96300_25.0.mp4,16
Person_14,happy,MYS_G000010_09072021_01_75_8887_9047_Sample_113_7920_25.0.mp4,46
Person_14,happy,MYS_G000010_09072021_01_76_9098_9149_Sample_113_7920_25.0.mp4,21
Person_14,happy,MYS_G000010_09072021_01_7_76699_76777_Sample_1005_76020_25.0.mp4,49
Person_14,happy,MYS_G000010_09072021_01_7_96581_96596_Sample_1330_96300_25.0.mp4,6
Person_14,happy,MYS_G000010_09072021_01_99_85990_86100_Sample_1170_85980_25.0.mp4,76
Person_14,happy,MYS_G000010_13082021_03_102_32045_32071_Sample_471_31980_25.0.mp4,6
Person_14,happy,MYS_G000010_13082021_03_107_33673_33720_Sample_487_33180_25.0.mp4,14
Person_14,happy,MYS_G000010_13082021_03_115_4531_4591_Sample_66_4440_25.0.mp4,22
Person_14,happy,MYS_G000010_13082021_03_116_6018_6083_Sample_66_4440_25.0.mp4,21
Person_14,happy,MYS_G000010_13082021_03_124_6490_6735_Sample_98_6360_25.0.mp4,20
Person_14,happy,MYS_G000010_13082021_03_18_10979_11098_Sample_165_10740_25.0.mp4,12
Person_14,happy,MYS_G000010_13082021_03_32_253_363_Sample_1_0_25.0.mp4,40
Person_14,happy,MYS_G000010_13082021_03_41_17185_17236_Sample_230_15000_25.0.mp4,25
Person_14,happy,MYS_G000010_13082021_03_78_25260_25317_Sample_385_25260_25.0.mp4,27
Person_14,happy,MYS_G000010_13082021_03_80_26260_26400_Sample_387_25380_25.0.mp4,21
Person_14,happy,MYS_G000010_16072021_01_113_2851_2904_Sample_40_2100_25.0.mp4,16
Person_14,happy,MYS_G000010_16072021_01_127_39740_39859_Sample_444_38400_25.0.mp4,34
Person_14,happy,MYS_G000010_16072021_01_172_49781_49924_Sample_535_45180_25.0.mp4,82
Person_14,happy,MYS_G000010_16072021_01_17_612_1025_Sample_13_360_25.0.mp4,100
Person_14,happy,MYS_G000010_16072021_01_277_63556_63599_Sample_719_63540_25.0.mp4,17
Person_14,happy,MYS_G000010_16072021_01_30_19920_19978_Sample_216_19920_25.0.mp4,13
Person_14,happy,MYS_G000010_16072021_01_47_23082_23284_Sample_255_23040_25.0.mp4,26
Person_14,happy,MYS_G000010_16072021_01_73_27921_28086_Sample_311_27720_25.0.mp4,54
Person_14,happy,MYS_G000010_16072021_02_153_46657_46731_Sample_524_46380_25.0.mp4,10
Person_14,happy,MYS_G000010_16072021_02_187_52733_52859_Sample_617_52680_25.0.mp4,19
Person_14,happy,MYS_G000010_16072021_02_190_53040_53105_Sample_631_53040_25.0.mp4,23
Person_14,happy,MYS_G000010_16072021_02_203_55673_55752_Sample_681_55140_25.0.mp4,25
Person_14,happy,MYS_G000010_16072021_02_36_26445_26488_Sample_209_26400_25.0.mp4,5
Person_14,happy,MYS_G000010_16072021_02_4_11397_11477_Sample_115_10740_25.0.mp4,10
Person_14,happy,MYS_G000010_16072021_02_50_34084_34353_Sample_250_28380_25.0.mp4,183
Person_14,happy,MYS_G000010_16072021_02_8_12544_12629_Sample_133_12360_25.0.mp4,57
Person_14,happy,MYS_G000010_16072021_02_9_12720_12840_Sample_136_12720_25.0.mp4,44
Person_14,happy,MYS_G000010_20082021_01_23_8641_8698_Sample_158_8640_25.0.mp4,6
Person_14,happy,MYS_G000010_20082021_01_24_8742_8781_Sample_158_8640_25.0.mp4,14
Person_14,happy,MYS_G000010_20082021_01_25_9038_9086_Sample_158_8640_25.0.mp4,16
Person_14,happy,MYS_G000010_20082021_01_46_10604_10671_Sample_189_10320_25.0.mp4,13
Person_14,happy,MYS_G000010_20082021_01_47_10700_10777_Sample_189_10320_25.0.mp4,34
Person_14,happy,MYS_G000010_20082021_01_48_10819_11058_Sample_189_10320_25.0.mp4,88
Person_14,happy,MYS_G000010_20082021_01_49_11063_11095_Sample_189_10320_25.0.mp4,14
Person_14,happy,MYS_G000010_20082021_01_78_16929_17000_Sample_274_15060_25.0.mp4,16
Person_14,happy,MYS_G000010_20082021_01_79_17148_17210_Sample_274_15060_25.0.mp4,17
Person_14,happy,MYS_G000010_20082021_01_97_18929_19040_Sample_323_18180_25.0.mp4,48
Person_14,happy,MYS_G000010_20082021_01_98_19133_19289_Sample_323_18180_25.0.mp4,107
Person_14,happy,MYS_G000010_20082021_01_99_19299_19521_Sample_323_18180_25.0.mp4,71
Person_14,happy,MYS_G000010_21052021_01_1_238_417_Sample_0_0_25.0.mp4,153
Person_14,happy,MYS_G000010_21052021_01_21_14316_14459_Sample_158_13680_25.0.mp4,39
Person_14,happy,MYS_G000010_21052021_01_33_18461_18592_Sample_206_16560_25.0.mp4,17
Person_14,happy,MYS_G000010_21052021_01_41_2156_2277_Sample_22_1620_25.0.mp4,35
Person_14,happy,MYS_G000010_21052021_01_46_22289_22559_Sample_243_18960_25.0.mp4,116
Person_14,happy,MYS_G000010_21052021_01_58_2453_2495_Sample_28_2400_25.0.mp4,11
Person_14,happy,MYS_G000010_21052021_01_6_970_1036_Sample_10_720_25.0.mp4,11
Person_14,happy,MYS_G000010_21052021_01_78_32512_32627_Sample_358_28440_25.0.mp4,22
Person_14,happy,MYS_G000010_21052021_02_112_29799_29952_Sample_411_29340_25.0.mp4,63
Person_14,happy,MYS_G000010_21052021_02_121_30720_31560_Sample_437_30720_25.0.mp4,420
Person_14,happy,MYS_G000010_21052021_02_168_50712_50741_Sample_727_50040_25.0.mp4,12
Person_14,happy,MYS_G000010_21052021_02_177_51279_51398_Sample_742_51240_25.0.mp4,38
Person_14,happy,MYS_G000010_21052021_02_178_52676_52745_Sample_742_51240_25.0.mp4,31
Person_14,happy,MYS_G000010_21052021_02_179_52786_52860_Sample_742_51240_25.0.mp4,52
Person_14,happy,MYS_G000010_21052021_02_191_52920_53056_Sample_771_52920_25.0.mp4,28
Person_14,happy,MYS_G000010_21052021_02_192_53514_53626_Sample_771_52920_25.0.mp4,35
Person_14,happy,MYS_G000010_21052021_02_193_53861_53978_Sample_771_52920_25.0.mp4,27
Person_14,happy,MYS_G000010_21052021_02_213_60310_60364_Sample_882_60300_25.0.mp4,19
Person_14,happy,MYS_G000010_21052021_02_222_65487_65543_Sample_973_65160_25.0.mp4,21
Person_14,happy,MYS_G000010_21052021_02_223_65543_65614_Sample_973_65160_25.0.mp4,22
Person_14,happy,MYS_G000010_21052021_02_24_70632_70727_Sample_1057_70440_25.0.mp4,20
Person_14,happy,MYS_G000010_21052021_02_25_71791_71942_Sample_1057_70440_25.0.mp4,76
Person_14,happy,MYS_G000010_21052021_02_26_72775_72917_Sample_1057_70440_25.0.mp4,49
Person_14,happy,MYS_G000010_21052021_02_2_69123_69164_Sample_1022_68460_25.0.mp4,17
Person_14,happy,MYS_G000010_21052021_02_3_69357_69456_Sample_1022_68460_25.0.mp4,49
Person_14,happy,MYS_G000010_21052021_02_89_26206_26336_Sample_340_25920_25.0.mp4,46
Person_14,happy,MYS_G000010_21052021_02_90_27026_27130_Sample_340_25920_25.0.mp4,68
Person_14,happy,MYS_G000010_21052021_02_91_27683_28009_Sample_340_25920_25.0.mp4,118
Person_14,happy,MYS_G000010_23072021_01_107_27843_27908_Sample_214_27840_25.0.mp4,37
Person_14,happy,MYS_G000010_23072021_01_108_27964_28009_Sample_214_27840_25.0.mp4,16
Person_14,happy,MYS_G000010_23072021_01_143_6860_6927_Sample_44_6840_25.0.mp4,32
Person_14,happy,MYS_G000010_23072021_01_144_6939_6991_Sample_44_6840_25.0.mp4,25
Person_14,happy,MYS_G000010_23072021_01_147_313_731_Sample_4_300_25.0.mp4,310
Person_14,happy,MYS_G000010_23072021_01_148_818_883_Sample_4_300_25.0.mp4,34
Person_14,happy,MYS_G000010_23072021_01_149_1063_1153_Sample_4_300_25.0.mp4,32
Person_14,happy,MYS_G000010_23072021_01_150_1790_1849_Sample_4_300_25.0.mp4,26
Person_14,happy,MYS_G000010_23072021_01_151_1855_2011_Sample_4_300_25.0.mp4,32
Person_14,happy,MYS_G000010_23072021_01_152_2033_2221_Sample_4_300_25.0.mp4,51
Person_14,happy,MYS_G000010_23072021_01_153_2218_2435_Sample_4_300_25.0.mp4,40
Person_14,happy,MYS_G000010_23072021_01_154_2433_2527_Sample_4_300_25.0.mp4,46
Person_14,happy,MYS_G000010_23072021_01_155_2557_2610_Sample_4_300_25.0.mp4,19
Person_14,happy,MYS_G000010_23072021_01_156_2883_2955_Sample_4_300_25.0.mp4,22
Person_14,happy,MYS_G000010_23072021_01_157_3146_3237_Sample_4_300_25.0.mp4,39
Person_14,happy,MYS_G000010_23072021_01_158_3236_3420_Sample_4_300_25.0.mp4,154
Person_14,happy,MYS_G000010_23072021_01_159_8352_8493_Sample_56_8220_25.0.mp4,20
Person_14,happy,MYS_G000010_23072021_01_161_8719_8750_Sample_56_8220_25.0.mp4,10
Person_14,happy,MYS_G000010_23072021_01_173_9486_9594_Sample_65_9180_25.0.mp4,50
Person_14,happy,MYS_G000010_23072021_01_174_9640_10020_Sample_65_9180_25.0.mp4,301
Person_14,happy,MYS_G000010_23072021_01_17_21949_22001_Sample_124_19020_25.0.mp4,14
Person_14,happy,MYS_G000010_23072021_01_182_10020_10181_Sample_73_10020_25.0.mp4,56
Person_14,happy,MYS_G000010_23072021_01_183_10199_10483_Sample_73_10020_25.0.mp4,192
Person_14,happy,MYS_G000010_23072021_01_184_10328_10760_Sample_73_10020_25.0.mp4,20
Person_14,happy,MYS_G000010_23072021_01_185_11645_11771_Sample_73_10020_25.0.mp4,24
Person_14,happy,MYS_G000010_23072021_01_186_11810_11933_Sample_73_10020_25.0.mp4,41
Person_14,happy,MYS_G000010_23072021_01_187_11936_12038_Sample_73_10020_25.0.mp4,45
Person_14,happy,MYS_G000010_23072021_01_188_12072_12197_Sample_73_10020_25.0.mp4,59
Person_14,happy,MYS_G000010_23072021_01_189_12200_12335_Sample_73_10020_25.0.mp4,34
Person_14,happy,MYS_G000010_23072021_01_18_22022_22120_Sample_124_19020_25.0.mp4,30
Person_14,happy,MYS_G000010_23072021_01_19_23824_23873_Sample_124_19020_25.0.mp4,34
Person_14,happy,MYS_G000010_23072021_01_1_15001_15059_Sample_106_15000_25.0.mp4,7
Person_14,happy,MYS_G000010_23072021_01_20_23884_23989_Sample_124_19020_25.0.mp4,74
Person_14,happy,MYS_G000010_23072021_01_21_24045_24120_Sample_124_19020_25.0.mp4,43
Person_14,happy,MYS_G000010_23072021_01_22_24178_24227_Sample_124_19020_25.0.mp4,26
Person_14,happy,MYS_G000010_23072021_01_25_25268_25417_Sample_124_19020_25.0.mp4,25
Person_14,happy,MYS_G000010_23072021_01_26_25304_25349_Sample_124_19020_25.0.mp4,6
Person_14,happy,MYS_G000010_23072021_01_27_25682_25747_Sample_124_19020_25.0.mp4,29
Person_14,happy,MYS_G000010_23072021_01_28_26302_26443_Sample_124_19020_25.0.mp4,40
Person_14,happy,MYS_G000010_23072021_01_29_26486_26738_Sample_124_19020_25.0.mp4,156
Person_14,happy,MYS_G000010_23072021_01_30_26767_26859_Sample_124_19020_25.0.mp4,42
Person_14,happy,MYS_G000010_23072021_01_31_27059_27207_Sample_124_19020_25.0.mp4,41
Person_14,happy,MYS_G000010_23072021_01_32_27294_27355_Sample_124_19020_25.0.mp4,25
Person_14,happy,MYS_G000010_23072021_01_76_3533_3593_Sample_17_3480_25.0.mp4,31
Person_14,happy,MYS_G000010_23072021_01_77_3633_3684_Sample_17_3480_25.0.mp4,15
Person_14,happy,MYS_G000010_23072021_05_20_1406_1845_Sample_19_720_25.0.mp4,29
Person_14,happy,MYS_G000010_23072021_05_27_17389_17450_Sample_224_17280_25.0.mp4,17
Person_14,happy,MYS_G000010_23072021_05_44_21891_22579_Sample_278_21840_25.0.mp4,572
Person_14,happy,MYS_G000010_23072021_05_49_23696_23839_Sample_296_23280_25.0.mp4,67
Person_14,happy,MYS_G000010_23072021_05_5_7740_7884_Sample_112_7740_25.0.mp4,17
Person_14,happy,MYS_G000010_23072021_05_67_3448_3638_Sample_46_2940_25.0.mp4,40
Person_14,happy,MYS_G000010_23072021_05_7_8080_8171_Sample_115_8040_25.0.mp4,43
Person_14,happy,MYS_G000010_27082021_01_10_98756_98786_Sample_1029_98460_25.0.mp4,12
Person_14,happy,MYS_G000010_27082021_01_120_26622_26703_Sample_264_26460_25.0.mp4,22
Person_14,happy,MYS_G000010_27082021_01_126_28566_28634_Sample_292_28140_25.0.mp4,15
Person_14,happy,MYS_G000010_27082021_01_138_31312_31412_Sample_325_30840_25.0.mp4,50
Person_14,happy,MYS_G000010_27082021_01_13_101822_101899_Sample_1037_99120_25.0.mp4,14
Person_14,happy,MYS_G000010_27082021_01_144_32190_32304_Sample_345_32160_25.0.mp4,51
Person_14,happy,MYS_G000010_27082021_01_189_52140_52301_Sample_543_51720_25.0.mp4,91
Person_14,happy,MYS_G000010_27082021_01_212_63962_64017_Sample_643_62340_25.0.mp4,13
Person_14,happy,MYS_G000010_27082021_01_229_70641_70768_Sample_722_69840_25.0.mp4,27
Person_14,happy,MYS_G000010_27082021_01_256_91725_92115_Sample_884_85080_25.0.mp4,16
Person_14,happy,MYS_G000010_27082021_01_270_88897_88956_Sample_925_88320_25.0.mp4,21
Person_14,happy,MYS_G000010_27082021_01_288_94705_94896_Sample_994_94620_25.0.mp4,70
Person_14,happy,MYS_G000010_27082021_01_28_102863_103260_Sample_1080_102540_25.0.mp4,43
Person_14,happy,MYS_G000010_27082021_01_32_105538_105875_Sample_1091_103440_25.0.mp4,17
Person_14,happy,MYS_G000010_27082021_01_92_20871_21033_Sample_174_16980_25.0.mp4,32
Person_14,happy,MYS_G000010_30042021_01_306_15112_15180_Sample_247_15060_25.0.mp4,33
Person_14,happy,MYS_G000010_30042021_01_33_66556_66638_Sample_1093_66540_25.0.mp4,19
Person_14,happy,MYS_G000010_30042021_01_343_160742_160777_Sample_2660_160740_25.0.mp4,7
Person_14,happy,MYS_G000010_30042021_01_348_161259_161348_Sample_2670_161220_25.0.mp4,36
Person_14,happy,MYS_G000010_30042021_01_364_163509_163547_Sample_2714_163140_25.0.mp4,27
Person_14,happy,MYS_G000010_30042021_01_366_164103_164242_Sample_2714_163140_25.0.mp4,43
Person_14,happy,MYS_G000010_30042021_01_377_165195_165261_Sample_2748_165060_25.0.mp4,15
Person_14,happy,MYS_G000010_30042021_01_379_166120_166177_Sample_2748_165060_25.0.mp4,32
Person_14,happy,MYS_G000010_30042021_01_391_166740_166807_Sample_2781_166740_25.0.mp4,19
Person_14,happy,MYS_G000010_30042021_01_395_168592_168799_Sample_2796_167700_25.0.mp4,39
Person_14,happy,MYS_G000010_30042021_01_396_169430_169743_Sample_2796_167700_25.0.mp4,82
Person_14,happy,MYS_G000010_30042021_01_409_169087_169129_Sample_2829_169020_25.0.mp4,27
Person_14,happy,MYS_G000010_30042021_01_430_21208_21267_Sample_332_20880_25.0.mp4,35
Person_14,happy,MYS_G000010_30042021_01_438_22862_22993_Sample_357_22680_25.0.mp4,31
Person_14,happy,MYS_G000010_30042021_01_439_22978_23040_Sample_357_22680_25.0.mp4,62
Person_14,happy,MYS_G000010_30042021_01_441_23160_23280_Sample_363_23160_25.0.mp4,18
Person_14,happy,MYS_G000010_30042021_01_443_23400_23427_Sample_369_23400_25.0.mp4,8
Person_14,happy,MYS_G000010_30042021_01_444_23490_23621_Sample_369_23400_25.0.mp4,53
Person_14,happy,MYS_G000010_30042021_01_445_23618_23928_Sample_369_23400_25.0.mp4,34
Person_14,happy,MYS_G000010_30042021_01_450_2343_2447_Sample_38_2280_25.0.mp4,37
Person_14,happy,MYS_G000010_30042021_01_452_24481_24600_Sample_384_24480_25.0.mp4,16
Person_14,happy,MYS_G000010_30042021_01_480_29640_29779_Sample_456_29640_25.0.mp4,13
Person_14,happy,MYS_G000010_30042021_01_481_30097_30209_Sample_463_29940_25.0.mp4,65
Person_14,happy,MYS_G000010_30042021_01_482_30242_30537_Sample_463_29940_25.0.mp4,182
Person_14,happy,MYS_G000010_30042021_01_483_31043_31122_Sample_463_29940_25.0.mp4,36
Person_14,happy,MYS_G000010_30042021_01_519_3710_3834_Sample_54_3300_25.0.mp4,74
Person_14,happy,MYS_G000010_30042021_01_520_4016_4174_Sample_54_3300_25.0.mp4,59
Person_14,happy,MYS_G000010_30042021_01_593_46080_46200_Sample_749_46080_25.0.mp4,15
Person_14,happy,MYS_G000010_30042021_01_604_48572_48600_Sample_797_48480_25.0.mp4,12
Person_14,happy,MYS_G000010_30042021_01_624_52272_52426_Sample_863_52260_25.0.mp4,24
Person_14,happy,MYS_G000010_30042021_01_62_77105_77196_Sample_1252_77100_25.0.mp4,20
Person_14,happy,MYS_G000010_30042021_01_63_77520_77737_Sample_1259_77520_25.0.mp4,69
Person_14,happy,MYS_G000010_30042021_01_68_77866_77919_Sample_1265_77820_25.0.mp4,46
Person_14,happy,MYS_G000010_30042021_01_69_80590_80834_Sample_1295_80280_25.0.mp4,89
Person_14,happy,MYS_G000010_30042021_01_84_86117_86295_Sample_1387_85860_25.0.mp4,138
Person_14,happy,MYS_G000115_02052021_114_62940_63052_Sample_296_62940_25.0.mp4,21
Person_14,happy,MYS_G000115_02052021_115_63211_63268_Sample_296_62940_25.0.mp4,22
Person_14,happy,MYS_G000115_02052021_116_63306_63353_Sample_296_62940_25.0.mp4,20
Person_14,happy,MYS_G000115_02052021_12_104057_104206_Sample_446_103440_25.0.mp4,45
Person_14,happy,MYS_G000115_02052021_13_104690_104940_Sample_448_104280_25.0.mp4,74
Person_14,happy,MYS_G000115_02052021_145_74970_75008_Sample_355_74820_25.0.mp4,16
Person_14,happy,MYS_G000115_02052021_146_75029_75112_Sample_355_74820_25.0.mp4,38
Person_14,happy,MYS_G000115_02052021_14_105000_105232_Sample_452_105000_25.0.mp4,56
Person_14,happy,MYS_G000115_02052021_15_105236_105290_Sample_452_105000_25.0.mp4,31
Person_14,happy,MYS_G000115_02052021_16_105300_105381_Sample_453_105300_25.0.mp4,19
Person_14,happy,MYS_G000115_02052021_18_106414_106483_Sample_461_106320_25.0.mp4,32
Person_14,happy,MYS_G000115_02052021_19_106830_107123_Sample_463_106800_25.0.mp4,73
Person_14,happy,MYS_G000115_02052021_1_91944_91975_Sample_409_91920_25.0.mp4,15
Person_14,happy,MYS_G000115_02052021_32_110604_110769_Sample_468_108240_25.0.mp4,30
Person_14,happy,MYS_G000115_02052021_33_110947_110969_Sample_468_108240_25.0.mp4,10
Person_14,happy,MYS_G000115_02052021_34_111006_111180_Sample_468_108240_25.0.mp4,20
Person_14,happy,MYS_G000115_02052021_35_111240_111540_Sample_475_111240_25.0.mp4,216
Person_14,happy,MYS_G000115_02052021_37_15329_15481_Sample_48_9540_25.0.mp4,56
Person_14,happy,MYS_G000115_02052021_39_16341_16552_Sample_48_9540_25.0.mp4,28
Person_14,happy,MYS_G000115_02052021_93_59718_59809_Sample_279_59640_25.0.mp4,43
Person_14,happy,MYS_G000115_02052021_97_61105_61167_Sample_284_60780_25.0.mp4,24
Person_14,happy,MYS_G000115_09052021_147_141481_141540_Sample_471_141240_25.0.mp4,27
Person_14,happy,MYS_G000115_09052021_152_145005_145125_Sample_482_143160_25.0.mp4,46
Person_14,happy,MYS_G000115_09052021_153_147097_147178_Sample_489_145320_25.0.mp4,18
Person_14,happy,MYS_G000115_09052021_175_24680_24801_Sample_76_24120_25.0.mp4,15
Person_14,happy,MYS_G000115_09052021_178_26449_26515_Sample_85_26340_25.0.mp4,18
Person_14,happy,MYS_G000115_09052021_179_780_825_Sample_8_780_25.0.mp4,19
Person_14,happy,MYS_G000115_09052021_17_1261_1336_Sample_12_1200_25.0.mp4,18
Person_14,happy,MYS_G000115_09052021_28_41916_42066_Sample_148_41880_25.0.mp4,38
Person_14,happy,MYS_G000115_09052021_29_42958_43021_Sample_150_42660_25.0.mp4,12
Person_14,happy,MYS_G000115_09052021_36_48727_49080_Sample_166_48540_25.0.mp4,45
Person_14,happy,MYS_G000115_09052021_38_49727_49800_Sample_168_49620_25.0.mp4,54
Person_14,happy,MYS_G000115_09052021_41_50560_50660_Sample_173_50040_25.0.mp4,58
Person_14,happy,MYS_G000115_09052021_50_57510_57605_Sample_194_56460_25.0.mp4,20
Person_14,happy,MYS_G000115_09052021_56_59238_59271_Sample_203_59160_25.0.mp4,13
Person_14,happy,MYS_G000115_09052021_71_69606_69860_Sample_249_69240_25.0.mp4,35
Person_14,happy,MYS_G000115_16052021_30_42742_42880_Sample_218_39300_25.0.mp4,52
Person_14,happy,MYS_G000115_16052021_78_27430_27535_Sample_84_16440_25.0.mp4,67
Person_14,happy,MYS_G000115_18072021_27_17161_17306_Sample_163_15600_25.0.mp4,28
Person_14,happy,MYS_G000120_01052021_100_171142_171427_Sample_1109_170460_25.0.mp4,88
Person_14,happy,MYS_G000120_01052021_101_171497_171823_Sample_1109_170460_25.0.mp4,129
Person_14,happy,MYS_G000120_01052021_101_36773_36824_Sample_215_32520_25.0.mp4,34
Person_14,happy,MYS_G000120_01052021_102_172095_172286_Sample_1109_170460_25.0.mp4,85
Person_14,happy,MYS_G000120_01052021_102_36911_37049_Sample_215_32520_25.0.mp4,86
Person_14,happy,MYS_G000120_01052021_103_172450_172689_Sample_1109_170460_25.0.mp4,100
Person_14,happy,MYS_G000120_01052021_103_37132_37244_Sample_215_32520_25.0.mp4,53
Person_14,happy,MYS_G000120_01052021_104_172697_172732_Sample_1109_170460_25.0.mp4,22
Person_14,happy,MYS_G000120_01052021_104_37490_37626_Sample_215_32520_25.0.mp4,72
Person_14,happy,MYS_G000120_01052021_105_172819_172942_Sample_1109_170460_25.0.mp4,57
Person_14,happy,MYS_G000120_01052021_106_173242_173464_Sample_1109_170460_25.0.mp4,48
Person_14,happy,MYS_G000120_01052021_107_175833_175912_Sample_1109_170460_25.0.mp4,29
Person_14,happy,MYS_G000120_01052021_108_176004_176182_Sample_1109_170460_25.0.mp4,119
Person_14,happy,MYS_G000120_01052021_116_120060_120234_Sample_774_120060_25.0.mp4,54
Person_14,happy,MYS_G000120_01052021_117_120763_120936_Sample_774_120060_25.0.mp4,75
Person_14,happy,MYS_G000120_01052021_127_125820_125895_Sample_813_125820_25.0.mp4,22
Person_14,happy,MYS_G000120_01052021_138_40078_40170_Sample_262_39360_25.0.mp4,28
Person_14,happy,MYS_G000120_01052021_154_133325_133502_Sample_856_133200_25.0.mp4,66
Person_14,happy,MYS_G000120_01052021_155_133873_134009_Sample_856_133200_25.0.mp4,51
Person_14,happy,MYS_G000120_01052021_191_145380_145490_Sample_950_145380_25.0.mp4,31
Person_14,happy,MYS_G000120_01052021_194_153038_153096_Sample_950_145380_25.0.mp4,47
Person_14,happy,MYS_G000120_01052021_19_24182_24240_Sample_158_24120_25.0.mp4,23
Person_14,happy,MYS_G000120_01052021_1_22107_22117_Sample_142_21960_25.0.mp4,2
Person_14,happy,MYS_G000120_01052021_22_96909_96990_Sample_607_96840_25.0.mp4,45
Person_14,happy,MYS_G000120_01052021_24_68925_69006_Sample_452_67620_25.0.mp4,31
Person_14,happy,MYS_G000120_01052021_28_162290_162408_Sample_1052_162120_25.0.mp4,20
Person_14,happy,MYS_G000120_01052021_2_22890_22981_Sample_142_21960_25.0.mp4,49
Person_14,happy,MYS_G000120_01052021_31_179846_179930_Sample_1140_177540_25.0.mp4,19
Person_14,happy,MYS_G000120_01052021_34_24360_24698_Sample_162_24360_25.0.mp4,105
Person_14,happy,MYS_G000120_01052021_35_24789_24969_Sample_162_24360_25.0.mp4,84
Person_14,happy,MYS_G000120_01052021_36_25089_25216_Sample_162_24360_25.0.mp4,48
Person_14,happy,MYS_G000120_01052021_37_25313_25466_Sample_162_24360_25.0.mp4,91
Person_14,happy,MYS_G000120_01052021_39_26646_26913_Sample_162_24360_25.0.mp4,198
Person_14,happy,MYS_G000120_01052021_3_23059_23389_Sample_142_21960_25.0.mp4,31
Person_14,happy,MYS_G000120_01052021_40_26970_27209_Sample_162_24360_25.0.mp4,95
Person_14,happy,MYS_G000120_01052021_41_27330_27798_Sample_162_24360_25.0.mp4,83
Person_14,happy,MYS_G000120_01052021_42_184546_184583_Sample_1163_184500_25.0.mp4,8
Person_14,happy,MYS_G000120_01052021_43_184602_184770_Sample_1163_184500_25.0.mp4,41
Person_14,happy,MYS_G000120_01052021_43_28376_28500_Sample_162_24360_25.0.mp4,49
Person_14,happy,MYS_G000120_01052021_44_185767_185860_Sample_1163_184500_25.0.mp4,43
Person_14,happy,MYS_G000120_01052021_45_185947_186012_Sample_1163_184500_25.0.mp4,32
Person_14,happy,MYS_G000120_01052021_46_186310_186564_Sample_1163_184500_25.0.mp4,75
Person_14,happy,MYS_G000120_01052021_47_186845_187120_Sample_1163_184500_25.0.mp4,137
Person_14,happy,MYS_G000120_01052021_48_187179_187456_Sample_1163_184500_25.0.mp4,129
Person_14,happy,MYS_G000120_01052021_49_5451_5605_Sample_35_4380_25.0.mp4,64
Person_14,happy,MYS_G000120_01052021_4_22892_22963_Sample_143_22140_25.0.mp4,55
Person_14,happy,MYS_G000120_01052021_4_63071_63236_Sample_421_63000_25.0.mp4,23
Person_14,happy,MYS_G000120_01052021_4_88496_88592_Sample_570_87840_25.0.mp4,22
Person_14,happy,MYS_G000120_01052021_54_53485_53699_Sample_357_52920_25.0.mp4,55
Person_14,happy,MYS_G000120_01052021_55_53768_53974_Sample_357_52920_25.0.mp4,110
Person_14,happy,MYS_G000120_01052021_57_187980_188029_Sample_1179_187980_25.0.mp4,14
Person_14,happy,MYS_G000120_01052021_59_72901_72937_Sample_484_72900_25.0.mp4,20
Person_14,happy,MYS_G000120_01052021_5_23102_23412_Sample_143_22140_25.0.mp4,64
Person_14,happy,MYS_G000120_01052021_60_169599_169881_Sample_1088_166860_25.0.mp4,200
Person_14,happy,MYS_G000120_01052021_60_72956_73054_Sample_484_72900_25.0.mp4,25
Person_14,happy,MYS_G000120_01052021_61_170307_170400_Sample_1088_166860_25.0.mp4,62
Person_14,happy,MYS_G000120_01052021_61_73363_73467_Sample_484_72900_25.0.mp4,54
Person_14,happy,MYS_G000120_01052021_62_75309_75452_Sample_484_72900_25.0.mp4,24
Person_14,happy,MYS_G000120_01052021_64_79507_79598_Sample_484_72900_25.0.mp4,28
Person_14,happy,MYS_G000120_01052021_67_10522_10577_Sample_70_10080_25.0.mp4,25
Person_14,happy,MYS_G000120_01052021_67_56337_56406_Sample_375_55620_25.0.mp4,33
Person_14,happy,MYS_G000120_01052021_68_56466_56636_Sample_375_55620_25.0.mp4,54
Person_14,happy,MYS_G000120_01052021_71_29616_29879_Sample_191_29340_25.0.mp4,85
Person_14,happy,MYS_G000120_01052021_72_30390_30565_Sample_191_29340_25.0.mp4,88
Person_14,happy,MYS_G000120_01052021_73_32361_32416_Sample_191_29340_25.0.mp4,34
Person_14,happy,MYS_G000120_01052021_79_192316_192402_Sample_1208_191100_25.0.mp4,49
Person_14,happy,MYS_G000120_01052021_80_194729_194838_Sample_1208_191100_25.0.mp4,35
Person_14,happy,MYS_G000120_01052021_83_111240_111384_Sample_716_111240_25.0.mp4,22
Person_14,happy,MYS_G000120_01052021_84_111411_111508_Sample_716_111240_25.0.mp4,47
Person_14,happy,MYS_G000120_01052021_91_112581_112779_Sample_722_112260_25.0.mp4,55
Person_14,happy,MYS_G000120_01052021_92_113925_114244_Sample_722_112260_25.0.mp4,95
Person_14,happy,MYS_G000120_01052021_93_114919_115029_Sample_722_112260_25.0.mp4,38
Person_14,happy,MYS_G000120_01052021_99_170679_171017_Sample_1109_170460_25.0.mp4,54
Person_14,happy,MYS_G000120_01052021_9_84757_84831_Sample_546_83640_25.0.mp4,35
Person_14,happy,MYS_G000120_03072021_199_70340_70380_Sample_367_70140_25.0.mp4,27
Person_14,happy,MYS_G000120_03072021_203_70441_70496_Sample_371_70440_25.0.mp4,12
Person_14,happy,MYS_G000120_03072021_204_70441_70502_Sample_372_70440_25.0.mp4,18
Person_14,happy,MYS_G000120_03072021_206_70941_70998_Sample_375_70920_25.0.mp4,11
Person_14,happy,MYS_G000120_03072021_207_70979_71026_Sample_375_70920_25.0.mp4,27
Person_14,happy,MYS_G000120_03072021_232_73004_73183_Sample_399_72900_25.0.mp4,40
Person_14,happy,MYS_G000120_03072021_233_74508_74563_Sample_399_72900_25.0.mp4,14
Person_14,happy,MYS_G000120_03072021_234_74670_74690_Sample_399_72900_25.0.mp4,5
Person_14,happy,MYS_G000120_03072021_2_14830_14917_Sample_106_14340_25.0.mp4,52
Person_14,happy,MYS_G000120_03072021_313_13341_13397_Sample_82_11520_25.0.mp4,21
Person_14,happy,MYS_G000120_03072021_44_24247_24301_Sample_163_23820_25.0.mp4,48
Person_14,happy,MYS_G000120_03072021_79_54229_54282_Sample_241_53940_25.0.mp4,26
Person_14,happy,MYS_G000120_03072021_81_54829_54881_Sample_245_54540_25.0.mp4,34
Person_14,happy,MYS_G000120_03072021_85_54900_54983_Sample_247_54900_25.0.mp4,34
Person_14,happy,MYS_G000120_03072021_94_55779_55872_Sample_250_55680_25.0.mp4,19
Person_14,happy,MYS_G000120_03072021_95_55904_55981_Sample_250_55680_25.0.mp4,12
Person_14,happy,MYS_G000120_09052021_15_66115_66152_Sample_489_65520_25.0.mp4,14
Person_14,happy,MYS_G000120_09052021_17_27164_27212_Sample_181_27120_25.0.mp4,27
Person_14,happy,MYS_G000120_09052021_19_27879_27941_Sample_184_27720_25.0.mp4,12
Person_14,happy,MYS_G000120_09052021_20_73686_73740_Sample_532_73320_25.0.mp4,15
Person_14,happy,MYS_G000120_09052021_22_9394_9564_Sample_53_7080_25.0.mp4,24
Person_14,happy,MYS_G000120_09052021_23_74507_74590_Sample_542_74400_25.0.mp4,13
Person_14,happy,MYS_G000120_09052021_24_28621_28664_Sample_193_28620_25.0.mp4,17
Person_14,happy,MYS_G000120_09052021_24_74760_74884_Sample_546_74760_25.0.mp4,36
Person_14,happy,MYS_G000120_09052021_27_75677_75720_Sample_553_75540_25.0.mp4,12
Person_14,happy,MYS_G000120_09052021_29_10838_11003_Sample_56_7440_25.0.mp4,134
Person_14,happy,MYS_G000120_09052021_31_82320_82630_Sample_596_82320_25.0.mp4,37
Person_14,happy,MYS_G000120_09052021_32_34980_35121_Sample_231_34980_25.0.mp4,15
Person_14,happy,MYS_G000120_09052021_33_35226_35395_Sample_232_35220_25.0.mp4,80
Person_14,happy,MYS_G000120_09052021_35_35949_35987_Sample_242_35940_25.0.mp4,19
Person_14,happy,MYS_G000120_09052021_35_87662_87851_Sample_628_87240_25.0.mp4,30
Person_14,happy,MYS_G000120_09052021_37_36808_36888_Sample_246_36600_25.0.mp4,60
Person_14,happy,MYS_G000120_09052021_3_17381_17475_Sample_103_17100_25.0.mp4,15
Person_14,happy,MYS_G000120_09052021_41_91794_91863_Sample_663_91620_25.0.mp4,27
Person_14,happy,MYS_G000120_09052021_42_92880_93024_Sample_671_92880_25.0.mp4,72
Person_14,happy,MYS_G000120_09052021_4_19536_19618_Sample_115_18540_25.0.mp4,54
Person_14,happy,MYS_G000120_09052021_4_58630_58828_Sample_416_58620_25.0.mp4,48
Person_14,happy,MYS_G000120_09052021_50_40208_40320_Sample_281_40200_25.0.mp4,46
Person_14,happy,MYS_G000120_09052021_59_5915_6058_Sample_31_4800_25.0.mp4,16
Person_14,happy,MYS_G000120_09052021_60_45683_45720_Sample_320_44880_25.0.mp4,18
Person_14,happy,MYS_G000120_09052021_61_102803_102875_Sample_755_102600_25.0.mp4,40
Person_14,happy,MYS_G000120_09052021_62_103393_103434_Sample_759_103320_25.0.mp4,20
Person_14,happy,MYS_G000120_09052021_6_59280_59302_Sample_420_59280_25.0.mp4,5
Person_14,happy,MYS_G000120_09052021_71_50247_50376_Sample_355_49680_25.0.mp4,20
Person_14,happy,MYS_G000120_09052021_74_16090_16204_Sample_94_16020_25.0.mp4,67
Person_14,happy,MYS_G000120_09052021_8_21497_21597_Sample_128_20340_25.0.mp4,46
Person_14,happy,MYS_G000120_11072021_144_47290_47328_Sample_313_46560_25.0.mp4,21
Person_14,happy,MYS_G000120_11072021_157_52702_52804_Sample_347_52440_25.0.mp4,22
Person_14,happy,MYS_G000120_11072021_180_59046_59095_Sample_406_58980_25.0.mp4,21
Person_14,happy,MYS_G000120_11072021_182_65493_65641_Sample_412_59640_25.0.mp4,49
Person_14,happy,MYS_G000120_11072021_1_7266_7389_Sample_0_0_25.0.mp4,39
Person_14,happy,MYS_G000120_11072021_221_75593_75681_Sample_499_69900_25.0.mp4,36
Person_14,happy,MYS_G000120_11072021_222_7268_7376_Sample_49_7140_25.0.mp4,16
Person_14,happy,MYS_G000120_11072021_262_13591_13718_Sample_90_13500_25.0.mp4,23
Person_14,happy,MYS_G000120_11072021_280_14569_14691_Sample_98_14520_25.0.mp4,12
Person_14,happy,MYS_G000120_11072021_84_19209_19290_Sample_123_17820_25.0.mp4,23
Person_14,happy,MYS_G000120_11072021_90_19998_20073_Sample_138_19980_25.0.mp4,16
Person_14,happy,MYS_G000120_11072021_91_19996_20071_Sample_139_19980_25.0.mp4,18
Person_14,happy,MYS_G000120_11072021_93_22669_22724_Sample_146_21180_25.0.mp4,12
Person_14,happy,MYS_G000120_15052021_115_77614_77703_Sample_438_77520_25.0.mp4,29
Person_14,happy,MYS_G000120_15052021_24_29359_29401_Sample_189_29340_25.0.mp4,19
Person_14,happy,MYS_G000120_15052021_37_36840_36950_Sample_223_36840_25.0.mp4,12
Person_14,happy,MYS_G000120_15052021_4_15723_15783_Sample_115_14880_25.0.mp4,14
Person_14,happy,MYS_G000120_15052021_52_42720_42766_Sample_248_42720_25.0.mp4,13
Person_14,happy,MYS_G000120_15052021_55_43474_43504_Sample_251_42960_25.0.mp4,13
Person_14,happy,MYS_G000120_15052021_61_45007_45081_Sample_264_45000_25.0.mp4,18
Person_14,happy,MYS_G000120_15052021_69_47947_48132_Sample_272_47880_25.0.mp4,27
Person_14,happy,MYS_G000120_15052021_6_16656_16752_Sample_118_16020_25.0.mp4,53
Person_14,happy,MYS_G000120_15052021_72_51196_51257_Sample_282_50880_25.0.mp4,18
Person_14,happy,MYS_G000120_15052021_81_59510_59540_Sample_315_59280_25.0.mp4,13
Person_14,happy,MYS_G000120_15052021_83_62061_62196_Sample_332_62040_25.0.mp4,21
Person_14,happy,MYS_G000120_15052021_87_64320_64367_Sample_344_64320_25.0.mp4,9
Person_14,happy,MYS_G000120_15052021_90_68733_68804_Sample_348_65580_25.0.mp4,29
Person_14,happy,MYS_G000120_24042021_161_9_423_Sample_5_0_25.0.mp4,268
Person_14,happy,MYS_G000120_24042021_162_477_1005_Sample_5_0_25.0.mp4,39
Person_14,happy,MYS_G000120_24042021_165_1405_1469_Sample_5_0_25.0.mp4,23
Person_14,happy,MYS_G000120_24042021_166_1469_1634_Sample_5_0_25.0.mp4,22
Person_14,happy,MYS_G000120_24042021_167_1773_1820_Sample_5_0_25.0.mp4,22
Person_14,happy,MYS_G000120_24042021_168_1885_1930_Sample_5_0_25.0.mp4,18
Person_14,happy,MYS_G000120_24042021_201_12275_12410_Sample_66_11940_25.0.mp4,39
Person_14,happy,MYS_G000120_24042021_212_164866_164931_Sample_715_164820_25.0.mp4,17
Person_14,happy,MYS_G000120_24042021_213_164931_165043_Sample_715_164820_25.0.mp4,33
Person_14,happy,MYS_G000120_24042021_219_167853_168060_Sample_733_167640_25.0.mp4,45
Person_14,happy,MYS_G000120_24042021_220_168120_168365_Sample_735_168120_25.0.mp4,21
Person_14,happy,MYS_G000120_24042021_221_168525_168796_Sample_735_168120_25.0.mp4,73
Person_14,happy,MYS_G000120_24042021_222_168789_168955_Sample_735_168120_25.0.mp4,75
Person_14,happy,MYS_G000120_24042021_225_170642_170735_Sample_741_170100_25.0.mp4,40
Person_14,happy,MYS_G000120_24042021_226_170883_171078_Sample_741_170100_25.0.mp4,58
Person_14,happy,MYS_G000120_24042021_227_171335_171547_Sample_741_170100_25.0.mp4,55
Person_14,happy,MYS_G000120_24042021_230_172289_172389_Sample_741_170100_25.0.mp4,44
Person_14,happy,MYS_G000120_24042021_233_173807_173852_Sample_741_170100_25.0.mp4,17
Person_14,happy,MYS_G000120_24042021_234_174929_175055_Sample_761_174780_25.0.mp4,35
Person_14,happy,MYS_G000120_24042021_237_183927_184111_Sample_783_183360_25.0.mp4,33
Person_14,happy,MYS_G000120_24042021_51_4167_4234_Sample_22_3540_25.0.mp4,29
Person_14,happy,MYS_G000120_24042021_52_4263_4376_Sample_22_3540_25.0.mp4,60
Person_14,happy,MYS_G000120_24042021_53_4433_4660_Sample_22_3540_25.0.mp4,40
Person_14,happy,MYS_G000120_24042021_54_4719_4808_Sample_22_3540_25.0.mp4,43
Person_14,happy,MYS_G000120_24042021_66_5982_6193_Sample_30_5940_25.0.mp4,67
Person_14,happy,MYS_G000120_24042021_67_6311_6367_Sample_30_5940_25.0.mp4,29
Person_14,happy,MYS_G000120_24072021_106_29809_29869_Sample_266_29280_25.0.mp4,13
Person_14,happy,MYS_G000120_24072021_128_38046_38139_Sample_332_36600_25.0.mp4,19
Person_14,happy,MYS_G000120_24072021_60_85318_85429_Sample_536_82200_25.0.mp4,69
Person_14,happy,MYS_G000120_24072021_88_7115_7180_Sample_59_7020_25.0.mp4,20
Person_14,happy,MYS_G000120_24072021_95_27206_27254_Sample_247_27060_25.0.mp4,26
Person_15,happy,MYS_G000122_24072021_02_10_21149_21222_Sample_152_21060_25.0.mp4,23
Person_15,happy,MYS_G000122_24072021_02_18_22800_23040_Sample_159_22800_25.0.mp4,120
Person_15,happy,MYS_G000122_24072021_02_19_23891_23958_Sample_163_23880_25.0.mp4,40
Person_16,happy,MYS_G000122_24072021_02_3_15929_16001_Sample_115_15900_25.0.mp4,17
Person_17,happy,MYS_G000141_11112021_01_155_0_46_Sample_205.mp4,22
Person_18,happy,MYS_G000115_02052021_139_73180_73252_Sample_345_73080_25.0.mp4,32
Person_18,happy,MYS_G000115_02052021_140_74111_74204_Sample_345_73080_25.0.mp4,35
Person_18,happy,MYS_G000115_02052021_141_75485_75552_Sample_345_73080_25.0.mp4,48
Person_18,happy,MYS_G000115_09052021_59_60536_60600_Sample_209_60420_25.0.mp4,16
Person_18,happy,MYS_G000115_18042021_28_63263_63401_Sample_188_62580_25.0.mp4,45
Person_18,happy,MYS_G000115_18072021_71_20945_21000_Sample_207_20280_25.0.mp4,38
Person_19,happy,MYS_G000010_07052021_01_31_5593_5645_Sample_89_5460_25.0.mp4,14
Person_19,happy,MYS_G000010_07052021_01_32_6436_6604_Sample_94_6060_25.0.mp4,104
Person_19,happy,MYS_G000010_21052021_01_112_40925_41079_Sample_505_40920_25.0.mp4,77
Person_19,happy,MYS_G000010_21052021_01_121_44915_44963_Sample_537_44460_25.0.mp4,22
Person_19,happy,MYS_G000010_21052021_01_129_46681_46711_Sample_556_46680_25.0.mp4,16
Person_19,happy,MYS_G000010_21052021_01_26_15312_15382_Sample_184_15300_25.0.mp4,35
Person_19,happy,MYS_G000010_21052021_01_32_16548_16571_Sample_205_16500_25.0.mp4,4
Person_19,happy,MYS_G000010_21052021_01_38_18511_18558_Sample_219_17640_25.0.mp4,20
Person_19,happy,MYS_G000010_21052021_01_60_23102_23149_Sample_300_23100_25.0.mp4,18
Person_19,happy,MYS_G000010_21052021_01_89_31285_31352_Sample_393_30960_25.0.mp4,12
Person_19,happy,MYS_G000010_21052021_02_105_96_148_Sample_4_0_25.0.mp4,16
Person_19,happy,MYS_G000010_21052021_02_183_52132_52200_Sample_750_51540_25.0.mp4,30
Person_19,happy,MYS_G000010_21052021_02_188_52779_52963_Sample_763_52440_25.0.mp4,94
Person_19,happy,MYS_G000010_21052021_02_1_68926_68974_Sample_1021_68460_25.0.mp4,25
Person_19,happy,MYS_G000010_21052021_02_209_55355_55393_Sample_807_55260_25.0.mp4,15
Person_19,happy,MYS_G000010_21052021_02_63_17125_17220_Sample_208_16980_25.0.mp4,13
Person_19,happy,MYS_G000010_21052021_02_72_20070_20120_Sample_253_19980_25.0.mp4,14
Person_19,happy,MYS_G000010_23042021_01_100_30060_30140_Sample_393_30060_25.0.mp4,64
Person_19,happy,MYS_G000010_23042021_01_128_37661_37863_Sample_502_37320_25.0.mp4,148
Person_19,happy,MYS_G000010_23042021_01_146_40018_40140_Sample_542_39900_25.0.mp4,33
Person_19,happy,MYS_G000010_23042021_02_118_5584_5655_Sample_61_3840_25.0.mp4,25
Person_19,happy,MYS_G000010_23042021_02_11_773_840_Sample_12_480_25.0.mp4,27
Person_19,happy,MYS_G000010_23042021_02_2_7069_7092_Sample_103_6720_25.0.mp4,8
Person_19,happy,MYS_G000010_23042021_02_51_15005_15164_Sample_238_15000_25.0.mp4,34
Person_19,happy,MYS_G000010_23042021_02_67_2633_2695_Sample_26_1320_25.0.mp4,19
Person_19,happy,MYS_G000010_23042021_02_6_7298_7369_Sample_115_7200_25.0.mp4,15
Person_19,happy,MYS_G000010_23042021_03_143_4689_4705_Sample_88_4680_25.0.mp4,4
Person_19,happy,MYS_G000010_30042021_01_446_2366_2450_Sample_37_2160_25.0.mp4,28
Person_19,happy,MYS_G000010_30042021_01_447_2818_2896_Sample_37_2160_25.0.mp4,37
Person_19,happy,MYS_G000010_30042021_01_453_24480_24615_Sample_385_24480_25.0.mp4,15
Person_19,happy,MYS_G000010_30042021_01_454_25063_25080_Sample_385_24480_25.0.mp4,17
Person_19,happy,MYS_G000010_30042021_01_458_25279_25427_Sample_395_25260_25.0.mp4,75
Person_19,happy,MYS_G000010_30042021_01_468_28731_28885_Sample_425_27420_25.0.mp4,64
Person_19,happy,MYS_G000010_30042021_01_469_29091_29208_Sample_425_27420_25.0.mp4,71
Person_19,happy,MYS_G000010_30042021_01_497_32333_32400_Sample_493_32040_25.0.mp4,65
Person_19,happy,MYS_G000010_30042021_01_49_70045_70187_Sample_1157_70020_25.0.mp4,39
Person_19,happy,MYS_G000010_30042021_01_506_33128_33242_Sample_513_33000_25.0.mp4,43
Person_19,happy,MYS_G000010_30042021_01_510_34047_34135_Sample_526_33780_25.0.mp4,38
Person_19,happy,MYS_G000010_30042021_01_523_36939_37087_Sample_545_35100_25.0.mp4,67
Person_19,happy,MYS_G000010_30042021_01_577_43596_43620_Sample_695_43260_25.0.mp4,24
Person_19,happy,MYS_G000010_30042021_01_622_52050_52106_Sample_860_52020_25.0.mp4,10
Person_19,happy,MYS_G000010_30042021_01_639_56578_56640_Sample_917_56400_25.0.mp4,34
Person_2,happy,MYS_G000010_02042021_01_105_43021_43155_Sample_488_42420_25.0.mp4,34
Person_2,happy,MYS_G000010_02042021_01_106_43356_43380_Sample_488_42420_25.0.mp4,12
Person_2,happy,MYS_G000010_02042021_01_110_43471_43680_Sample_497_43440_25.0.mp4,12
Person_2,happy,MYS_G000010_02042021_01_118_44460_44630_Sample_513_44460_25.0.mp4,93
Person_2,happy,MYS_G000010_02042021_01_133_47157_47280_Sample_540_46440_25.0.mp4,23
Person_2,happy,MYS_G000010_02042021_01_13_12270_12419_Sample_126_11640_25.0.mp4,81
Person_2,happy,MYS_G000010_02042021_01_141_3908_3999_Sample_54_3660_25.0.mp4,26
Person_2,happy,MYS_G000010_02042021_01_146_47520_47877_Sample_556_47520_25.0.mp4,357
Person_2,happy,MYS_G000010_02042021_01_149_48113_48346_Sample_563_47940_25.0.mp4,96
Person_2,happy,MYS_G000010_02042021_01_157_49323_49362_Sample_586_49260_25.0.mp4,15
Person_2,happy,MYS_G000010_02042021_01_160_4115_4140_Sample_59_4020_25.0.mp4,22
Person_2,happy,MYS_G000010_02042021_01_171_52811_53073_Sample_629_52020_25.0.mp4,120
Person_2,happy,MYS_G000010_02042021_01_172_4455_4568_Sample_62_4200_25.0.mp4,48
Person_2,happy,MYS_G000010_02042021_01_177_54152_54180_Sample_653_53520_25.0.mp4,19
Person_2,happy,MYS_G000010_02042021_01_187_56342_56440_Sample_686_56220_25.0.mp4,26
Person_2,happy,MYS_G000010_02042021_01_192_4920_4986_Sample_70_4920_25.0.mp4,37
Person_2,happy,MYS_G000010_02042021_01_194_5525_5820_Sample_74_5280_25.0.mp4,29
Person_2,happy,MYS_G000010_02042021_01_19_13501_13620_Sample_147_12960_25.0.mp4,84
Person_2,happy,MYS_G000010_02042021_01_25_14667_14866_Sample_160_13980_25.0.mp4,83
Person_2,happy,MYS_G000010_02042021_01_37_20409_20696_Sample_212_19620_25.0.mp4,28
Person_2,happy,MYS_G000010_02042021_01_41_1897_2162_Sample_22_1800_25.0.mp4,132
Person_2,happy,MYS_G000010_02042021_01_43_22383_22576_Sample_241_21840_25.0.mp4,44
Person_2,happy,MYS_G000010_02042021_01_47_23776_23880_Sample_256_23280_25.0.mp4,89
Person_2,happy,MYS_G000010_02042021_01_50_23940_24096_Sample_262_23940_25.0.mp4,10
Person_2,happy,MYS_G000010_02042021_01_53_24540_24693_Sample_269_24540_25.0.mp4,9
Person_2,happy,MYS_G000010_02042021_01_54_25028_25080_Sample_269_24540_25.0.mp4,17
Person_2,happy,MYS_G000010_02042021_01_61_27581_27780_Sample_295_26520_25.0.mp4,98
Person_2,happy,MYS_G000010_02042021_01_68_27962_28045_Sample_313_27840_25.0.mp4,17
Person_2,happy,MYS_G000010_02042021_01_71_28768_29088_Sample_323_28500_25.0.mp4,83
Person_2,happy,MYS_G000010_02042021_02_106_25650_25662_Sample_322_25620_25.0.mp4,2
Person_2,happy,MYS_G000010_02042021_02_107_25967_26029_Sample_322_25620_25.0.mp4,22
Person_2,happy,MYS_G000010_02042021_02_108_26237_26385_Sample_322_25620_25.0.mp4,68
Person_2,happy,MYS_G000010_02042021_02_10_1500_1573_Sample_18_1500_25.0.mp4,35
Person_2,happy,MYS_G000010_02042021_02_112_3903_3980_Sample_33_3900_25.0.mp4,38
Person_2,happy,MYS_G000010_02042021_02_118_26955_27031_Sample_344_26940_25.0.mp4,39
Person_2,happy,MYS_G000010_02042021_02_11_1598_1738_Sample_18_1500_25.0.mp4,19
Person_2,happy,MYS_G000010_02042021_02_130_4500_4620_Sample_38_4500_25.0.mp4,60
Person_2,happy,MYS_G000010_02042021_02_13_780_857_Sample_14_780_25.0.mp4,17
Person_2,happy,MYS_G000010_02042021_02_145_33609_33706_Sample_408_31620_25.0.mp4,23
Person_2,happy,MYS_G000010_02042021_02_14_901_1074_Sample_14_780_25.0.mp4,26
Person_2,happy,MYS_G000010_02042021_02_153_4719_4859_Sample_42_4680_25.0.mp4,60
Person_2,happy,MYS_G000010_02042021_02_154_4859_5019_Sample_42_4680_25.0.mp4,83
Person_2,happy,MYS_G000010_02042021_02_155_5254_5362_Sample_42_4680_25.0.mp4,54
Person_2,happy,MYS_G000010_02042021_02_159_34299_34418_Sample_432_34200_25.0.mp4,54
Person_2,happy,MYS_G000010_02042021_02_15_1074_1125_Sample_14_780_25.0.mp4,20
Person_2,happy,MYS_G000010_02042021_02_167_36516_36696_Sample_460_36420_25.0.mp4,60
Person_2,happy,MYS_G000010_02042021_02_16_1137_1380_Sample_14_780_25.0.mp4,56
Person_2,happy,MYS_G000010_02042021_02_182_39588_39720_Sample_492_39000_25.0.mp4,31
Person_2,happy,MYS_G000010_02042021_02_186_580_720_Sample_5_60_25.0.mp4,55
Person_2,happy,MYS_G000010_02042021_02_18_16542_16942_Sample_194_15720_25.0.mp4,305
Person_2,happy,MYS_G000010_02042021_02_207_52117_52383_Sample_661_52020_25.0.mp4,78
Person_2,happy,MYS_G000010_02042021_02_21_17733_17827_Sample_194_15720_25.0.mp4,68
Person_2,happy,MYS_G000010_02042021_02_223_54605_54715_Sample_697_53940_25.0.mp4,56
Person_2,happy,MYS_G000010_02042021_02_224_54793_54843_Sample_697_53940_25.0.mp4,27
Person_2,happy,MYS_G000010_02042021_02_225_54876_54921_Sample_697_53940_25.0.mp4,16
Person_2,happy,MYS_G000010_02042021_02_241_7560_7680_Sample_77_7560_25.0.mp4,60
Person_2,happy,MYS_G000010_02042021_02_25_13080_13234_Sample_157_13080_25.0.mp4,17
Person_2,happy,MYS_G000010_02042021_02_25_1800_1938_Sample_20_1800_25.0.mp4,28
Person_2,happy,MYS_G000010_02042021_02_26_1946_2130_Sample_20_1800_25.0.mp4,63
Person_2,happy,MYS_G000010_02042021_02_27_14133_14355_Sample_158_13320_25.0.mp4,47
Person_2,happy,MYS_G000010_02042021_02_28_14553_14629_Sample_158_13320_25.0.mp4,43
Person_2,happy,MYS_G000010_02042021_02_28_2363_2430_Sample_20_1800_25.0.mp4,32
Person_2,happy,MYS_G000010_02042021_02_29_2563_2640_Sample_20_1800_25.0.mp4,33
Person_2,happy,MYS_G000010_02042021_02_44_17963_18158_Sample_222_17760_25.0.mp4,74
Person_2,happy,MYS_G000010_02042021_02_46_18188_18353_Sample_222_17760_25.0.mp4,23
Person_2,happy,MYS_G000010_02042021_02_47_18592_18700_Sample_222_17760_25.0.mp4,53
Person_2,happy,MYS_G000010_02042021_02_48_18972_19334_Sample_222_17760_25.0.mp4,80
Person_2,happy,MYS_G000010_02042021_02_52_3020_3143_Sample_23_2880_25.0.mp4,34
Person_2,happy,MYS_G000010_02042021_02_54_3481_3562_Sample_23_2880_25.0.mp4,48
Person_2,happy,MYS_G000010_02042021_02_73_21412_21498_Sample_266_21300_25.0.mp4,23
Person_2,happy,MYS_G000010_02042021_02_89_24284_24360_Sample_300_24000_25.0.mp4,36
Person_2,happy,MYS_G000010_02042021_02_9_14700_14829_Sample_178_14700_25.0.mp4,32
Person_2,happy,MYS_G000010_02042021_03_71_38267_38334_Sample_520_38220_25.0.mp4,13
Person_2,happy,MYS_G000010_02042021_04_14_25259_25437_Sample_330_24900_25.0.mp4,57
Person_2,happy,MYS_G000010_02042021_04_16_9089_9120_Sample_133_9000_25.0.mp4,18
Person_2,happy,MYS_G000010_02042021_04_2_6900_6979_Sample_105_6900_25.0.mp4,30
Person_2,happy,MYS_G000010_02042021_04_39_33391_33407_Sample_424_32640_25.0.mp4,9
Person_2,happy,MYS_G000010_02042021_04_3_1802_1936_Sample_30_1800_25.0.mp4,30
Person_2,happy,MYS_G000010_02042021_04_43_36383_36420_Sample_436_33540_25.0.mp4,27
Person_2,happy,MYS_G000010_02042021_04_4_22387_22500_Sample_311_22200_25.0.mp4,20
Person_2,happy,MYS_G000010_02042021_04_55_36480_36702_Sample_462_36480_25.0.mp4,40
Person_2,happy,MYS_G000010_02042021_04_68_60_195_Sample_2_60_25.0.mp4,17
Person_2,happy,MYS_G000010_05032021_01_109_12693_12800_Sample_92_12480_25.0.mp4,10
Person_2,happy,MYS_G000010_05032021_01_10_17459_17488_Sample_122_16740_25.0.mp4,10
Person_2,happy,MYS_G000010_05032021_01_18_21148_21239_Sample_153_21060_25.0.mp4,24
Person_2,happy,MYS_G000010_05032021_01_26_26231_26280_Sample_188_25440_25.0.mp4,11
Person_2,happy,MYS_G000010_05032021_01_28_26527_26615_Sample_194_26400_25.0.mp4,17
Person_2,happy,MYS_G000010_05032021_01_29_147_257_Sample_1_60_25.0.mp4,22
Person_2,happy,MYS_G000010_05032021_01_32_30225_30248_Sample_212_30060_25.0.mp4,12
Person_2,happy,MYS_G000010_05032021_01_33_30915_30966_Sample_215_30540_25.0.mp4,5
Person_2,happy,MYS_G000010_05032021_01_40_3685_3790_Sample_22_3600_25.0.mp4,82
Person_2,happy,MYS_G000010_05032021_01_4_1754_1867_Sample_10_1680_25.0.mp4,18
Person_2,happy,MYS_G000010_05032021_01_69_46367_46560_Sample_326_46260_25.0.mp4,163
Person_2,happy,MYS_G000010_05032021_01_74_5066_5233_Sample_33_4980_25.0.mp4,40
Person_2,happy,MYS_G000010_05032021_01_80_5760_5815_Sample_40_5760_25.0.mp4,11
Person_2,happy,MYS_G000010_05032021_01_82_6009_6151_Sample_43_5880_25.0.mp4,41
Person_2,happy,MYS_G000010_05032021_01_83_6180_6229_Sample_44_6180_25.0.mp4,3
Person_2,happy,MYS_G000010_05032021_01_85_6966_6998_Sample_47_6420_25.0.mp4,14
Person_2,happy,MYS_G000010_05032021_01_89_8200_8340_Sample_51_7380_25.0.mp4,19
Person_2,happy,MYS_G000010_05032021_01_93_8467_8519_Sample_58_8460_25.0.mp4,22
Person_2,happy,MYS_G000010_05032021_01_94_600_664_Sample_5_600_25.0.mp4,13
Person_2,happy,MYS_G000010_05032021_01_98_9185_9298_Sample_67_9180_25.0.mp4,25
Person_2,happy,MYS_G000010_05032021_02_114_14790_14872_Sample_59_14760_25.0.mp4,15
Person_2,happy,MYS_G000010_05032021_02_119_15956_15985_Sample_66_15900_25.0.mp4,14
Person_2,happy,MYS_G000010_05032021_02_125_17003_17119_Sample_75_16980_25.0.mp4,23
Person_2,happy,MYS_G000010_05032021_02_28_32458_32588_Sample_206_32160_25.0.mp4,15
Person_2,happy,MYS_G000010_05032021_02_30_33524_33673_Sample_213_32520_25.0.mp4,9
Person_2,happy,MYS_G000010_05032021_02_41_36373_36497_Sample_240_36360_25.0.mp4,29
Person_2,happy,MYS_G000010_05032021_02_61_40776_40809_Sample_274_40680_25.0.mp4,9
Person_2,happy,MYS_G000010_05032021_02_62_40998_41075_Sample_276_40800_25.0.mp4,28
Person_2,happy,MYS_G000010_05032021_02_74_43846_43860_Sample_304_43680_25.0.mp4,14
Person_2,happy,MYS_G000010_05032021_02_75_44070_44131_Sample_305_43980_25.0.mp4,23
Person_2,happy,MYS_G000010_05032021_02_81_47805_47852_Sample_318_44880_25.0.mp4,20
Person_2,happy,MYS_G000010_06082021_01_11_42025_42093_Sample_586_41580_25.0.mp4,6
Person_2,happy,MYS_G000010_06082021_01_12_42286_42346_Sample_586_41580_25.0.mp4,13
Person_2,happy,MYS_G000010_06082021_01_15_23822_23880_Sample_353_23700_25.0.mp4,39
Person_2,happy,MYS_G000010_06082021_01_16_43627_43661_Sample_597_43620_25.0.mp4,8
Person_2,happy,MYS_G000010_06082021_01_18_24301_24443_Sample_362_24300_25.0.mp4,29
Person_2,happy,MYS_G000010_06082021_01_19_44521_44617_Sample_602_44520_25.0.mp4,68
Person_2,happy,MYS_G000010_06082021_01_20_16939_16982_Sample_260_16920_25.0.mp4,11
Person_2,happy,MYS_G000010_06082021_01_21_2701_2759_Sample_37_2700_25.0.mp4,19
Person_2,happy,MYS_G000010_06082021_01_22_25479_25513_Sample_380_25380_25.0.mp4,12
Person_2,happy,MYS_G000010_06082021_01_32_9072_9113_Sample_132_8880_25.0.mp4,24
Person_2,happy,MYS_G000010_06082021_01_33_19334_19380_Sample_290_19260_25.0.mp4,16
Person_2,happy,MYS_G000010_06082021_01_33_9157_9278_Sample_132_8880_25.0.mp4,32
Person_2,happy,MYS_G000010_06082021_01_40_4861_4939_Sample_65_4860_25.0.mp4,12
Person_2,happy,MYS_G000010_06082021_01_48_48900_49039_Sample_674_48900_25.0.mp4,7
Person_2,happy,MYS_G000010_06082021_01_51_49995_50043_Sample_687_49800_25.0.mp4,32
Person_2,happy,MYS_G000010_06082021_01_54_50161_50219_Sample_692_50160_25.0.mp4,14
Person_2,happy,MYS_G000010_06082021_01_59_32882_32939_Sample_476_32760_25.0.mp4,26
Person_2,happy,MYS_G000010_06082021_01_60_32888_32914_Sample_476_32760_25.0.mp4,11
Person_2,happy,MYS_G000010_06082021_01_6_481_574_Sample_11_480_25.0.mp4,26
Person_2,happy,MYS_G000010_06082021_01_7_592_723_Sample_11_480_25.0.mp4,27
Person_2,happy,MYS_G000010_07052021_01_13_963_1186_Sample_21_840_25.0.mp4,140
Person_2,happy,MYS_G000010_09042021_01_124_34088_34249_Sample_407_33840_25.0.mp4,47
Person_2,happy,MYS_G000010_09042021_01_12_12465_12480_Sample_123_8640_25.0.mp4,15
Person_2,happy,MYS_G000010_09042021_01_137_37684_37860_Sample_442_37200_25.0.mp4,16
Person_2,happy,MYS_G000010_09042021_01_152_39902_40001_Sample_488_39660_25.0.mp4,61
Person_2,happy,MYS_G000010_09042021_01_17_10992_11160_Sample_132_9480_25.0.mp4,81
Person_2,happy,MYS_G000010_09042021_01_202_6402_6446_Sample_93_6360_25.0.mp4,7
Person_2,happy,MYS_G000010_09042021_01_22_1183_1558_Sample_14_780_25.0.mp4,65
Person_2,happy,MYS_G000010_09042021_01_23_1781_1877_Sample_14_780_25.0.mp4,66
Person_2,happy,MYS_G000010_09042021_01_73_17328_17391_Sample_233_17220_25.0.mp4,22
Person_2,happy,MYS_G000010_09042021_01_84_20878_20937_Sample_269_20700_25.0.mp4,42
Person_2,happy,MYS_G000010_09042021_01_9_11030_11315_Sample_123_8640_25.0.mp4,58
Person_2,happy,MYS_G000010_09042021_03_108_23711_23845_Sample_343_23640_25.0.mp4,28
Person_2,happy,MYS_G000010_09042021_03_144_29280_29352_Sample_427_29280_25.0.mp4,24
Person_2,happy,MYS_G000010_09042021_03_29_9840_9857_Sample_151_9840_25.0.mp4,6
Person_2,happy,MYS_G000010_09042021_03_35_10528_10591_Sample_165_10500_25.0.mp4,32
Person_2,happy,MYS_G000010_09042021_03_47_12072_12097_Sample_190_12060_25.0.mp4,9
Person_2,happy,MYS_G000010_09042021_03_53_13051_13212_Sample_202_13020_25.0.mp4,55
Person_2,happy,MYS_G000010_09042021_03_59_14087_14178_Sample_213_13800_25.0.mp4,23
Person_2,happy,MYS_G000010_09042021_03_66_15802_15845_Sample_229_14700_25.0.mp4,11
Person_2,happy,MYS_G000010_09042021_03_88_19706_19835_Sample_292_19560_25.0.mp4,79
Person_2,happy,MYS_G000010_09042021_04_101_34194_34276_Sample_376_33660_25.0.mp4,35
Person_2,happy,MYS_G000010_09042021_04_102_34289_34560_Sample_376_33660_25.0.mp4,254
Person_2,happy,MYS_G000010_09042021_04_105_34449_34620_Sample_382_34380_25.0.mp4,98
Person_2,happy,MYS_G000010_09042021_04_107_35051_35100_Sample_389_34860_25.0.mp4,26
Person_2,happy,MYS_G000010_09042021_04_11_10139_10247_Sample_142_10020_25.0.mp4,30
Person_2,happy,MYS_G000010_09042021_04_123_39310_39338_Sample_439_39180_25.0.mp4,11
Person_2,happy,MYS_G000010_09042021_04_124_39354_39380_Sample_439_39180_25.0.mp4,9
Person_2,happy,MYS_G000010_09042021_04_137_41820_41917_Sample_469_41820_25.0.mp4,18
Person_2,happy,MYS_G000010_09042021_04_139_42172_42300_Sample_469_41820_25.0.mp4,31
Person_2,happy,MYS_G000010_09042021_04_13_15165_15561_Sample_196_14940_25.0.mp4,59
Person_2,happy,MYS_G000010_09042021_04_140_42420_42476_Sample_473_42420_25.0.mp4,23
Person_2,happy,MYS_G000010_09042021_04_147_44400_44520_Sample_499_44400_25.0.mp4,60
Person_2,happy,MYS_G000010_09042021_04_14_15649_16096_Sample_196_14940_25.0.mp4,87
Person_2,happy,MYS_G000010_09042021_04_15_16100_16395_Sample_196_14940_25.0.mp4,82
Person_2,happy,MYS_G000010_09042021_04_162_48960_49080_Sample_552_48960_25.0.mp4,22
Person_2,happy,MYS_G000010_09042021_04_164_49140_49209_Sample_554_49140_25.0.mp4,20
Person_2,happy,MYS_G000010_09042021_04_173_51258_51497_Sample_567_50160_25.0.mp4,66
Person_2,happy,MYS_G000010_09042021_04_179_51720_51768_Sample_586_51720_25.0.mp4,15
Person_2,happy,MYS_G000010_09042021_04_180_51861_51946_Sample_586_51720_25.0.mp4,35
Person_2,happy,MYS_G000010_09042021_04_181_52023_52075_Sample_586_51720_25.0.mp4,23
Person_2,happy,MYS_G000010_09042021_04_183_52184_52383_Sample_586_51720_25.0.mp4,111
Person_2,happy,MYS_G000010_09042021_04_184_52649_52723_Sample_586_51720_25.0.mp4,20
Person_2,happy,MYS_G000010_09042021_04_185_52763_53009_Sample_586_51720_25.0.mp4,103
Person_2,happy,MYS_G000010_09042021_04_189_52320_52376_Sample_595_52320_25.0.mp4,14
Person_2,happy,MYS_G000010_09042021_04_208_55628_55680_Sample_638_55500_25.0.mp4,15
Person_2,happy,MYS_G000010_09042021_04_27_17534_17566_Sample_224_17520_25.0.mp4,5
Person_2,happy,MYS_G000010_09042021_04_29_19778_20190_Sample_224_17520_25.0.mp4,314
Person_2,happy,MYS_G000010_09042021_04_30_20215_20411_Sample_224_17520_25.0.mp4,39
Person_2,happy,MYS_G000010_09042021_04_31_20974_21240_Sample_224_17520_25.0.mp4,66
Person_2,happy,MYS_G000010_09042021_04_39_2744_2845_Sample_25_1860_25.0.mp4,45
Person_2,happy,MYS_G000010_09042021_04_42_21424_21598_Sample_262_21420_25.0.mp4,36
Person_2,happy,MYS_G000010_09042021_04_61_22981_23025_Sample_286_22980_25.0.mp4,17
Person_2,happy,MYS_G000010_09042021_04_62_23079_23112_Sample_286_22980_25.0.mp4,20
Person_2,happy,MYS_G000010_09042021_04_67_28730_28868_Sample_327_28680_25.0.mp4,51
Person_2,happy,MYS_G000010_09042021_04_68_29077_29535_Sample_327_28680_25.0.mp4,38
Person_2,happy,MYS_G000010_09042021_04_79_30180_30265_Sample_340_30180_25.0.mp4,38
Person_2,happy,MYS_G000010_09042021_04_83_30815_30974_Sample_345_30780_25.0.mp4,56
Person_2,happy,MYS_G000010_09042021_04_87_31282_31437_Sample_353_31260_25.0.mp4,17
Person_2,happy,MYS_G000010_09042021_04_88_31790_32037_Sample_353_31260_25.0.mp4,57
Person_2,happy,MYS_G000010_09072021_01_114_11974_12192_Sample_161_11340_25.0.mp4,48
Person_2,happy,MYS_G000010_09072021_01_270_30303_30417_Sample_436_30300_25.0.mp4,24
Person_2,happy,MYS_G000010_09072021_01_285_32236_32280_Sample_465_32100_25.0.mp4,22
Person_2,happy,MYS_G000010_09072021_01_372_45493_45713_Sample_645_44460_25.0.mp4,82
Person_2,happy,MYS_G000010_09072021_01_383_45521_45540_Sample_669_45420_25.0.mp4,18
Person_2,happy,MYS_G000010_09072021_01_412_5604_5700_Sample_73_5580_25.0.mp4,55
Person_2,happy,MYS_G000010_09072021_01_413_6361_6456_Sample_73_5580_25.0.mp4,41
Person_2,happy,MYS_G000010_09072021_01_414_6518_6662_Sample_73_5580_25.0.mp4,79
Person_2,happy,MYS_G000010_09072021_01_415_6662_6783_Sample_73_5580_25.0.mp4,38
Person_2,happy,MYS_G000010_09072021_01_48_81372_81412_Sample_1089_81240_25.0.mp4,19
Person_2,happy,MYS_G000010_09072021_01_68_84030_84075_Sample_1131_83700_25.0.mp4,24
Person_2,happy,MYS_G000010_09072021_01_72_86040_86077_Sample_1136_84240_25.0.mp4,12
Person_2,happy,MYS_G000010_09072021_01_73_86132_86160_Sample_1136_84240_25.0.mp4,10
Person_2,happy,MYS_G000010_09072021_01_7_9460_9515_Sample_101_6900_25.0.mp4,16
Person_2,happy,MYS_G000010_12032021_01_30_3902_3952_Sample_19_3900_25.0.mp4,21
Person_2,happy,MYS_G000010_12032021_01_59_240_349_Sample_3_240_25.0.mp4,7
Person_2,happy,MYS_G000010_12032021_01_71_7929_7951_Sample_56_7800_25.0.mp4,10
Person_2,happy,MYS_G000010_13082021_03_14_10044_10163_Sample_152_9780_25.0.mp4,48
Person_2,happy,MYS_G000010_13082021_03_29_12782_12819_Sample_195_12780_25.0.mp4,15
Person_2,happy,MYS_G000010_13082021_03_30_13140_13257_Sample_198_13140_25.0.mp4,58
Person_2,happy,MYS_G000010_16042021_01_13_9241_9456_Sample_123_9240_25.0.mp4,114
Person_2,happy,MYS_G000010_16042021_01_14_9799_9961_Sample_123_9240_25.0.mp4,36
Person_2,happy,MYS_G000010_16042021_01_20_10321_10377_Sample_139_10320_25.0.mp4,12
Person_2,happy,MYS_G000010_16042021_01_27_11653_11934_Sample_147_10740_25.0.mp4,33
Person_2,happy,MYS_G000010_16042021_01_28_11982_12095_Sample_147_10740_25.0.mp4,33
Person_2,happy,MYS_G000010_16042021_01_29_12203_12430_Sample_147_10740_25.0.mp4,30
Person_2,happy,MYS_G000010_16042021_01_39_12651_12739_Sample_166_12600_25.0.mp4,24
Person_2,happy,MYS_G000010_16042021_01_40_12767_13151_Sample_166_12600_25.0.mp4,242
Person_2,happy,MYS_G000010_16042021_01_41_13210_13286_Sample_166_12600_25.0.mp4,43
Person_2,happy,MYS_G000010_16042021_01_43_14317_14566_Sample_166_12600_25.0.mp4,87
Person_2,happy,MYS_G000010_16042021_01_60_5100_5177_Sample_74_5100_25.0.mp4,48
Person_2,happy,MYS_G000010_16042021_01_65_7930_8290_Sample_84_6120_25.0.mp4,174
Person_2,happy,MYS_G000010_16072021_01_129_38820_38892_Sample_450_38820_25.0.mp4,13
Person_2,happy,MYS_G000010_16072021_01_140_40224_40257_Sample_469_40140_25.0.mp4,16
Person_2,happy,MYS_G000010_16072021_01_163_44040_44157_Sample_519_44040_25.0.mp4,13
Person_2,happy,MYS_G000010_16072021_01_166_44258_44340_Sample_522_44220_25.0.mp4,41
Person_2,happy,MYS_G000010_16072021_01_170_44936_45000_Sample_531_44700_25.0.mp4,16
Person_2,happy,MYS_G000010_16072021_01_187_47712_47799_Sample_565_47520_25.0.mp4,12
Person_2,happy,MYS_G000010_16072021_01_243_53991_54063_Sample_667_53940_25.0.mp4,36
Person_2,happy,MYS_G000010_16072021_01_271_64228_64292_Sample_708_62760_25.0.mp4,33
Person_2,happy,MYS_G000010_16072021_01_297_67560_67678_Sample_771_67560_25.0.mp4,59
Person_2,happy,MYS_G000010_16072021_01_356_79029_79060_Sample_904_79020_25.0.mp4,17
Person_2,happy,MYS_G000010_16072021_01_375_80703_80767_Sample_934_80700_25.0.mp4,10
Person_2,happy,MYS_G000010_16072021_01_377_81138_81206_Sample_943_81060_25.0.mp4,26
Person_2,happy,MYS_G000010_16072021_01_48_23200_23378_Sample_257_23040_25.0.mp4,130
Person_2,happy,MYS_G000010_16072021_02_200_54540_54639_Sample_672_54540_25.0.mp4,49
Person_2,happy,MYS_G000010_16072021_02_20_22254_22323_Sample_174_22200_25.0.mp4,21
Person_2,happy,MYS_G000010_16072021_02_68_32540_32580_Sample_314_32040_25.0.mp4,11
Person_2,happy,MYS_G000010_16072021_02_6_10740_10816_Sample_119_10740_25.0.mp4,24
Person_2,happy,MYS_G000010_21052021_01_122_4561_4603_Sample_53_4560_25.0.mp4,21
Person_2,happy,MYS_G000010_21052021_01_15_12910_12983_Sample_140_12240_25.0.mp4,8
Person_2,happy,MYS_G000010_21052021_01_170_735_803_Sample_8_540_25.0.mp4,12
Person_2,happy,MYS_G000010_21052021_01_175_8640_8691_Sample_99_8640_25.0.mp4,9
Person_2,happy,MYS_G000010_21052021_01_54_2333_2383_Sample_27_2220_25.0.mp4,12
Person_2,happy,MYS_G000010_21052021_01_5_9780_9844_Sample_109_9780_25.0.mp4,21
Person_2,happy,MYS_G000010_21052021_01_66_24586_24644_Sample_315_24540_25.0.mp4,13
Person_2,happy,MYS_G000010_21052021_01_83_30232_30300_Sample_373_29700_25.0.mp4,28
Person_2,happy,MYS_G000010_21052021_01_99_3378_3445_Sample_42_3060_25.0.mp4,20
Person_2,happy,MYS_G000010_21052021_02_118_30256_30334_Sample_428_30240_25.0.mp4,29
Person_2,happy,MYS_G000010_21052021_02_119_30500_30687_Sample_428_30240_25.0.mp4,38
Person_2,happy,MYS_G000010_21052021_02_11_69240_69341_Sample_1041_69240_25.0.mp4,29
Person_2,happy,MYS_G000010_21052021_02_126_3963_4048_Sample_47_3060_25.0.mp4,44
Person_2,happy,MYS_G000010_21052021_02_128_33516_33600_Sample_474_33000_25.0.mp4,35
Person_2,happy,MYS_G000010_21052021_02_145_40180_40218_Sample_580_39420_25.0.mp4,19
Person_2,happy,MYS_G000010_21052021_02_152_4712_4779_Sample_67_4440_25.0.mp4,31
Person_2,happy,MYS_G000010_21052021_02_153_4825_4864_Sample_67_4440_25.0.mp4,15
Person_2,happy,MYS_G000010_21052021_02_154_5599_5787_Sample_67_4440_25.0.mp4,31
Person_2,happy,MYS_G000010_21052021_02_156_47438_47487_Sample_679_47400_25.0.mp4,20
Person_2,happy,MYS_G000010_21052021_02_161_48960_49200_Sample_703_48960_25.0.mp4,120
Person_2,happy,MYS_G000010_21052021_02_34_72000_72180_Sample_1080_72000_25.0.mp4,90
Person_2,happy,MYS_G000010_21052021_02_51_13331_13377_Sample_154_13140_25.0.mp4,20
Person_2,happy,MYS_G000010_21052021_02_59_15589_15655_Sample_188_15540_25.0.mp4,20
Person_2,happy,MYS_G000010_21052021_02_61_16742_16804_Sample_205_16740_25.0.mp4,15
Person_2,happy,MYS_G000010_21052021_02_66_17736_17838_Sample_224_17700_25.0.mp4,36
Person_2,happy,MYS_G000010_21052021_02_67_18758_18796_Sample_224_17700_25.0.mp4,13
Person_2,happy,MYS_G000010_21052021_02_68_18928_18995_Sample_224_17700_25.0.mp4,24
Person_2,happy,MYS_G000010_21052021_02_71_19740_19828_Sample_246_19740_25.0.mp4,23
Person_2,happy,MYS_G000010_21052021_02_85_21752_21811_Sample_276_21360_25.0.mp4,23
Person_2,happy,MYS_G000010_21052021_02_92_26021_26040_Sample_341_25920_25.0.mp4,9
Person_2,happy,MYS_G000010_21052021_02_98_27774_27888_Sample_379_27540_25.0.mp4,55
Person_2,happy,MYS_G000010_21052021_02_9_69217_69310_Sample_1035_69000_25.0.mp4,50
Person_2,happy,MYS_G000010_23042021_01_117_36358_36420_Sample_471_36000_25.0.mp4,16
Person_2,happy,MYS_G000010_23042021_01_119_4092_4140_Sample_48_2700_25.0.mp4,26
Person_2,happy,MYS_G000010_23042021_01_129_37620_37818_Sample_505_37620_25.0.mp4,29
Person_2,happy,MYS_G000010_23042021_01_131_38082_38195_Sample_509_38040_25.0.mp4,54
Person_2,happy,MYS_G000010_23042021_01_142_40128_40178_Sample_536_39660_25.0.mp4,34
Person_2,happy,MYS_G000010_23042021_01_143_40677_40756_Sample_536_39660_25.0.mp4,22
Person_2,happy,MYS_G000010_23042021_01_144_40806_41036_Sample_536_39660_25.0.mp4,143
Person_2,happy,MYS_G000010_23042021_01_145_41661_41792_Sample_536_39660_25.0.mp4,31
Person_2,happy,MYS_G000010_23042021_01_14_8460_8490_Sample_136_8460_25.0.mp4,9
Person_2,happy,MYS_G000010_23042021_01_16_8601_8640_Sample_136_8460_25.0.mp4,25
Person_2,happy,MYS_G000010_23042021_01_192_47820_48000_Sample_686_47820_25.0.mp4,90
Person_2,happy,MYS_G000010_23042021_01_19_8640_8750_Sample_139_8640_25.0.mp4,18
Person_2,happy,MYS_G000010_23042021_01_20_8769_8810_Sample_140_8760_25.0.mp4,15
Person_2,happy,MYS_G000010_23042021_01_210_4224_4294_Sample_73_4200_25.0.mp4,25
Person_2,happy,MYS_G000010_23042021_01_212_4415_4500_Sample_76_4380_25.0.mp4,14
Person_2,happy,MYS_G000010_23042021_01_214_4699_4745_Sample_80_4680_25.0.mp4,28
Person_2,happy,MYS_G000010_23042021_01_21_9660_9936_Sample_149_9660_25.0.mp4,16
Person_2,happy,MYS_G000010_23042021_01_22_9943_10057_Sample_149_9660_25.0.mp4,30
Person_2,happy,MYS_G000010_23042021_01_23_10118_10265_Sample_149_9660_25.0.mp4,34
Person_2,happy,MYS_G000010_23042021_01_24_10426_10524_Sample_149_9660_25.0.mp4,38
Person_2,happy,MYS_G000010_23042021_01_66_2251_2388_Sample_31_1800_25.0.mp4,63
Person_2,happy,MYS_G000010_23042021_01_78_26545_26697_Sample_355_26520_25.0.mp4,28
Person_2,happy,MYS_G000010_23042021_01_79_26749_26799_Sample_355_26520_25.0.mp4,16
Person_2,happy,MYS_G000010_23042021_01_85_27439_27543_Sample_370_27300_25.0.mp4,52
Person_2,happy,MYS_G000010_23042021_01_86_27637_27781_Sample_370_27300_25.0.mp4,64
Person_2,happy,MYS_G000010_23042021_01_87_27830_27869_Sample_370_27300_25.0.mp4,21
Person_2,happy,MYS_G000010_23042021_01_88_28079_28272_Sample_370_27300_25.0.mp4,28
Person_2,happy,MYS_G000010_23042021_01_8_7560_7627_Sample_120_7560_25.0.mp4,19
Person_2,happy,MYS_G000010_23042021_01_96_29639_29681_Sample_389_29520_25.0.mp4,17
Person_2,happy,MYS_G000010_23042021_01_97_30445_30483_Sample_390_29820_25.0.mp4,20
Person_2,happy,MYS_G000010_23042021_01_99_30702_31226_Sample_390_29820_25.0.mp4,181
Person_2,happy,MYS_G000010_23042021_01_9_8180_8396_Sample_120_7560_25.0.mp4,49
Person_2,happy,MYS_G000010_23042021_02_100_5368_5451_Sample_50_3060_25.0.mp4,20
Person_2,happy,MYS_G000010_23042021_02_109_44914_44975_Sample_540_42600_25.0.mp4,35
Person_2,happy,MYS_G000010_23042021_02_128_5829_5910_Sample_86_5640_25.0.mp4,54
Person_2,happy,MYS_G000010_23042021_02_14_8166_8221_Sample_132_8100_25.0.mp4,31
Person_2,happy,MYS_G000010_23042021_02_20_9459_9489_Sample_148_9420_25.0.mp4,21
Person_2,happy,MYS_G000010_23042021_02_22_9702_9751_Sample_151_9660_25.0.mp4,13
Person_2,happy,MYS_G000010_23042021_02_29_11341_11358_Sample_163_10680_25.0.mp4,7
Person_2,happy,MYS_G000010_23042021_02_33_12207_12261_Sample_183_12000_25.0.mp4,14
Person_2,happy,MYS_G000010_23042021_02_41_13656_13740_Sample_208_13440_25.0.mp4,34
Person_2,happy,MYS_G000010_23042021_02_44_14476_14514_Sample_219_13920_25.0.mp4,23
Person_2,happy,MYS_G000010_23042021_02_47_14749_14806_Sample_229_14700_25.0.mp4,12
Person_2,happy,MYS_G000010_23042021_02_50_14949_15060_Sample_236_14940_25.0.mp4,9
Person_2,happy,MYS_G000010_23042021_02_70_1320_1462_Sample_27_1320_25.0.mp4,19
Person_2,happy,MYS_G000010_23042021_02_81_2109_2198_Sample_35_1920_25.0.mp4,20
Person_2,happy,MYS_G000010_23042021_02_98_40217_40246_Sample_508_40080_25.0.mp4,9
Person_2,happy,MYS_G000010_23042021_03_27_11899_12146_Sample_217_11760_25.0.mp4,18
Person_2,happy,MYS_G000010_23042021_03_43_15060_15113_Sample_267_15060_25.0.mp4,20
Person_2,happy,MYS_G000010_23042021_03_50_17481_17627_Sample_301_16500_25.0.mp4,61
Person_2,happy,MYS_G000010_23072021_01_131_4896_4980_Sample_30_4860_25.0.mp4,32
Person_2,happy,MYS_G000010_23072021_01_132_5040_5327_Sample_33_5040_25.0.mp4,12
Person_2,happy,MYS_G000010_23072021_01_135_5591_5643_Sample_35_5520_25.0.mp4,24
Person_2,happy,MYS_G000010_23072021_01_136_5957_6020_Sample_37_5820_25.0.mp4,26
Person_2,happy,MYS_G000010_23072021_01_137_7937_7969_Sample_37_5820_25.0.mp4,18
Person_2,happy,MYS_G000010_23072021_01_165_9966_10029_Sample_62_8820_25.0.mp4,34
Person_2,happy,MYS_G000010_23072021_01_166_10055_10139_Sample_62_8820_25.0.mp4,40
Person_2,happy,MYS_G000010_23072021_01_168_11971_12076_Sample_62_8820_25.0.mp4,63
Person_2,happy,MYS_G000010_23072021_01_169_12138_12342_Sample_62_8820_25.0.mp4,54
Person_2,happy,MYS_G000010_23072021_01_170_12868_12898_Sample_62_8820_25.0.mp4,14
Person_2,happy,MYS_G000010_23072021_01_171_12919_12983_Sample_62_8820_25.0.mp4,13
Person_2,happy,MYS_G000010_23072021_01_43_2782_2865_Sample_13_2460_25.0.mp4,42
Person_2,happy,MYS_G000010_23072021_01_4_1721_1782_Sample_10_1560_25.0.mp4,25
Person_2,happy,MYS_G000010_23072021_01_52_3438_3468_Sample_15_3360_25.0.mp4,10
Person_2,happy,MYS_G000010_23072021_01_5_2110_2148_Sample_10_1560_25.0.mp4,17
Person_2,happy,MYS_G000010_23072021_01_85_27065_27132_Sample_186_25800_25.0.mp4,16
Person_2,happy,MYS_G000010_23072021_01_86_27291_27352_Sample_186_25800_25.0.mp4,16
Person_2,happy,MYS_G000010_23072021_01_87_27555_27647_Sample_186_25800_25.0.mp4,40
Person_2,happy,MYS_G000010_23072021_03_10_1885_1925_Sample_1_60_25.0.mp4,17
Person_2,happy,MYS_G000010_27082021_01_238_77188_77277_Sample_783_75480_25.0.mp4,35
Person_2,happy,MYS_G000010_27082021_01_286_93745_93780_Sample_975_93600_25.0.mp4,25
Person_2,happy,MYS_G000010_30042021_01_305_149584_149670_Sample_2469_149400_25.0.mp4,30
Person_2,happy,MYS_G000010_30042021_01_321_154920_154980_Sample_2553_154500_25.0.mp4,30
Person_2,happy,MYS_G000010_30042021_01_32_66558_66650_Sample_1092_66420_25.0.mp4,38
Person_2,happy,MYS_G000010_30042021_01_342_160721_160860_Sample_2657_160680_25.0.mp4,15
Person_2,happy,MYS_G000010_30042021_01_347_161204_161362_Sample_2667_161160_25.0.mp4,13
Person_2,happy,MYS_G000010_30042021_01_350_161820_161866_Sample_2676_161460_25.0.mp4,28
Person_2,happy,MYS_G000010_30042021_01_353_161943_162024_Sample_2687_161940_25.0.mp4,17
Person_2,happy,MYS_G000010_30042021_01_354_162074_162180_Sample_2687_161940_25.0.mp4,68
Person_2,happy,MYS_G000010_30042021_01_357_162364_162497_Sample_2696_162360_25.0.mp4,20
Person_2,happy,MYS_G000010_30042021_01_361_163169_163301_Sample_2712_163080_25.0.mp4,62
Person_2,happy,MYS_G000010_30042021_01_362_163506_163680_Sample_2712_163080_25.0.mp4,86
Person_2,happy,MYS_G000010_30042021_01_372_164490_164750_Sample_2737_164460_25.0.mp4,151
Person_2,happy,MYS_G000010_30042021_01_375_164941_165120_Sample_2744_164760_25.0.mp4,75
Person_2,happy,MYS_G000010_30042021_01_381_165304_165413_Sample_2755_165300_25.0.mp4,43
Person_2,happy,MYS_G000010_30042021_01_383_165792_166020_Sample_2757_165360_25.0.mp4,69
Person_2,happy,MYS_G000010_30042021_01_388_166622_166974_Sample_2776_166560_25.0.mp4,49
Person_2,happy,MYS_G000010_30042021_01_401_168215_168240_Sample_2804_168060_25.0.mp4,13
Person_2,happy,MYS_G000010_30042021_01_402_168360_168459_Sample_2811_168360_25.0.mp4,12
Person_2,happy,MYS_G000010_30042021_01_403_168632_168687_Sample_2811_168360_25.0.mp4,31
Person_2,happy,MYS_G000010_30042021_01_410_169022_169068_Sample_2830_169020_25.0.mp4,12
Person_2,happy,MYS_G000010_30042021_01_433_22149_22334_Sample_352_22140_25.0.mp4,97
Person_2,happy,MYS_G000010_30042021_01_434_22780_22892_Sample_352_22140_25.0.mp4,43
Person_2,happy,MYS_G000010_30042021_01_435_22929_23040_Sample_352_22140_25.0.mp4,91
Person_2,happy,MYS_G000010_30042021_01_440_23100_23154_Sample_362_23100_25.0.mp4,22
Person_2,happy,MYS_G000010_30042021_01_448_24051_24121_Sample_376_23940_25.0.mp4,43
Person_2,happy,MYS_G000010_30042021_01_44_68405_68580_Sample_1129_68400_25.0.mp4,65
Person_2,happy,MYS_G000010_30042021_01_451_24511_24883_Sample_383_24480_25.0.mp4,34
Person_2,happy,MYS_G000010_30042021_01_463_26928_27052_Sample_418_26880_25.0.mp4,44
Person_2,happy,MYS_G000010_30042021_01_464_27562_27614_Sample_418_26880_25.0.mp4,26
Person_2,happy,MYS_G000010_30042021_01_465_28230_28410_Sample_418_26880_25.0.mp4,65
Person_2,happy,MYS_G000010_30042021_01_466_28988_29040_Sample_418_26880_25.0.mp4,52
Person_2,happy,MYS_G000010_30042021_01_478_2829_3237_Sample_44_2820_25.0.mp4,51
Person_2,happy,MYS_G000010_30042021_01_479_29112_29197_Sample_451_29100_25.0.mp4,19
Person_2,happy,MYS_G000010_30042021_01_486_30481_30589_Sample_470_30480_25.0.mp4,18
Person_2,happy,MYS_G000010_30042021_01_487_30680_30754_Sample_470_30480_25.0.mp4,27
Person_2,happy,MYS_G000010_30042021_01_489_30905_30961_Sample_474_30900_25.0.mp4,15
Person_2,happy,MYS_G000010_30042021_01_4_61779_61860_Sample_1005_61620_25.0.mp4,53
Person_2,happy,MYS_G000010_30042021_01_512_3380_3519_Sample_53_3300_25.0.mp4,24
Person_2,happy,MYS_G000010_30042021_01_513_3571_3668_Sample_53_3300_25.0.mp4,29
Person_2,happy,MYS_G000010_30042021_01_516_34575_34620_Sample_534_34440_25.0.mp4,24
Person_2,happy,MYS_G000010_30042021_01_518_35467_35520_Sample_539_34680_25.0.mp4,38
Person_2,happy,MYS_G000010_30042021_01_546_4088_4229_Sample_60_3960_25.0.mp4,31
Person_2,happy,MYS_G000010_30042021_01_547_4453_4500_Sample_60_3960_25.0.mp4,42
Person_2,happy,MYS_G000010_30042021_01_641_56820_56929_Sample_924_56820_25.0.mp4,21
Person_2,happy,MYS_G000010_30042021_01_650_59191_59450_Sample_963_58980_25.0.mp4,137
Person_2,happy,MYS_G000010_30042021_01_655_60780_60900_Sample_985_60780_25.0.mp4,60
Person_2,happy,MYS_G000010_30042021_01_66_77580_77623_Sample_1261_77580_25.0.mp4,17
Person_2,happy,MYS_G000010_30042021_01_67_77647_77757_Sample_1261_77580_25.0.mp4,34
Person_2,happy,MYS_G000010_30042021_01_72_80828_80902_Sample_1301_80520_25.0.mp4,39
Person_2,happy,MYS_G000010_30042021_01_86_86191_86280_Sample_1389_85860_25.0.mp4,20
Person_2,happy,MYS_G000010_30042021_01_90_86704_86805_Sample_1397_86340_25.0.mp4,55
Person_2,happy,MYS_G000010_30042021_01_94_91380_91740_Sample_1450_91380_25.0.mp4,180
Person_2,happy,MYS_G000010_30042021_01_99_9491_9594_Sample_147_8880_25.0.mp4,54
Person_2,happy,MYS_G000011_05022021_03_102_32710_32780_Sample_412_32700_25.0.mp4,5
Person_2,happy,MYS_G000011_05022021_03_103_33120_33281_Sample_415_33120_25.0.mp4,27
Person_2,happy,MYS_G000011_05022021_03_11_45323_45537_Sample_573_45240_25.0.mp4,157
Person_2,happy,MYS_G000011_05022021_03_13_45690_45840_Sample_573_45240_25.0.mp4,75
Person_2,happy,MYS_G000011_05022021_03_14_10888_10935_Sample_135_10860_25.0.mp4,8
Person_2,happy,MYS_G000011_05022021_03_16_36063_36093_Sample_459_36060_25.0.mp4,17
Person_2,happy,MYS_G000011_05022021_03_18_12000_12038_Sample_150_11940_25.0.mp4,18
Person_2,happy,MYS_G000011_05022021_03_18_36193_36251_Sample_459_36060_25.0.mp4,21
Person_2,happy,MYS_G000011_05022021_03_22_12917_12982_Sample_158_12600_25.0.mp4,11
Person_2,happy,MYS_G000011_05022021_03_25_36901_36947_Sample_474_36900_25.0.mp4,5
Person_2,happy,MYS_G000011_05022021_03_25_47462_47549_Sample_597_47280_25.0.mp4,14
Person_2,happy,MYS_G000011_05022021_03_26_36978_37158_Sample_474_36900_25.0.mp4,51
Person_2,happy,MYS_G000011_05022021_03_27_13980_14079_Sample_173_13980_25.0.mp4,54
Person_2,happy,MYS_G000011_05022021_03_33_38101_38212_Sample_491_38100_25.0.mp4,19
Person_2,happy,MYS_G000011_05022021_03_43_49441_49498_Sample_623_49440_25.0.mp4,12
Person_2,happy,MYS_G000011_05022021_03_46_41801_41820_Sample_531_41640_25.0.mp4,14
Person_2,happy,MYS_G000011_05022021_03_49_19751_19823_Sample_225_19140_25.0.mp4,15
Person_2,happy,MYS_G000011_05022021_03_57_21180_21244_Sample_247_21180_25.0.mp4,16
Person_2,happy,MYS_G000011_05022021_03_58_21260_21374_Sample_247_21180_25.0.mp4,30
Person_2,happy,MYS_G000011_05022021_03_59_21372_21494_Sample_247_21180_25.0.mp4,36
Person_2,happy,MYS_G000011_05022021_03_60_21600_21670_Sample_247_21180_25.0.mp4,8
Person_2,happy,MYS_G000011_05022021_03_61_51440_51464_Sample_654_51420_25.0.mp4,5
Person_2,happy,MYS_G000011_05022021_03_71_52920_53040_Sample_677_52920_25.0.mp4,60
Person_2,happy,MYS_G000011_05022021_03_7_9429_9488_Sample_114_9420_25.0.mp4,19
Person_2,happy,MYS_G000011_05022021_03_84_30151_30180_Sample_377_30060_25.0.mp4,14
Person_2,happy,MYS_G000011_05022021_03_8_9746_9831_Sample_117_9660_25.0.mp4,22
Person_2,happy,MYS_G000011_05022021_04_11_42360_42427_Sample_469_42360_25.0.mp4,19
Person_2,happy,MYS_G000011_05022021_04_23_31325_31349_Sample_341_30900_25.0.mp4,9
Person_2,happy,MYS_G000011_05022021_04_41_48465_48488_Sample_542_48420_25.0.mp4,14
Person_2,happy,MYS_G000011_05022021_04_44_36668_36720_Sample_391_36540_25.0.mp4,37
Person_2,happy,MYS_G000011_05022021_04_4_28145_28315_Sample_300_27780_25.0.mp4,77
Person_2,happy,MYS_G000011_05022021_04_51_24154_24197_Sample_245_23400_25.0.mp4,12
Person_2,happy,MYS_G000011_05022021_04_53_50400_50541_Sample_568_50400_25.0.mp4,8
Person_2,happy,MYS_G000011_05022021_04_5_28142_28310_Sample_301_27840_25.0.mp4,86
Person_2,happy,MYS_G000011_05022021_04_61_25142_25189_Sample_267_25140_25.0.mp4,32
Person_2,happy,MYS_G000011_05022021_04_63_25615_25679_Sample_270_25380_25.0.mp4,16
Person_2,happy,MYS_G000011_05022021_04_65_25778_25814_Sample_270_25380_25.0.mp4,3
Person_2,happy,MYS_G000011_05022021_04_65_40581_40697_Sample_444_40500_25.0.mp4,17
Person_2,happy,MYS_G000011_05022021_04_6_12357_12451_Sample_122_12120_25.0.mp4,33
Person_2,happy,MYS_G000011_05022021_05_100_523_600_Sample_236.mp4,25
Person_2,happy,MYS_G000011_05022021_05_105_89_195_Sample_240.mp4,33
Person_2,happy,MYS_G000011_05022021_05_106_304_322_Sample_240.mp4,15
Person_2,happy,MYS_G000011_05022021_05_108_372_415_Sample_240.mp4,24
Person_2,happy,MYS_G000011_05022021_05_10_1606_1633_Sample_114.mp4,11
Person_2,happy,MYS_G000011_05022021_05_117_4_79_Sample_257.mp4,16
Person_2,happy,MYS_G000011_05022021_05_118_133_180_Sample_257.mp4,31
Person_2,happy,MYS_G000011_05022021_05_120_93_165_Sample_29.mp4,12
Person_2,happy,MYS_G000011_05022021_05_122_529_604_Sample_29.mp4,27
Person_2,happy,MYS_G000011_05022021_05_123_575_725_Sample_3.mp4,75
Person_2,happy,MYS_G000011_05022021_05_126_4_123_Sample_31.mp4,59
Person_2,happy,MYS_G000011_05022021_05_127_218_250_Sample_34.mp4,15
Person_2,happy,MYS_G000011_05022021_05_139_44_82_Sample_51.mp4,22
Person_2,happy,MYS_G000011_05022021_05_146_2_102_Sample_61.mp4,41
Person_2,happy,MYS_G000011_05022021_05_148_622_692_Sample_67.mp4,44
Person_2,happy,MYS_G000011_05022021_05_154_509_564_Sample_83.mp4,19
Person_2,happy,MYS_G000011_05022021_05_157_410_455_Sample_89.mp4,15
Person_2,happy,MYS_G000011_05022021_05_158_767_841_Sample_89.mp4,53
Person_2,happy,MYS_G000011_05022021_05_32_74_96_Sample_142.mp4,11
Person_2,happy,MYS_G000011_05022021_05_34_1175_1248_Sample_142.mp4,31
Person_2,happy,MYS_G000011_05022021_05_39_0_59_Sample_148.mp4,20
Person_2,happy,MYS_G000011_05022021_05_80_1_25_Sample_208.mp4,3
Person_2,happy,MYS_G000011_05022021_05_81_116_120_Sample_208.mp4,2
Person_2,happy,MYS_G000011_05022021_05_83_1_25_Sample_210.mp4,3
Person_2,happy,MYS_G000011_05022021_05_89_471_527_Sample_222.mp4,10
Person_2,happy,MYS_G000011_05022021_05_96_54_120_Sample_230.mp4,41
Person_2,happy,MYS_G000011_05022021_05_97_1_24_Sample_234.mp4,9
Person_2,happy,MYS_G000011_15022021_01_10_650_673_Sample_114.mp4,18
Person_2,happy,MYS_G000011_15022021_01_12_975_1144_Sample_47.mp4,21
Person_2,happy,MYS_G000011_15022021_01_15_55_177_Sample_125.mp4,38
Person_2,happy,MYS_G000011_15022021_01_16_186_480_Sample_125.mp4,31
Person_2,happy,MYS_G000011_15022021_01_20_917_944_Sample_130.mp4,13
Person_2,happy,MYS_G000011_15022021_01_21_976_1008_Sample_130.mp4,5
Person_2,happy,MYS_G000011_15022021_01_23_2607_2674_Sample_130.mp4,17
Person_2,happy,MYS_G000011_15022021_01_24_2828_2945_Sample_130.mp4,18
Person_2,happy,MYS_G000011_15022021_01_25_3154_3233_Sample_130.mp4,19
Person_2,happy,MYS_G000011_15022021_01_25_3179_3438_Sample_73.mp4,112
Person_2,happy,MYS_G000011_15022021_01_4_150_180_Sample_107.mp4,10
Person_2,happy,MYS_G000011_15022021_01_52_518_540_Sample_186.mp4,14
Person_2,happy,MYS_G000011_15022021_01_56_323_406_Sample_190.mp4,33
Person_2,happy,MYS_G000011_15022021_01_62_1438_1521_Sample_208.mp4,32
Person_2,happy,MYS_G000011_15022021_01_69_1899_1938_Sample_253.mp4,25
Person_2,happy,MYS_G000011_15022021_01_89_222_321_Sample_30.mp4,57
Person_2,happy,MYS_G000011_15022021_01_8_546_608_Sample_114.mp4,23
Person_2,happy,MYS_G000011_15022021_01_90_357_570_Sample_30.mp4,102
Person_2,happy,MYS_G000011_15022021_01_91_586_767_Sample_30.mp4,95
Person_2,happy,MYS_G000011_15022021_01_92_1468_1639_Sample_30.mp4,122
Person_2,happy,MYS_G000011_15022021_01_93_2296_2399_Sample_30.mp4,41
Person_2,happy,MYS_G000011_15022021_01_94_2532_2640_Sample_30.mp4,37
Person_2,happy,MYS_G000011_15022021_03_105_39_246_Sample_353.mp4,111
Person_2,happy,MYS_G000011_15022021_03_111_2_52_Sample_363.mp4,30
Person_2,happy,MYS_G000011_15022021_03_112_133_180_Sample_363.mp4,23
Person_2,happy,MYS_G000011_15022021_03_115_288_519_Sample_9.mp4,8
Person_2,happy,MYS_G000011_15022021_03_118_880_1054_Sample_97.mp4,56
Person_2,happy,MYS_G000011_15022021_03_119_1410_1579_Sample_97.mp4,66
Person_2,happy,MYS_G000011_15022021_03_13_67_98_Sample_39.mp4,7
Person_2,happy,MYS_G000011_15022021_03_15_133_167_Sample_391.mp4,12
Person_2,happy,MYS_G000011_15022021_03_16_1453_1680_Sample_391.mp4,33
Person_2,happy,MYS_G000011_15022021_03_26_83_385_Sample_416.mp4,66
Person_2,happy,MYS_G000011_15022021_03_27_425_570_Sample_416.mp4,65
Person_2,happy,MYS_G000011_15022021_03_28_870_1041_Sample_416.mp4,14
Person_2,happy,MYS_G000011_15022021_03_29_1790_1843_Sample_416.mp4,27
Person_2,happy,MYS_G000011_15022021_03_2_59_120_Sample_371.mp4,7
Person_2,happy,MYS_G000011_15022021_03_47_0_158_Sample_467.mp4,67
Person_2,happy,MYS_G000011_15022021_03_48_460_540_Sample_190.mp4,46
Person_2,happy,MYS_G000011_15022021_03_49_49_196_Sample_470.mp4,14
Person_2,happy,MYS_G000011_15022021_03_50_317_466_Sample_470.mp4,62
Person_2,happy,MYS_G000011_15022021_03_53_0_62_Sample_201.mp4,6
Person_2,happy,MYS_G000011_15022021_03_54_505_575_Sample_201.mp4,20
Person_2,happy,MYS_G000011_15022021_03_55_109_321_Sample_480.mp4,55
Person_2,happy,MYS_G000011_15022021_03_56_461_904_Sample_480.mp4,62
Person_2,happy,MYS_G000011_15022021_03_57_669_711_Sample_22.mp4,16
Person_2,happy,MYS_G000011_15022021_03_5_0_165_Sample_376.mp4,22
Person_2,happy,MYS_G000011_15022021_03_65_335_414_Sample_490.mp4,35
Person_2,happy,MYS_G000011_15022021_03_66_421_540_Sample_490.mp4,74
Person_2,happy,MYS_G000011_15022021_03_73_41_297_Sample_501.mp4,246
Person_2,happy,MYS_G000011_15022021_03_78_0_120_Sample_517.mp4,30
Person_2,happy,MYS_G000011_15022021_03_79_0_77_Sample_518.mp4,23
Person_2,happy,MYS_G000011_15022021_03_87_146_425_Sample_532.mp4,16
Person_2,happy,MYS_G000011_15022021_03_88_623_660_Sample_532.mp4,23
Person_2,happy,MYS_G000011_15022021_03_91_111_228_Sample_539.mp4,14
Person_2,happy,MYS_G000011_15022021_03_92_227_436_Sample_539.mp4,24
Person_2,happy,MYS_G000011_15022021_03_92_479_540_Sample_315.mp4,8
Person_2,happy,MYS_G000011_15022021_03_9_275_360_Sample_383.mp4,84
Person_2,happy,MYS_G000011_15022021_04_31_3782_4250_Sample_7.mp4,233
Person_2,happy,MYS_G000011_22012021_02_108_37646_37696_Sample_404_37380_25.0.mp4,12
Person_2,happy,MYS_G000011_22012021_02_109_38856_38923_Sample_404_37380_25.0.mp4,28
Person_2,happy,MYS_G000011_22012021_02_110_38975_39049_Sample_404_37380_25.0.mp4,13
Person_2,happy,MYS_G000011_22012021_02_16_40381_40416_Sample_451_40380_25.0.mp4,21
Person_2,happy,MYS_G000011_22012021_02_17_40789_40917_Sample_454_40680_25.0.mp4,87
Person_2,happy,MYS_G000011_22012021_02_27_41838_41960_Sample_462_41520_25.0.mp4,33
Person_2,happy,MYS_G000011_22012021_02_30_1870_1917_Sample_19_1800_25.0.mp4,15
Person_2,happy,MYS_G000011_22012021_02_31_44197_44281_Sample_478_43320_25.0.mp4,22
Person_2,happy,MYS_G000011_22012021_02_41_46092_46200_Sample_506_46080_25.0.mp4,14
Person_2,happy,MYS_G000011_22012021_02_42_46673_46796_Sample_506_46080_25.0.mp4,17
Person_2,happy,MYS_G000011_22012021_02_45_47281_47319_Sample_519_47280_25.0.mp4,7
Person_2,happy,MYS_G000011_22012021_02_47_4458_4500_Sample_51_4200_25.0.mp4,17
Person_2,happy,MYS_G000011_22012021_02_48_47584_47739_Sample_523_47580_25.0.mp4,87
Person_2,happy,MYS_G000011_22012021_02_49_47760_47965_Sample_523_47580_25.0.mp4,94
Person_2,happy,MYS_G000011_22012021_02_50_47989_48109_Sample_523_47580_25.0.mp4,44
Person_2,happy,MYS_G000011_22012021_02_51_48499_48664_Sample_523_47580_25.0.mp4,125
Person_2,happy,MYS_G000011_22012021_02_52_48667_48739_Sample_523_47580_25.0.mp4,16
Person_2,happy,MYS_G000011_22012021_02_54_50002_50152_Sample_523_47580_25.0.mp4,49
Person_2,happy,MYS_G000011_22012021_02_55_50512_50625_Sample_523_47580_25.0.mp4,30
Person_2,happy,MYS_G000011_22012021_02_68_52592_52719_Sample_556_52140_25.0.mp4,70
Person_2,happy,MYS_G000011_22012021_02_71_4561_4606_Sample_55_4560_25.0.mp4,16
Person_2,happy,MYS_G000011_22012021_02_72_53251_53350_Sample_563_53160_25.0.mp4,57
Person_2,happy,MYS_G000011_22012021_02_73_31381_31488_Sample_310_31380_25.0.mp4,21
Person_2,happy,MYS_G000011_22012021_02_77_53521_53558_Sample_568_53520_25.0.mp4,11
Person_2,happy,MYS_G000011_22012021_02_78_53521_53566_Sample_569_53520_25.0.mp4,14
Person_2,happy,MYS_G000011_22012021_02_79_53720_53853_Sample_569_53520_25.0.mp4,37
Person_2,happy,MYS_G000011_22012021_02_81_32402_32460_Sample_332_32340_25.0.mp4,38
Person_2,happy,MYS_G000011_22012021_02_81_5191_5220_Sample_61_5040_25.0.mp4,10
Person_2,happy,MYS_G000011_22012021_02_82_32460_32626_Sample_334_32460_25.0.mp4,98
Person_2,happy,MYS_G000011_22012021_02_83_32735_32827_Sample_336_32640_25.0.mp4,38
Person_2,happy,MYS_G000011_22012021_02_85_33601_33628_Sample_346_33600_25.0.mp4,11
Person_2,happy,MYS_G000011_22012021_02_92_35372_35402_Sample_368_35340_25.0.mp4,15
Person_2,happy,MYS_G000011_22012021_02_93_35401_35433_Sample_368_35340_25.0.mp4,26
Person_2,happy,MYS_G000011_22012021_02_96_35782_35868_Sample_374_35700_25.0.mp4,32
Person_2,happy,MYS_G000011_22012021_02_97_35876_35934_Sample_374_35700_25.0.mp4,10
Person_2,happy,MYS_G000011_26022021_04_102_37_73_Sample_82.mp4,18
Person_2,happy,MYS_G000011_26022021_04_10_2592_2674_Sample_109.mp4,34
Person_2,happy,MYS_G000011_26022021_04_110_424_480_Sample_94.mp4,27
Person_2,happy,MYS_G000011_26022021_04_24_375_458_Sample_128.mp4,48
Person_2,happy,MYS_G000011_26022021_04_27_527_591_Sample_137.mp4,25
Person_2,happy,MYS_G000011_26022021_04_2_10_130_Sample_10.mp4,25
Person_2,happy,MYS_G000011_26022021_04_32_38_65_Sample_143.mp4,5
Person_2,happy,MYS_G000011_26022021_04_3_3_41_Sample_100.mp4,13
Person_2,happy,MYS_G000011_26022021_04_43_99_180_Sample_159.mp4,44
Person_2,happy,MYS_G000011_26022021_04_4_712_794_Sample_100.mp4,28
Person_2,happy,MYS_G000011_26022021_04_54_355_414_Sample_177.mp4,15
Person_2,happy,MYS_G000011_26022021_04_75_351_404_Sample_221.mp4,16
Person_2,happy,MYS_G000011_26022021_04_76_404_467_Sample_221.mp4,18
Person_2,happy,MYS_G000011_26022021_04_7_5_87_Sample_109.mp4,17
Person_2,happy,MYS_G000011_26022021_04_81_36_57_Sample_30.mp4,5
Person_2,happy,MYS_G000011_26022021_04_82_58_95_Sample_30.mp4,5
Person_2,happy,MYS_G000011_26022021_04_83_203_250_Sample_30.mp4,35
Person_2,happy,MYS_G000011_26022021_04_8_2148_2283_Sample_109.mp4,34
Person_2,happy,MYS_G000011_26022021_04_99_96_139_Sample_81.mp4,14
Person_2,happy,MYS_G000011_26022021_04_9_2440_2581_Sample_109.mp4,46
Person_2,happy,MYS_G000011_28012021_02_13_32_172_Sample_122.mp4,16
Person_2,happy,MYS_G000011_28012021_02_1_150_250_Sample_1.mp4,50
Person_2,happy,MYS_G000011_28012021_02_1_86_121_Sample_24.mp4,17
Person_2,happy,MYS_G000011_28012021_02_22_0_84_Sample_141.mp4,9
Person_2,happy,MYS_G000011_28012021_02_24_29_68_Sample_147.mp4,24
Person_2,happy,MYS_G000011_28012021_02_30_16_91_Sample_3.mp4,25
Person_2,happy,MYS_G000011_28012021_02_36_103_138_Sample_224.mp4,12
Person_2,happy,MYS_G000011_28012021_02_39_101_121_Sample_39.mp4,12
Person_2,happy,MYS_G000011_28012021_02_42_134_296_Sample_236.mp4,84
Person_2,happy,MYS_G000011_28012021_02_47_56_105_Sample_51.mp4,30
Person_2,happy,MYS_G000011_28012021_02_51_111_144_Sample_60.mp4,14
Person_2,happy,MYS_G000011_28012021_02_52_1_175_Sample_61.mp4,77
Person_2,happy,MYS_G000011_28012021_02_62_0_41_Sample_92.mp4,5
Person_2,happy,MYS_G000011_28012021_02_7_79_120_Sample_254.mp4,25
Person_2,happy,MYS_G000011_28012021_04_11_98_125_Sample_20.mp4,20
Person_2,happy,MYS_G000011_28012021_04_14_0_300_Sample_130.mp4,145
Person_2,happy,MYS_G000011_28012021_04_14_66_110_Sample_30.mp4,17
Person_2,happy,MYS_G000011_28012021_04_17_0_120_Sample_133.mp4,75
Person_2,happy,MYS_G000011_28012021_04_1_242_300_Sample_101.mp4,57
Person_2,happy,MYS_G000011_28012021_04_25_1_39_Sample_58.mp4,17
Person_2,happy,MYS_G000011_28012021_04_26_109_181_Sample_58.mp4,35
Person_2,happy,MYS_G000011_28012021_04_48_130_180_Sample_97.mp4,26
Person_2,happy,MYS_G000011_28012021_04_4_63_175_Sample_107.mp4,31
Person_2,happy,MYS_G000011_28012021_04_7_24_120_Sample_112.mp4,25
Person_2,happy,MYS_G000115_04042021_205_108853_108930_Sample_461_108480_25.0.mp4,41
Person_20,happy,MYS_G000010_30042021_01_397_167880_167961_Sample_2800_167880_25.0.mp4,20
Person_20,happy,MYS_G000010_30042021_01_398_168208_168325_Sample_2800_167880_25.0.mp4,39
Person_20,happy,MYS_G000010_30042021_01_399_168339_168360_Sample_2800_167880_25.0.mp4,21
Person_20,happy,MYS_G000010_30042021_01_405_168603_168780_Sample_2813_168540_25.0.mp4,37
Person_20,happy,MYS_G000115_18042021_6_57296_57333_Sample_160_57000_25.0.mp4,25
Person_20,happy,MYS_G000120_01052021_100_114859_114962_Sample_733_114780_25.0.mp4,40
Person_20,happy,MYS_G000120_01052021_101_197086_197220_Sample_1240_196920_25.0.mp4,68
Person_20,happy,MYS_G000120_01052021_104_115718_115800_Sample_741_115560_25.0.mp4,24
Person_20,happy,MYS_G000120_01052021_105_116072_116309_Sample_742_115860_25.0.mp4,37
Person_20,happy,MYS_G000120_01052021_106_116374_116400_Sample_742_115860_25.0.mp4,26
Person_20,happy,MYS_G000120_01052021_107_116064_116310_Sample_743_115860_25.0.mp4,79
Person_20,happy,MYS_G000120_01052021_108_116372_116400_Sample_743_115860_25.0.mp4,28
Person_20,happy,MYS_G000120_01052021_108_21661_21739_Sample_139_21660_25.0.mp4,14
Person_20,happy,MYS_G000120_01052021_109_33660_33709_Sample_223_33660_25.0.mp4,13
Person_20,happy,MYS_G000120_01052021_110_34243_34416_Sample_223_33660_25.0.mp4,41
Person_20,happy,MYS_G000120_01052021_111_116685_116760_Sample_747_116520_25.0.mp4,64
Person_20,happy,MYS_G000120_01052021_112_170820_171056_Sample_1111_170820_25.0.mp4,43
Person_20,happy,MYS_G000120_01052021_113_171066_171300_Sample_1111_170820_25.0.mp4,40
Person_20,happy,MYS_G000120_01052021_114_34774_34860_Sample_228_34740_25.0.mp4,33
Person_20,happy,MYS_G000120_01052021_118_36081_36314_Sample_236_36060_25.0.mp4,61
Person_20,happy,MYS_G000120_01052021_119_120135_120251_Sample_777_120120_25.0.mp4,17
Person_20,happy,MYS_G000120_01052021_11_23581_23668_Sample_154_23580_25.0.mp4,23
Person_20,happy,MYS_G000120_01052021_120_120668_120933_Sample_777_120120_25.0.mp4,136
Person_20,happy,MYS_G000120_01052021_120_36181_36300_Sample_238_36180_25.0.mp4,57
Person_20,happy,MYS_G000120_01052021_123_36478_36540_Sample_240_36420_25.0.mp4,43
Person_20,happy,MYS_G000120_01052021_126_37200_37269_Sample_246_37200_25.0.mp4,23
Person_20,happy,MYS_G000120_01052021_128_37440_37474_Sample_247_37440_25.0.mp4,3
Person_20,happy,MYS_G000120_01052021_129_126970_127033_Sample_826_126960_25.0.mp4,18
Person_20,happy,MYS_G000120_01052021_129_37514_37560_Sample_247_37440_25.0.mp4,15
Person_20,happy,MYS_G000120_01052021_12_93447_93604_Sample_584_93240_25.0.mp4,38
Person_20,happy,MYS_G000120_01052021_130_127270_127347_Sample_828_127260_25.0.mp4,36
Person_20,happy,MYS_G000120_01052021_131_127561_127598_Sample_829_127560_25.0.mp4,11
Person_20,happy,MYS_G000120_01052021_131_38366_38487_Sample_250_38220_25.0.mp4,28
Person_20,happy,MYS_G000120_01052021_137_39331_39360_Sample_260_39180_25.0.mp4,28
Person_20,happy,MYS_G000120_01052021_13_24000_24120_Sample_156_24000_25.0.mp4,31
Person_20,happy,MYS_G000120_01052021_13_65462_65544_Sample_440_65040_25.0.mp4,34
Person_20,happy,MYS_G000120_01052021_144_132137_132200_Sample_851_132060_25.0.mp4,25
Person_20,happy,MYS_G000120_01052021_145_132200_132261_Sample_851_132060_25.0.mp4,35
Person_20,happy,MYS_G000120_01052021_146_132405_132513_Sample_851_132060_25.0.mp4,20
Person_20,happy,MYS_G000120_01052021_146_40200_40259_Sample_267_40200_25.0.mp4,21
Person_20,happy,MYS_G000120_01052021_147_40259_40320_Sample_267_40200_25.0.mp4,23
Person_20,happy,MYS_G000120_01052021_152_133314_133468_Sample_855_133140_25.0.mp4,67
Person_20,happy,MYS_G000120_01052021_15_48360_48469_Sample_322_48360_25.0.mp4,11
Person_20,happy,MYS_G000120_01052021_15_65640_65781_Sample_443_65640_25.0.mp4,99
Person_20,happy,MYS_G000120_01052021_160_41900_42180_Sample_280_41880_25.0.mp4,280
Person_20,happy,MYS_G000120_01052021_161_136801_136827_Sample_885_136800_25.0.mp4,5
Person_20,happy,MYS_G000120_01052021_161_41964_42180_Sample_282_41940_25.0.mp4,216
Person_20,happy,MYS_G000120_01052021_162_42300_42518_Sample_283_42300_25.0.mp4,14
Person_20,happy,MYS_G000120_01052021_16_94510_94572_Sample_588_94500_25.0.mp4,35
Person_20,happy,MYS_G000120_01052021_174_45175_45323_Sample_294_44040_25.0.mp4,94
Person_20,happy,MYS_G000120_01052021_175_45398_45548_Sample_294_44040_25.0.mp4,68
Person_20,happy,MYS_G000120_01052021_17_66304_66369_Sample_443_65640_25.0.mp4,27
Person_20,happy,MYS_G000120_01052021_17_94647_94867_Sample_588_94500_25.0.mp4,62
Person_20,happy,MYS_G000120_01052021_18_174121_174157_Sample_1124_174120_25.0.mp4,19
Person_20,happy,MYS_G000120_01052021_18_48983_49105_Sample_326_48960_25.0.mp4,25
Person_20,happy,MYS_G000120_01052021_199_150275_150300_Sample_965_149700_25.0.mp4,19
Person_20,happy,MYS_G000120_01052021_19_49302_49379_Sample_326_48960_25.0.mp4,17
Person_20,happy,MYS_G000120_01052021_1_176733_176760_Sample_1134_176400_25.0.mp4,27
Person_20,happy,MYS_G000120_01052021_1_79623_79690_Sample_524_79620_25.0.mp4,15
Person_20,happy,MYS_G000120_01052021_1_87897_87988_Sample_569_87780_25.0.mp4,55
Person_20,happy,MYS_G000120_01052021_20_160740_161026_Sample_1045_160620_25.0.mp4,42
Person_20,happy,MYS_G000120_01052021_20_49648_49785_Sample_326_48960_25.0.mp4,44
Person_20,happy,MYS_G000120_01052021_20_66315_66390_Sample_446_65940_25.0.mp4,17
Person_20,happy,MYS_G000120_01052021_211_152641_152672_Sample_983_152640_25.0.mp4,16
Person_20,happy,MYS_G000120_01052021_212_153044_153120_Sample_983_152640_25.0.mp4,49
Person_20,happy,MYS_G000120_01052021_21_161330_161460_Sample_1045_160620_25.0.mp4,45
Person_20,happy,MYS_G000120_01052021_21_86655_86719_Sample_563_86280_25.0.mp4,19
Person_20,happy,MYS_G000120_01052021_22_174421_174600_Sample_1126_174420_25.0.mp4,138
Person_20,happy,MYS_G000120_01052021_22_86736_86900_Sample_563_86280_25.0.mp4,66
Person_20,happy,MYS_G000120_01052021_23_174840_174883_Sample_1127_174840_25.0.mp4,22
Person_20,happy,MYS_G000120_01052021_24_175797_175920_Sample_1127_174840_25.0.mp4,63
Person_20,happy,MYS_G000120_01052021_26_176761_176790_Sample_1137_176760_25.0.mp4,8
Person_20,happy,MYS_G000120_01052021_26_49104_49237_Sample_329_49080_25.0.mp4,49
Person_20,happy,MYS_G000120_01052021_27_176881_176964_Sample_1137_176760_25.0.mp4,28
Person_20,happy,MYS_G000120_01052021_27_49635_49775_Sample_329_49080_25.0.mp4,52
Person_20,happy,MYS_G000120_01052021_27_68505_68653_Sample_457_68100_25.0.mp4,59
Person_20,happy,MYS_G000120_01052021_28_177312_177720_Sample_1138_177300_25.0.mp4,239
Person_20,happy,MYS_G000120_01052021_28_87392_87629_Sample_567_87180_25.0.mp4,55
Person_20,happy,MYS_G000120_01052021_29_87896_88056_Sample_568_87780_25.0.mp4,49
Person_20,happy,MYS_G000120_01052021_2_60720_60917_Sample_404_60720_25.0.mp4,26
Person_20,happy,MYS_G000120_01052021_2_79686_79881_Sample_524_79620_25.0.mp4,51
Person_20,happy,MYS_G000120_01052021_2_88535_88626_Sample_569_87780_25.0.mp4,27
Person_20,happy,MYS_G000120_01052021_30_68493_68639_Sample_460_68280_25.0.mp4,59
Person_20,happy,MYS_G000120_01052021_30_88499_88726_Sample_568_87780_25.0.mp4,56
Person_20,happy,MYS_G000120_01052021_31_88726_89101_Sample_568_87780_25.0.mp4,78
Person_20,happy,MYS_G000120_01052021_33_103640_103683_Sample_655_103560_25.0.mp4,13
Person_20,happy,MYS_G000120_01052021_33_24301_24834_Sample_161_24300_25.0.mp4,429
Person_20,happy,MYS_G000120_01052021_34_103751_103962_Sample_655_103560_25.0.mp4,56
Person_20,happy,MYS_G000120_01052021_34_69494_69540_Sample_465_69240_25.0.mp4,30
Person_20,happy,MYS_G000120_01052021_35_103982_104100_Sample_655_103560_25.0.mp4,59
Person_20,happy,MYS_G000120_01052021_35_69552_69900_Sample_466_69540_25.0.mp4,188
Person_20,happy,MYS_G000120_01052021_36_178305_178403_Sample_1145_178140_25.0.mp4,34
Person_20,happy,MYS_G000120_01052021_37_178503_178528_Sample_1146_178500_25.0.mp4,9
Person_20,happy,MYS_G000120_01052021_38_178651_178816_Sample_1146_178500_25.0.mp4,42
Person_20,happy,MYS_G000120_01052021_3_79957_80101_Sample_524_79620_25.0.mp4,52
Person_20,happy,MYS_G000120_01052021_3_88728_89103_Sample_569_87780_25.0.mp4,68
Person_20,happy,MYS_G000120_01052021_46_50852_50880_Sample_346_50760_25.0.mp4,23
Person_20,happy,MYS_G000120_01052021_47_51082_51180_Sample_347_51060_25.0.mp4,25
Person_20,happy,MYS_G000120_01052021_4_80010_80075_Sample_527_79920_25.0.mp4,29
Person_20,happy,MYS_G000120_01052021_50_26701_26750_Sample_173_26700_25.0.mp4,18
Person_20,happy,MYS_G000120_01052021_50_51697_51828_Sample_350_51600_25.0.mp4,28
Person_20,happy,MYS_G000120_01052021_51_70835_70897_Sample_474_70680_25.0.mp4,50
Person_20,happy,MYS_G000120_01052021_53_104346_104396_Sample_666_104340_25.0.mp4,13
Person_20,happy,MYS_G000120_01052021_53_164671_164817_Sample_1077_164580_25.0.mp4,25
Person_20,happy,MYS_G000120_01052021_53_27234_27311_Sample_175_27180_25.0.mp4,36
Person_20,happy,MYS_G000120_01052021_54_27488_27572_Sample_175_27180_25.0.mp4,36
Person_20,happy,MYS_G000120_01052021_54_72153_72240_Sample_476_70860_25.0.mp4,59
Person_20,happy,MYS_G000120_01052021_55_104619_104700_Sample_668_104520_25.0.mp4,31
Person_20,happy,MYS_G000120_01052021_55_166000_166266_Sample_1082_165840_25.0.mp4,84
Person_20,happy,MYS_G000120_01052021_55_27641_27749_Sample_175_27180_25.0.mp4,32
Person_20,happy,MYS_G000120_01052021_56_27506_27540_Sample_176_27240_25.0.mp4,16
Person_20,happy,MYS_G000120_01052021_57_27642_27720_Sample_177_27600_25.0.mp4,20
Person_20,happy,MYS_G000120_01052021_58_72823_72900_Sample_483_72660_25.0.mp4,77
Person_20,happy,MYS_G000120_01052021_5_89807_90069_Sample_575_89760_25.0.mp4,82
Person_20,happy,MYS_G000120_01052021_60_105720_105841_Sample_674_105720_25.0.mp4,30
Person_20,happy,MYS_G000120_01052021_63_53875_53995_Sample_365_53760_25.0.mp4,16
Person_20,happy,MYS_G000120_01052021_67_29322_29461_Sample_187_28920_25.0.mp4,50
Person_20,happy,MYS_G000120_01052021_68_10532_10708_Sample_71_10140_25.0.mp4,64
Person_20,happy,MYS_G000120_01052021_6_46740_46826_Sample_305_46740_25.0.mp4,6
Person_20,happy,MYS_G000120_01052021_6_63300_63396_Sample_424_63300_25.0.mp4,18
Person_20,happy,MYS_G000120_01052021_6_90240_90477_Sample_576_90240_25.0.mp4,74
Person_20,happy,MYS_G000120_01052021_71_73440_73686_Sample_492_73440_25.0.mp4,72
Person_20,happy,MYS_G000120_01052021_72_168000_168117_Sample_1097_168000_25.0.mp4,32
Person_20,happy,MYS_G000120_01052021_72_73685_73800_Sample_492_73440_25.0.mp4,59
Person_20,happy,MYS_G000120_01052021_73_57377_57450_Sample_386_57300_25.0.mp4,38
Person_20,happy,MYS_G000120_01052021_74_57450_57576_Sample_386_57300_25.0.mp4,29
Person_20,happy,MYS_G000120_01052021_74_73932_74028_Sample_495_73860_25.0.mp4,59
Person_20,happy,MYS_G000120_01052021_75_29715_29844_Sample_194_29700_25.0.mp4,67
Person_20,happy,MYS_G000120_01052021_75_57660_57840_Sample_389_57660_25.0.mp4,24
Person_20,happy,MYS_G000120_01052021_7_22398_22476_Sample_147_22380_25.0.mp4,23
Person_20,happy,MYS_G000120_01052021_7_90567_90702_Sample_576_90240_25.0.mp4,63
Person_20,happy,MYS_G000120_01052021_80_75489_75565_Sample_502_75480_25.0.mp4,30
Person_20,happy,MYS_G000120_01052021_81_169260_169400_Sample_1102_169260_25.0.mp4,22
Person_20,happy,MYS_G000120_01052021_81_75614_75737_Sample_502_75480_25.0.mp4,40
Person_20,happy,MYS_G000120_01052021_85_111394_111519_Sample_717_111360_25.0.mp4,51
Person_20,happy,MYS_G000120_01052021_85_169601_169862_Sample_1105_169560_25.0.mp4,110
Person_20,happy,MYS_G000120_01052021_86_112470_113037_Sample_717_111360_25.0.mp4,209
Person_20,happy,MYS_G000120_01052021_86_170295_170637_Sample_1105_169560_25.0.mp4,207
Person_20,happy,MYS_G000120_01052021_87_113900_114029_Sample_717_111360_25.0.mp4,40
Person_20,happy,MYS_G000120_01052021_87_170637_170760_Sample_1105_169560_25.0.mp4,87
Person_20,happy,MYS_G000120_01052021_87_193842_193920_Sample_1217_193800_25.0.mp4,24
Person_20,happy,MYS_G000120_01052021_87_77340_77496_Sample_513_77340_25.0.mp4,21
Person_20,happy,MYS_G000120_01052021_88_114150_114313_Sample_717_111360_25.0.mp4,60
Person_20,happy,MYS_G000120_01052021_89_114510_114720_Sample_717_111360_25.0.mp4,86
Person_20,happy,MYS_G000120_01052021_89_193982_194092_Sample_1219_193980_25.0.mp4,25
Person_20,happy,MYS_G000120_01052021_8_22845_22860_Sample_149_22740_25.0.mp4,11
Person_20,happy,MYS_G000120_01052021_8_90957_91096_Sample_576_90240_25.0.mp4,46
Person_20,happy,MYS_G000120_01052021_90_10533_10560_Sample_72_10320_25.0.mp4,27
Person_20,happy,MYS_G000120_01052021_92_31633_31783_Sample_208_31620_25.0.mp4,27
Person_20,happy,MYS_G000120_01052021_96_32050_32174_Sample_212_32040_25.0.mp4,61
Person_20,happy,MYS_G000120_01052021_97_19785_19860_Sample_123_19320_25.0.mp4,25
Person_20,happy,MYS_G000120_01052021_98_33038_33240_Sample_214_32160_25.0.mp4,85
Person_20,happy,MYS_G000120_01052021_99_114788_114852_Sample_733_114780_25.0.mp4,15
Person_20,happy,MYS_G000120_01052021_9_23160_23292_Sample_152_23160_25.0.mp4,50
Person_20,happy,MYS_G000120_24042021_142_94200_94239_Sample_475_94200_25.0.mp4,6
Person_20,happy,MYS_G000120_24042021_143_94228_94318_Sample_475_94200_25.0.mp4,40
Person_20,happy,MYS_G000120_24042021_203_157069_157326_Sample_664_157020_25.0.mp4,46
Person_21,happy,MYS_G000010_27082021_01_2_103353_103435_Sample_1001_95340_25.0.mp4,16
Person_216,happy,MYS_G000109_08052020_01_104_70726_70828_Sample_261_70500_25.0.mp4,55
Person_216,happy,MYS_G000109_08052020_01_120_80041_80074_Sample_308_80040_25.0.mp4,1
Person_216,happy,MYS_G000109_08052020_01_12_35312_35460_Sample_113_35220_25.0.mp4,39
Person_216,happy,MYS_G000109_08052020_01_134_86125_86160_Sample_336_85680_25.0.mp4,21
Person_216,happy,MYS_G000109_08052020_01_135_17117_17157_Sample_34_17100_25.0.mp4,11
Person_216,happy,MYS_G000109_08052020_01_136_86402_86417_Sample_340_86400_25.0.mp4,7
Person_216,happy,MYS_G000109_08052020_01_137_86417_86445_Sample_340_86400_25.0.mp4,12
Person_216,happy,MYS_G000109_08052020_01_148_88373_88463_Sample_350_88020_25.0.mp4,29
Person_216,happy,MYS_G000109_08052020_01_150_88834_88860_Sample_350_88020_25.0.mp4,26
Person_216,happy,MYS_G000109_08052020_01_152_89380_89440_Sample_356_89280_25.0.mp4,13
Person_216,happy,MYS_G000109_08052020_01_153_89470_89481_Sample_356_89280_25.0.mp4,5
Person_216,happy,MYS_G000109_08052020_01_156_89852_89921_Sample_356_89280_25.0.mp4,22
Person_216,happy,MYS_G000109_08052020_01_161_92450_92581_Sample_377_92340_25.0.mp4,44
Person_216,happy,MYS_G000109_08052020_01_165_93093_93158_Sample_383_93060_25.0.mp4,34
Person_216,happy,MYS_G000109_08052020_01_167_94137_94320_Sample_387_93960_25.0.mp4,21
Person_216,happy,MYS_G000109_08052020_01_185_9926_9953_Sample_7_9780_25.0.mp4,11
Person_216,happy,MYS_G000109_08052020_01_187_25985_26042_Sample_74_25860_25.0.mp4,30
Person_216,happy,MYS_G000109_08052020_01_194_29894_29923_Sample_89_29880_25.0.mp4,11
Person_216,happy,MYS_G000109_08052020_01_195_30325_30396_Sample_89_29880_25.0.mp4,24
Person_216,happy,MYS_G000109_08052020_01_41_42562_42660_Sample_152_42540_25.0.mp4,21
Person_216,happy,MYS_G000109_08052020_01_42_42900_42975_Sample_153_42900_25.0.mp4,31
Person_216,happy,MYS_G000109_08052020_01_44_43298_43405_Sample_154_43140_25.0.mp4,43
Person_216,happy,MYS_G000109_08052020_01_57_48420_48494_Sample_175_48420_25.0.mp4,40
Person_216,happy,MYS_G000109_08052020_01_5_33686_33702_Sample_104_33360_25.0.mp4,10
Person_216,happy,MYS_G000109_08052020_01_62_50857_50915_Sample_182_50820_25.0.mp4,41
Person_216,happy,MYS_G000109_08052020_01_68_53706_53737_Sample_189_53700_25.0.mp4,13
Person_216,happy,MYS_G000109_08052020_01_70_54120_54133_Sample_190_54120_25.0.mp4,3
Person_216,happy,MYS_G000109_08052020_01_71_54164_54212_Sample_190_54120_25.0.mp4,13
Person_216,happy,MYS_G000109_08052020_01_72_54555_54570_Sample_190_54120_25.0.mp4,5
Person_216,happy,MYS_G000109_08052020_01_7_34468_34523_Sample_110_34260_25.0.mp4,24
Person_216,happy,MYS_G000109_08052020_01_88_61593_61653_Sample_223_61440_25.0.mp4,31
Person_22,happy,MYS_G000120_24072021_105_7310_7376_Sample_62_7260_25.0.mp4,16
Person_22,happy,MYS_G000120_24072021_107_3009_3123_Sample_26_3000_25.0.mp4,21
Person_22,happy,MYS_G000120_24072021_10_44219_44246_Sample_386_44160_25.0.mp4,13
Person_22,happy,MYS_G000120_24072021_116_31309_31351_Sample_289_31200_25.0.mp4,16
Person_22,happy,MYS_G000120_24072021_119_103860_103977_Sample_652_103860_25.0.mp4,52
Person_22,happy,MYS_G000120_24072021_128_7560_7627_Sample_67_7560_25.0.mp4,16
Person_22,happy,MYS_G000120_24072021_143_8460_8556_Sample_76_8460_25.0.mp4,29
Person_22,happy,MYS_G000120_24072021_144_8883_8913_Sample_77_8880_25.0.mp4,14
Person_22,happy,MYS_G000120_24072021_147_9914_10008_Sample_84_9660_25.0.mp4,39
Person_22,happy,MYS_G000120_24072021_152_11063_11143_Sample_97_10800_25.0.mp4,17
Person_22,happy,MYS_G000120_24072021_154_543_600_Sample_9_420_25.0.mp4,57
Person_22,happy,MYS_G000120_24072021_32_4937_5047_Sample_41_4920_25.0.mp4,18
Person_22,happy,MYS_G000120_24072021_3_11360_11383_Sample_103_11340_25.0.mp4,11
Person_22,happy,MYS_G000120_24072021_47_5346_5439_Sample_44_5220_25.0.mp4,80
Person_22,happy,MYS_G000120_24072021_62_22525_22611_Sample_201_22500_25.0.mp4,15
Person_22,happy,MYS_G000120_24072021_83_2559_2649_Sample_22_2460_25.0.mp4,11
Person_223,happy,MYS_G000109_08052020_01_33_55172_55233_Sample_147_41220_25.0.mp4,25
Person_223,happy,MYS_G000109_08052020_01_34_55574_55644_Sample_147_41220_25.0.mp4,47
Person_223,happy,MYS_G000109_08052020_01_35_56194_56387_Sample_147_41220_25.0.mp4,87
Person_224,happy,MYS_G000109_08052020_01_128_84364_84468_Sample_326_83520_25.0.mp4,29
Person_224,happy,MYS_G000109_08052020_01_141_86883_87032_Sample_344_86880_25.0.mp4,33
Person_224,happy,MYS_G000109_08052020_01_162_18236_18288_Sample_38_17940_25.0.mp4,30
Person_224,happy,MYS_G000109_08052020_01_163_92760_92786_Sample_380_92760_25.0.mp4,8
Person_224,happy,MYS_G000109_08052020_01_201_32299_32340_Sample_99_32160_25.0.mp4,26
Person_224,happy,MYS_G000109_08052020_01_21_38289_38447_Sample_129_38040_25.0.mp4,65
Person_224,happy,MYS_G000109_08052020_01_28_40743_40906_Sample_137_40020_25.0.mp4,71
Person_224,happy,MYS_G000109_08052020_01_2_32464_32580_Sample_100_32460_25.0.mp4,32
Person_224,happy,MYS_G000109_08052020_01_32_41647_41760_Sample_146_41100_25.0.mp4,42
Person_224,happy,MYS_G000109_08052020_01_38_41854_42020_Sample_150_41820_25.0.mp4,25
Person_224,happy,MYS_G000109_08052020_01_40_42153_42556_Sample_150_41820_25.0.mp4,303
Person_224,happy,MYS_G000109_08052020_01_47_43809_44060_Sample_157_43560_25.0.mp4,43
Person_224,happy,MYS_G000109_08052020_01_4_33128_33279_Sample_103_33060_25.0.mp4,72
Person_224,happy,MYS_G000109_08052020_01_52_47290_47425_Sample_157_43560_25.0.mp4,24
Person_224,happy,MYS_G000109_08052020_01_53_47947_48155_Sample_157_43560_25.0.mp4,39
Person_224,happy,MYS_G000109_08052020_01_55_49539_49642_Sample_157_43560_25.0.mp4,50
Person_224,happy,MYS_G000109_08052020_01_58_50445_50491_Sample_180_50220_25.0.mp4,43
Person_224,happy,MYS_G000109_08052020_01_59_50632_50723_Sample_180_50220_25.0.mp4,45
Person_224,happy,MYS_G000109_08052020_01_60_50944_51095_Sample_180_50220_25.0.mp4,18
Person_224,happy,MYS_G000109_08052020_01_61_52112_52282_Sample_180_50220_25.0.mp4,67
Person_224,happy,MYS_G000109_08052020_01_66_55467_55773_Sample_188_53220_25.0.mp4,121
Person_224,happy,MYS_G000109_08052020_01_67_56140_56373_Sample_188_53220_25.0.mp4,104
Person_224,happy,MYS_G000109_08052020_01_75_56461_56510_Sample_198_56460_25.0.mp4,21
Person_224,happy,MYS_G000109_08052020_01_76_56620_56665_Sample_198_56460_25.0.mp4,17
Person_224,happy,MYS_G000109_08052020_01_78_57116_57592_Sample_198_56460_25.0.mp4,77
Person_224,happy,MYS_G000109_08052020_01_79_58429_58783_Sample_198_56460_25.0.mp4,99
Person_224,happy,MYS_G000109_08052020_01_80_59107_59362_Sample_198_56460_25.0.mp4,25
Person_224,happy,MYS_G000109_08052020_01_81_59334_59596_Sample_198_56460_25.0.mp4,115
Person_224,happy,MYS_G000109_08052020_01_83_60683_60804_Sample_198_56460_25.0.mp4,29
Person_23,happy,MYS_G000011_05022021_03_31_47761_47829_Sample_603_47760_25.0.mp4,11
Person_23,happy,MYS_G000011_05022021_04_19_30459_30493_Sample_336_30420_25.0.mp4,9
Person_23,happy,MYS_G000011_05022021_04_54_39271_39278_Sample_426_39240_25.0.mp4,1
Person_23,happy,MYS_G000011_05022021_04_63_54017_54033_Sample_611_54000_25.0.mp4,12
Person_24,happy,MYS_G000122_24072021_02_20_25440_25560_Sample_172_25440_25.0.mp4,7
Person_25,happy,MYS_G000010_05112021_02_48_4278_4381_Sample_48_4200_25.0.mp4,19
Person_25,happy,MYS_G000010_05112021_02_52_5640_5820_Sample_65_5640_25.0.mp4,90
Person_26,happy,MYS_G000115_04042021_13_24432_24565_Sample_115_23340_25.0.mp4,36
Person_26,happy,MYS_G000115_04042021_232_117099_117386_Sample_491_114240_25.0.mp4,63
Person_26,happy,MYS_G000115_04042021_234_118074_118238_Sample_496_117960_25.0.mp4,58
Person_26,happy,MYS_G000115_04042021_78_42921_43040_Sample_199_40380_25.0.mp4,29
Person_26,happy,MYS_G000115_04042021_79_44982_45000_Sample_199_40380_25.0.mp4,17
Person_26,happy,MYS_G000115_18042021_62_5097_5161_Sample_27_4980_25.0.mp4,15
Person_27,happy,MYS_G000011_05022021_03_29_192_226_Sample_5_60_25.0.mp4,23
Person_28,happy,MYS_G000115_18072021_3_126247_126338_Sample_1000_126240_25.0.mp4,25
Person_29,happy,MYS_G000010_05112021_02_51_5322_5473_Sample_61_5280_25.0.mp4,49
Person_3,happy,MYS_G000010_02042021_01_10_11106_11247_Sample_122_10920_25.0.mp4,25
Person_3,happy,MYS_G000010_02042021_01_12_11282_11378_Sample_124_11280_25.0.mp4,48
Person_3,happy,MYS_G000010_02042021_01_142_47384_47520_Sample_550_47280_25.0.mp4,31
Person_3,happy,MYS_G000010_02042021_01_145_47820_47940_Sample_555_47520_25.0.mp4,70
Person_3,happy,MYS_G000010_02042021_01_150_48000_48072_Sample_565_48000_25.0.mp4,38
Person_3,happy,MYS_G000010_02042021_01_184_55691_55740_Sample_676_55560_25.0.mp4,12
Person_3,happy,MYS_G000010_02042021_01_186_56044_56112_Sample_680_55860_25.0.mp4,20
Person_3,happy,MYS_G000010_02042021_01_197_5660_5742_Sample_81_5640_25.0.mp4,20
Person_3,happy,MYS_G000010_02042021_01_202_7192_7200_Sample_93_7080_25.0.mp4,8
Person_3,happy,MYS_G000010_02042021_01_203_7320_7377_Sample_94_7200_25.0.mp4,20
Person_3,happy,MYS_G000010_02042021_01_205_7463_7680_Sample_98_7440_25.0.mp4,57
Person_3,happy,MYS_G000010_02042021_01_206_7680_7757_Sample_99_7680_25.0.mp4,17
Person_3,happy,MYS_G000010_02042021_02_103_25448_25508_Sample_320_25440_25.0.mp4,34
Person_3,happy,MYS_G000010_02042021_02_109_25680_25860_Sample_324_25680_25.0.mp4,90
Person_3,happy,MYS_G000010_02042021_02_113_26308_26378_Sample_331_26280_25.0.mp4,15
Person_3,happy,MYS_G000010_02042021_02_114_26539_26700_Sample_336_26520_25.0.mp4,116
Person_3,happy,MYS_G000010_02042021_02_124_28208_28320_Sample_364_28200_25.0.mp4,23
Person_3,happy,MYS_G000010_02042021_02_127_28841_29094_Sample_372_28800_25.0.mp4,62
Person_3,happy,MYS_G000010_02042021_02_12_10800_11160_Sample_139_10800_25.0.mp4,180
Person_3,happy,MYS_G000010_02042021_02_158_33360_34250_Sample_426_33360_25.0.mp4,445
Person_3,happy,MYS_G000010_02042021_02_162_35220_35760_Sample_444_35220_25.0.mp4,270
Person_3,happy,MYS_G000010_02042021_02_165_36541_36624_Sample_453_35880_25.0.mp4,46
Person_3,happy,MYS_G000010_02042021_02_16_1561_1640_Sample_19_1560_25.0.mp4,23
Person_3,happy,MYS_G000010_02042021_02_174_37922_37972_Sample_478_37920_25.0.mp4,11
Person_3,happy,MYS_G000010_02042021_02_175_37981_38040_Sample_478_37920_25.0.mp4,23
Person_3,happy,MYS_G000010_02042021_02_176_38340_38520_Sample_479_38340_25.0.mp4,90
Person_3,happy,MYS_G000010_02042021_02_179_5200_5263_Sample_49_5100_25.0.mp4,18
Person_3,happy,MYS_G000010_02042021_02_184_39540_39780_Sample_495_39540_25.0.mp4,120
Person_3,happy,MYS_G000010_02042021_02_187_39792_39868_Sample_501_39780_25.0.mp4,25
Person_3,happy,MYS_G000010_02042021_02_197_5645_5688_Sample_55_5640_25.0.mp4,17
Person_3,happy,MYS_G000010_02042021_02_198_5709_5823_Sample_55_5640_25.0.mp4,36
Person_3,happy,MYS_G000010_02042021_02_1_0_120_Sample_1_0_25.0.mp4,60
Person_3,happy,MYS_G000010_02042021_02_208_52181_52260_Sample_666_52140_25.0.mp4,41
Person_3,happy,MYS_G000010_02042021_02_215_52796_52997_Sample_676_52680_25.0.mp4,24
Person_3,happy,MYS_G000010_02042021_02_218_53161_53249_Sample_683_53160_25.0.mp4,14
Person_3,happy,MYS_G000010_02042021_02_226_54097_54160_Sample_699_54000_25.0.mp4,26
Person_3,happy,MYS_G000010_02042021_02_227_189_344_Sample_7_180_25.0.mp4,26
Person_3,happy,MYS_G000010_02042021_02_228_399_663_Sample_7_180_25.0.mp4,141
Person_3,happy,MYS_G000010_02042021_02_229_671_856_Sample_7_180_25.0.mp4,132
Person_3,happy,MYS_G000010_02042021_02_230_869_1184_Sample_7_180_25.0.mp4,170
Person_3,happy,MYS_G000010_02042021_02_231_1208_1440_Sample_7_180_25.0.mp4,129
Person_3,happy,MYS_G000010_02042021_02_234_54685_54840_Sample_704_54300_25.0.mp4,69
Person_3,happy,MYS_G000010_02042021_02_237_54900_55010_Sample_714_54900_25.0.mp4,29
Person_3,happy,MYS_G000010_02042021_02_36_1877_2029_Sample_21_1860_25.0.mp4,38
Person_3,happy,MYS_G000010_02042021_02_37_2441_2460_Sample_21_1860_25.0.mp4,12
Person_3,happy,MYS_G000010_02042021_02_49_18069_18137_Sample_224_18060_25.0.mp4,21
Person_3,happy,MYS_G000010_02042021_02_57_19140_19287_Sample_236_19140_25.0.mp4,40
Person_3,happy,MYS_G000010_02042021_02_64_20161_20205_Sample_249_20100_25.0.mp4,32
Person_3,happy,MYS_G000010_02042021_02_65_20485_20520_Sample_249_20100_25.0.mp4,35
Person_3,happy,MYS_G000010_02042021_02_66_20239_20336_Sample_250_20220_25.0.mp4,32
Person_3,happy,MYS_G000010_02042021_02_6_14222_14288_Sample_171_14220_25.0.mp4,20
Person_3,happy,MYS_G000010_02042021_02_75_21540_21641_Sample_269_21480_25.0.mp4,29
Person_3,happy,MYS_G000010_02042021_02_80_21902_22013_Sample_275_21900_25.0.mp4,29
Person_3,happy,MYS_G000010_02042021_03_100_49800_49980_Sample_690_49800_25.0.mp4,90
Person_3,happy,MYS_G000010_02042021_03_106_51124_51300_Sample_709_50760_25.0.mp4,82
Person_3,happy,MYS_G000010_02042021_03_10_10921_10949_Sample_120_10920_25.0.mp4,5
Person_3,happy,MYS_G000010_02042021_03_120_8378_8567_Sample_86_8100_25.0.mp4,50
Person_3,happy,MYS_G000010_02042021_03_121_8567_8722_Sample_86_8100_25.0.mp4,55
Person_3,happy,MYS_G000010_02042021_03_128_8820_8949_Sample_96_8820_25.0.mp4,14
Person_3,happy,MYS_G000010_02042021_03_1_9360_9726_Sample_102_9360_25.0.mp4,6
Person_3,happy,MYS_G000010_02042021_03_26_14100_14220_Sample_165_14100_25.0.mp4,7
Person_3,happy,MYS_G000010_02042021_03_2_9732_9807_Sample_102_9360_25.0.mp4,33
Person_3,happy,MYS_G000010_02042021_03_3_9816_9918_Sample_102_9360_25.0.mp4,20
Person_3,happy,MYS_G000010_02042021_03_44_26193_26436_Sample_344_26100_25.0.mp4,95
Person_3,happy,MYS_G000010_02042021_03_48_26580_27000_Sample_353_26580_25.0.mp4,210
Person_3,happy,MYS_G000010_02042021_03_4_10088_10140_Sample_102_9360_25.0.mp4,16
Person_3,happy,MYS_G000010_02042021_03_57_27511_27600_Sample_361_27120_25.0.mp4,30
Person_3,happy,MYS_G000010_02042021_03_60_27982_28080_Sample_369_27780_25.0.mp4,49
Person_3,happy,MYS_G000010_02042021_03_64_28500_28652_Sample_378_28500_25.0.mp4,25
Person_3,happy,MYS_G000010_02042021_03_65_28775_28949_Sample_378_28500_25.0.mp4,43
Person_3,happy,MYS_G000010_02042021_03_68_38264_38460_Sample_516_38160_25.0.mp4,26
Person_3,happy,MYS_G000010_02042021_03_73_45778_45851_Sample_630_45660_25.0.mp4,27
Person_3,happy,MYS_G000010_02042021_03_74_45893_46014_Sample_630_45660_25.0.mp4,72
Person_3,happy,MYS_G000010_02042021_03_8_10463_10760_Sample_112_10380_25.0.mp4,101
Person_3,happy,MYS_G000010_02042021_03_91_47460_47636_Sample_665_47460_25.0.mp4,70
Person_3,happy,MYS_G000010_02042021_04_110_51912_52063_Sample_650_51780_25.0.mp4,57
Person_3,happy,MYS_G000010_02042021_04_134_5106_5259_Sample_79_4980_25.0.mp4,15
Person_3,happy,MYS_G000010_02042021_04_135_5973_6096_Sample_85_5460_25.0.mp4,13
Person_3,happy,MYS_G000010_02042021_04_15_8953_9008_Sample_131_8700_25.0.mp4,11
Person_3,happy,MYS_G000010_02042021_04_21_10990_11040_Sample_173_10680_25.0.mp4,20
Person_3,happy,MYS_G000010_02042021_04_28_12796_12840_Sample_207_12480_25.0.mp4,22
Person_3,happy,MYS_G000010_02042021_04_32_13500_13539_Sample_214_13500_25.0.mp4,10
Person_3,happy,MYS_G000010_02042021_04_36_14117_14160_Sample_220_14040_25.0.mp4,19
Person_3,happy,MYS_G000010_02042021_04_38_14321_14523_Sample_225_14220_25.0.mp4,97
Person_3,happy,MYS_G000010_02042021_04_41_33043_33120_Sample_427_32760_25.0.mp4,9
Person_3,happy,MYS_G000010_02042021_04_44_15993_16080_Sample_240_15900_25.0.mp4,39
Person_3,happy,MYS_G000010_02042021_04_45_2864_2955_Sample_43_2640_25.0.mp4,47
Person_3,happy,MYS_G000010_02042021_04_49_17715_17760_Sample_251_17220_25.0.mp4,18
Person_3,happy,MYS_G000010_02042021_04_50_17895_17989_Sample_259_17880_25.0.mp4,47
Person_3,happy,MYS_G000010_02042021_04_55_19580_19680_Sample_276_19560_25.0.mp4,12
Person_3,happy,MYS_G000010_02042021_04_56_36791_36897_Sample_467_36780_25.0.mp4,19
Person_3,happy,MYS_G000010_02042021_04_57_19744_19845_Sample_279_19740_25.0.mp4,2
Person_3,happy,MYS_G000010_02042021_04_5_22826_23040_Sample_314_22500_25.0.mp4,19
Person_3,happy,MYS_G000010_02042021_04_61_20372_20433_Sample_289_20340_25.0.mp4,6
Person_3,happy,MYS_G000010_02042021_04_63_38712_38752_Sample_494_38640_25.0.mp4,12
Person_3,happy,MYS_G000010_02042021_04_65_39751_39900_Sample_499_39540_25.0.mp4,17
Person_3,happy,MYS_G000010_02042021_04_67_22320_22380_Sample_299_21420_25.0.mp4,20
Person_3,happy,MYS_G000010_02042021_04_72_4461_4748_Sample_51_3420_25.0.mp4,86
Person_3,happy,MYS_G000010_02042021_04_73_41295_41340_Sample_521_41220_25.0.mp4,23
Person_3,happy,MYS_G000010_02042021_04_77_41529_41790_Sample_527_41520_25.0.mp4,88
Person_3,happy,MYS_G000010_02042021_04_7_23114_23228_Sample_319_23100_25.0.mp4,23
Person_3,happy,MYS_G000010_02042021_04_80_42192_42331_Sample_538_42060_25.0.mp4,88
Person_3,happy,MYS_G000010_05032021_01_105_11145_11160_Sample_84_10980_25.0.mp4,12
Person_3,happy,MYS_G000010_05032021_01_106_11640_11756_Sample_89_11640_25.0.mp4,49
Person_3,happy,MYS_G000010_05032021_01_24_2979_3000_Sample_17_2820_25.0.mp4,8
Person_3,happy,MYS_G000010_05032021_01_2_15015_15091_Sample_107_14580_25.0.mp4,11
Person_3,happy,MYS_G000010_05032021_01_43_32779_32842_Sample_236_32700_25.0.mp4,21
Person_3,happy,MYS_G000010_05032021_01_51_5089_5126_Sample_26_3960_25.0.mp4,33
Person_3,happy,MYS_G000010_05032021_01_76_5160_5222_Sample_34_5160_25.0.mp4,17
Person_3,happy,MYS_G000010_05032021_01_97_9110_9164_Sample_66_9060_25.0.mp4,10
Person_3,happy,MYS_G000010_05032021_02_106_53677_53700_Sample_385_53580_25.0.mp4,14
Person_3,happy,MYS_G000010_05032021_02_110_54871_55189_Sample_392_54360_25.0.mp4,152
Person_3,happy,MYS_G000010_05032021_02_13_27912_28089_Sample_178_27540_25.0.mp4,19
Person_3,happy,MYS_G000010_05032021_02_15_30539_30600_Sample_185_29280_25.0.mp4,23
Person_3,happy,MYS_G000010_05032021_02_27_32177_32216_Sample_203_32040_25.0.mp4,12
Person_3,happy,MYS_G000010_05032021_02_35_33925_33960_Sample_222_33600_25.0.mp4,14
Person_3,happy,MYS_G000010_05032021_02_6_23954_24032_Sample_144_23940_25.0.mp4,44
Person_3,happy,MYS_G000010_05032021_02_73_44057_44128_Sample_301_43440_25.0.mp4,17
Person_3,happy,MYS_G000010_05032021_02_82_45334_45402_Sample_321_45000_25.0.mp4,20
Person_3,happy,MYS_G000010_07052021_01_2_6600_6791_Sample_102_6600_25.0.mp4,95
Person_3,happy,MYS_G000010_09042021_01_177_44820_44917_Sample_550_44820_25.0.mp4,31
Person_3,happy,MYS_G000010_09072021_01_10_97289_97427_Sample_1330_96300_25.0.mp4,42
Person_3,happy,MYS_G000010_09072021_01_11_97391_97428_Sample_1330_96300_25.0.mp4,30
Person_3,happy,MYS_G000010_09072021_01_12_98762_98830_Sample_1330_96300_25.0.mp4,16
Person_3,happy,MYS_G000010_09072021_01_13_99493_99624_Sample_1330_96300_25.0.mp4,27
Person_3,happy,MYS_G000010_09072021_01_369_44188_44478_Sample_640_43980_25.0.mp4,60
Person_3,happy,MYS_G000010_09072021_01_370_44796_44911_Sample_640_43980_25.0.mp4,69
Person_3,happy,MYS_G000010_09072021_01_41_107561_107616_Sample_1391_107040_25.0.mp4,27
Person_3,happy,MYS_G000010_09072021_01_43_108101_108360_Sample_1395_108060_25.0.mp4,21
Person_3,happy,MYS_G000010_09072021_01_4_97130_97243_Sample_1330_96300_25.0.mp4,57
Person_3,happy,MYS_G000010_09072021_01_520_69901_69960_Sample_882_69780_25.0.mp4,36
Person_3,happy,MYS_G000010_09072021_01_543_70922_71128_Sample_907_70620_25.0.mp4,77
Person_3,happy,MYS_G000010_09072021_01_6_97269_97419_Sample_1330_96300_25.0.mp4,31
Person_3,happy,MYS_G000010_09072021_01_7_98730_98851_Sample_1330_96300_25.0.mp4,40
Person_3,happy,MYS_G000010_09072021_01_8_97157_97209_Sample_1330_96300_25.0.mp4,28
Person_3,happy,MYS_G000010_09072021_01_8_99480_99660_Sample_1330_96300_25.0.mp4,77
Person_3,happy,MYS_G000010_12032021_01_44_37020_37140_Sample_208_37020_25.0.mp4,60
Person_3,happy,MYS_G000010_12032021_01_57_43860_44100_Sample_245_43860_25.0.mp4,120
Person_3,happy,MYS_G000010_30042021_01_92_8904_8940_Sample_142_8640_25.0.mp4,13
Person_3,happy,MYS_G000011_15022021_02_60_0_180_Sample_286.mp4,89
Person_30,happy,MYS_G000096_11122021_01_8_14433_14495_Sample_133_14340_25.0.mp4,20
Person_342,happy,MYS_G000109_08052020_01_125_83279_83340_Sample_322_83220_25.0.mp4,19
Person_342,happy,MYS_G000109_08052020_01_126_83413_83498_Sample_325_83400_25.0.mp4,32
Person_342,happy,MYS_G000109_08052020_01_30_40597_40754_Sample_140_40380_25.0.mp4,40
Person_342,happy,MYS_G000109_08052020_01_31_40749_40812_Sample_140_40380_25.0.mp4,32
Person_344,happy,MYS_G000109_08052020_01_29_40381_40461_Sample_139_40380_25.0.mp4,17
Person_35,happy,MYS_G000115_02052021_100_61476_61513_Sample_288_61320_25.0.mp4,10
Person_35,happy,MYS_G000115_02052021_102_62530_62767_Sample_288_61320_25.0.mp4,120
Person_35,happy,MYS_G000115_02052021_103_62790_62828_Sample_288_61320_25.0.mp4,20
Person_35,happy,MYS_G000115_02052021_104_62882_62935_Sample_288_61320_25.0.mp4,24
Person_35,happy,MYS_G000115_02052021_105_62938_63048_Sample_288_61320_25.0.mp4,64
Person_35,happy,MYS_G000115_02052021_106_63200_63260_Sample_288_61320_25.0.mp4,32
Person_35,happy,MYS_G000115_02052021_107_63319_63392_Sample_288_61320_25.0.mp4,22
Person_35,happy,MYS_G000115_02052021_108_63435_63543_Sample_288_61320_25.0.mp4,19
Person_35,happy,MYS_G000115_02052021_109_63594_63977_Sample_288_61320_25.0.mp4,264
Person_35,happy,MYS_G000115_02052021_110_64069_64173_Sample_288_61320_25.0.mp4,34
Person_35,happy,MYS_G000115_02052021_111_62883_62927_Sample_295_62880_25.0.mp4,17
Person_35,happy,MYS_G000115_02052021_112_62962_63038_Sample_295_62880_25.0.mp4,25
Person_35,happy,MYS_G000115_02052021_113_63189_63240_Sample_295_62880_25.0.mp4,38
Person_35,happy,MYS_G000115_02052021_120_67684_67773_Sample_316_67560_25.0.mp4,20
Person_35,happy,MYS_G000115_02052021_121_67888_67958_Sample_319_67860_25.0.mp4,19
Person_35,happy,MYS_G000115_02052021_123_69111_69235_Sample_323_68340_25.0.mp4,63
Person_35,happy,MYS_G000115_02052021_124_69260_69359_Sample_323_68340_25.0.mp4,37
Person_35,happy,MYS_G000115_02052021_127_70349_70560_Sample_333_70320_25.0.mp4,42
Person_35,happy,MYS_G000115_02052021_128_70640_70736_Sample_333_70320_25.0.mp4,24
Person_35,happy,MYS_G000115_02052021_12_26043_26169_Sample_118_26040_25.0.mp4,121
Person_35,happy,MYS_G000115_02052021_134_73172_73252_Sample_344_72840_25.0.mp4,32
Person_35,happy,MYS_G000115_02052021_137_74095_74186_Sample_344_72840_25.0.mp4,50
Person_35,happy,MYS_G000115_02052021_144_74776_74858_Sample_352_74700_25.0.mp4,73
Person_35,happy,MYS_G000115_02052021_14_27182_27237_Sample_123_26880_25.0.mp4,36
Person_35,happy,MYS_G000115_02052021_155_86736_86773_Sample_384_85800_25.0.mp4,14
Person_35,happy,MYS_G000115_02052021_159_89521_89569_Sample_395_89520_25.0.mp4,27
Person_35,happy,MYS_G000115_02052021_160_89619_89690_Sample_395_89520_25.0.mp4,25
Person_35,happy,MYS_G000115_02052021_161_89739_89910_Sample_395_89520_25.0.mp4,26
Person_35,happy,MYS_G000115_02052021_163_91473_91675_Sample_406_91440_25.0.mp4,88
Person_35,happy,MYS_G000115_02052021_164_91842_91904_Sample_406_91440_25.0.mp4,38
Person_35,happy,MYS_G000115_02052021_165_91907_91947_Sample_406_91440_25.0.mp4,23
Person_35,happy,MYS_G000115_02052021_166_91954_92004_Sample_406_91440_25.0.mp4,27
Person_35,happy,MYS_G000115_02052021_167_92206_92268_Sample_406_91440_25.0.mp4,18
Person_35,happy,MYS_G000115_02052021_168_92335_92390_Sample_406_91440_25.0.mp4,27
Person_35,happy,MYS_G000115_02052021_169_92517_92666_Sample_406_91440_25.0.mp4,28
Person_35,happy,MYS_G000115_02052021_16_27516_27600_Sample_123_26880_25.0.mp4,36
Person_35,happy,MYS_G000115_02052021_171_92821_92868_Sample_406_91440_25.0.mp4,21
Person_35,happy,MYS_G000115_02052021_172_92938_93048_Sample_406_91440_25.0.mp4,27
Person_35,happy,MYS_G000115_02052021_173_93294_93351_Sample_406_91440_25.0.mp4,26
Person_35,happy,MYS_G000115_02052021_176_95415_95588_Sample_406_91440_25.0.mp4,22
Person_35,happy,MYS_G000115_02052021_177_96499_96531_Sample_406_91440_25.0.mp4,14
Person_35,happy,MYS_G000115_02052021_178_97949_98015_Sample_406_91440_25.0.mp4,36
Person_35,happy,MYS_G000115_02052021_179_98151_98214_Sample_406_91440_25.0.mp4,29
Person_35,happy,MYS_G000115_02052021_180_98278_98337_Sample_406_91440_25.0.mp4,17
Person_35,happy,MYS_G000115_02052021_181_98337_98520_Sample_406_91440_25.0.mp4,54
Person_35,happy,MYS_G000115_02052021_182_98592_98752_Sample_406_91440_25.0.mp4,30
Person_35,happy,MYS_G000115_02052021_183_98854_99030_Sample_406_91440_25.0.mp4,9
Person_35,happy,MYS_G000115_02052021_18_27601_27646_Sample_126_27600_25.0.mp4,17
Person_35,happy,MYS_G000115_02052021_20_28310_28370_Sample_128_27960_25.0.mp4,29
Person_35,happy,MYS_G000115_02052021_21_107646_107676_Sample_465_107580_25.0.mp4,21
Person_35,happy,MYS_G000115_02052021_21_28452_28585_Sample_128_27960_25.0.mp4,43
Person_35,happy,MYS_G000115_02052021_22_107756_107788_Sample_465_107580_25.0.mp4,18
Person_35,happy,MYS_G000115_02052021_22_28865_28889_Sample_128_27960_25.0.mp4,10
Person_35,happy,MYS_G000115_02052021_23_110241_110364_Sample_465_107580_25.0.mp4,81
Person_35,happy,MYS_G000115_02052021_24_110679_110750_Sample_465_107580_25.0.mp4,34
Person_35,happy,MYS_G000115_02052021_40_9565_9636_Sample_49_9540_25.0.mp4,31
Person_35,happy,MYS_G000115_02052021_41_9912_9992_Sample_49_9540_25.0.mp4,32
Person_35,happy,MYS_G000115_02052021_44_4072_4187_Sample_17_3000_25.0.mp4,46
Person_35,happy,MYS_G000115_02052021_44_735_774_Sample_5_600_25.0.mp4,18
Person_35,happy,MYS_G000115_02052021_51_41582_41695_Sample_192_41400_25.0.mp4,19
Person_35,happy,MYS_G000115_02052021_52_42252_42364_Sample_199_42240_25.0.mp4,47
Person_35,happy,MYS_G000115_02052021_54_42918_43011_Sample_202_42600_25.0.mp4,29
Person_35,happy,MYS_G000115_02052021_57_12473_12518_Sample_64_12360_25.0.mp4,25
Person_35,happy,MYS_G000115_02052021_58_12518_12600_Sample_64_12360_25.0.mp4,31
Person_35,happy,MYS_G000115_02052021_60_12487_12519_Sample_65_12420_25.0.mp4,11
Person_35,happy,MYS_G000115_02052021_61_12519_12656_Sample_65_12420_25.0.mp4,69
Person_35,happy,MYS_G000115_02052021_62_45778_45856_Sample_213_44760_25.0.mp4,36
Person_35,happy,MYS_G000115_02052021_65_46573_46639_Sample_216_45900_25.0.mp4,39
Person_35,happy,MYS_G000115_02052021_66_13267_13320_Sample_65_12420_25.0.mp4,4
Person_35,happy,MYS_G000115_02052021_69_48038_48120_Sample_225_48000_25.0.mp4,33
Person_35,happy,MYS_G000115_02052021_6_24120_24150_Sample_111_24120_25.0.mp4,9
Person_35,happy,MYS_G000115_02052021_70_48241_48309_Sample_226_48240_25.0.mp4,32
Person_35,happy,MYS_G000115_02052021_71_15276_15400_Sample_79_14940_25.0.mp4,48
Person_35,happy,MYS_G000115_02052021_71_48353_48400_Sample_226_48240_25.0.mp4,19
Person_35,happy,MYS_G000115_02052021_72_16353_16380_Sample_85_16140_25.0.mp4,26
Person_35,happy,MYS_G000115_02052021_72_48780_48965_Sample_229_48780_25.0.mp4,36
Person_35,happy,MYS_G000115_02052021_73_48995_49087_Sample_229_48780_25.0.mp4,70
Person_35,happy,MYS_G000115_02052021_74_49140_49278_Sample_229_48780_25.0.mp4,59
Person_35,happy,MYS_G000115_02052021_75_50157_50313_Sample_229_48780_25.0.mp4,45
Person_35,happy,MYS_G000115_02052021_76_50353_50523_Sample_229_48780_25.0.mp4,45
Person_35,happy,MYS_G000115_02052021_77_2251_2313_Sample_9_1800_25.0.mp4,32
Person_35,happy,MYS_G000115_02052021_77_50439_50474_Sample_229_48780_25.0.mp4,23
Person_35,happy,MYS_G000115_02052021_79_18894_18965_Sample_94_18660_25.0.mp4,28
Person_35,happy,MYS_G000115_02052021_7_24765_24840_Sample_114_24660_25.0.mp4,39
Person_35,happy,MYS_G000115_02052021_80_50906_51120_Sample_239_50760_25.0.mp4,40
Person_35,happy,MYS_G000115_02052021_81_51315_51390_Sample_241_51240_25.0.mp4,56
Person_35,happy,MYS_G000115_02052021_84_52140_52201_Sample_248_52140_25.0.mp4,26
Person_35,happy,MYS_G000115_02052021_86_54338_54464_Sample_259_54300_25.0.mp4,17
Person_35,happy,MYS_G000115_02052021_8_24960_25043_Sample_115_24960_25.0.mp4,21
Person_35,happy,MYS_G000115_02052021_94_59949_60003_Sample_280_59940_25.0.mp4,19
Person_35,happy,MYS_G000115_02052021_95_60266_60300_Sample_280_59940_25.0.mp4,27
Person_35,happy,MYS_G000115_02052021_98_60782_60838_Sample_285_60780_25.0.mp4,24
Person_35,happy,MYS_G000115_02052021_99_61066_61200_Sample_285_60780_25.0.mp4,26
Person_35,happy,MYS_G000115_04042021_117_71741_71804_Sample_334_65040_25.0.mp4,28
Person_35,happy,MYS_G000115_04042021_118_71845_71946_Sample_334_65040_25.0.mp4,29
Person_35,happy,MYS_G000115_04042021_11_1181_1297_Sample_11_900_25.0.mp4,33
Person_35,happy,MYS_G000115_04042021_123_72439_72588_Sample_334_65040_25.0.mp4,9
Person_35,happy,MYS_G000115_04042021_124_72665_72773_Sample_334_65040_25.0.mp4,27
Person_35,happy,MYS_G000115_04042021_125_72803_72857_Sample_334_65040_25.0.mp4,29
Person_35,happy,MYS_G000115_04042021_127_73262_73309_Sample_334_65040_25.0.mp4,32
Person_35,happy,MYS_G000115_04042021_128_74181_74265_Sample_334_65040_25.0.mp4,21
Person_35,happy,MYS_G000115_04042021_129_74345_74390_Sample_334_65040_25.0.mp4,31
Person_35,happy,MYS_G000115_04042021_131_75374_75639_Sample_334_65040_25.0.mp4,57
Person_35,happy,MYS_G000115_04042021_144_80779_80811_Sample_372_77820_25.0.mp4,15
Person_35,happy,MYS_G000115_04042021_151_89827_89927_Sample_409_89520_25.0.mp4,37
Person_35,happy,MYS_G000115_04042021_156_90789_90840_Sample_409_89520_25.0.mp4,28
Person_35,happy,MYS_G000115_04042021_170_94982_95030_Sample_418_91080_25.0.mp4,15
Person_35,happy,MYS_G000115_04042021_171_95268_95340_Sample_418_91080_25.0.mp4,28
Person_35,happy,MYS_G000115_04042021_172_95400_95553_Sample_426_95400_25.0.mp4,42
Person_35,happy,MYS_G000115_04042021_177_97932_98012_Sample_426_95400_25.0.mp4,26
Person_35,happy,MYS_G000115_04042021_178_98622_98661_Sample_426_95400_25.0.mp4,15
Person_35,happy,MYS_G000115_04042021_179_98735_98896_Sample_426_95400_25.0.mp4,42
Person_35,happy,MYS_G000115_04042021_180_99224_99349_Sample_426_95400_25.0.mp4,56
Person_35,happy,MYS_G000115_04042021_181_99476_99527_Sample_426_95400_25.0.mp4,21
Person_35,happy,MYS_G000115_04042021_183_99862_100005_Sample_426_95400_25.0.mp4,44
Person_35,happy,MYS_G000115_04042021_184_100187_100306_Sample_426_95400_25.0.mp4,70
Person_35,happy,MYS_G000115_04042021_185_101491_101643_Sample_426_95400_25.0.mp4,32
Person_35,happy,MYS_G000115_04042021_188_102997_103071_Sample_445_102900_25.0.mp4,32
Person_35,happy,MYS_G000115_04042021_192_103561_103766_Sample_449_103560_25.0.mp4,20
Person_35,happy,MYS_G000115_04042021_193_103838_103913_Sample_449_103560_25.0.mp4,42
Person_35,happy,MYS_G000115_04042021_194_105045_105156_Sample_449_103560_25.0.mp4,49
Person_35,happy,MYS_G000115_04042021_195_105331_105475_Sample_449_103560_25.0.mp4,31
Person_35,happy,MYS_G000115_04042021_201_108749_108883_Sample_449_103560_25.0.mp4,41
Person_35,happy,MYS_G000115_04042021_20_25561_25634_Sample_122_25560_25.0.mp4,26
Person_35,happy,MYS_G000115_04042021_218_113390_113437_Sample_487_113220_25.0.mp4,22
Person_35,happy,MYS_G000115_04042021_221_116334_116512_Sample_487_113220_25.0.mp4,104
Person_35,happy,MYS_G000115_04042021_222_116830_116873_Sample_487_113220_25.0.mp4,17
Person_35,happy,MYS_G000115_04042021_223_116884_116969_Sample_487_113220_25.0.mp4,31
Person_35,happy,MYS_G000115_04042021_224_117004_117135_Sample_487_113220_25.0.mp4,58
Person_35,happy,MYS_G000115_04042021_225_117203_117476_Sample_487_113220_25.0.mp4,17
Person_35,happy,MYS_G000115_04042021_226_117476_117619_Sample_487_113220_25.0.mp4,44
Person_35,happy,MYS_G000115_04042021_227_117624_118265_Sample_487_113220_25.0.mp4,471
Person_35,happy,MYS_G000115_04042021_228_118265_118392_Sample_487_113220_25.0.mp4,13
Person_35,happy,MYS_G000115_04042021_229_118630_118709_Sample_487_113220_25.0.mp4,25
Person_35,happy,MYS_G000115_04042021_236_118801_118867_Sample_500_118800_25.0.mp4,17
Person_35,happy,MYS_G000115_04042021_23_26158_26234_Sample_122_25560_25.0.mp4,38
Person_35,happy,MYS_G000115_04042021_241_607_686_Sample_6_300_25.0.mp4,26
Person_35,happy,MYS_G000115_04042021_244_15240_15780_Sample_88_15240_25.0.mp4,270
Person_35,happy,MYS_G000115_04042021_24_26297_26328_Sample_122_25560_25.0.mp4,12
Person_35,happy,MYS_G000115_04042021_25_26602_26715_Sample_122_25560_25.0.mp4,17
Person_35,happy,MYS_G000115_04042021_27_27101_27162_Sample_122_25560_25.0.mp4,12
Person_35,happy,MYS_G000115_04042021_31_27657_27801_Sample_133_27360_25.0.mp4,27
Person_35,happy,MYS_G000115_04042021_32_27968_28090_Sample_133_27360_25.0.mp4,36
Person_35,happy,MYS_G000115_04042021_33_28353_28455_Sample_133_27360_25.0.mp4,36
Person_35,happy,MYS_G000115_04042021_34_28455_28580_Sample_133_27360_25.0.mp4,65
Person_35,happy,MYS_G000115_04042021_35_28681_28746_Sample_133_27360_25.0.mp4,28
Person_35,happy,MYS_G000115_04042021_37_28791_28851_Sample_133_27360_25.0.mp4,31
Person_35,happy,MYS_G000115_04042021_41_29007_29161_Sample_133_27360_25.0.mp4,5
Person_35,happy,MYS_G000115_04042021_43_27665_27793_Sample_135_27660_25.0.mp4,19
Person_35,happy,MYS_G000115_04042021_44_27965_28077_Sample_135_27660_25.0.mp4,40
Person_35,happy,MYS_G000115_04042021_45_28354_28447_Sample_135_27660_25.0.mp4,27
Person_35,happy,MYS_G000115_04042021_46_28480_28584_Sample_135_27660_25.0.mp4,35
Person_35,happy,MYS_G000115_04042021_47_28683_28747_Sample_135_27660_25.0.mp4,19
Person_35,happy,MYS_G000115_04042021_49_28785_28869_Sample_135_27660_25.0.mp4,32
Person_35,happy,MYS_G000115_04042021_4_904_967_Sample_10_780_25.0.mp4,28
Person_35,happy,MYS_G000115_04042021_53_29008_29100_Sample_135_27660_25.0.mp4,8
Person_35,happy,MYS_G000115_04042021_57_30980_31041_Sample_149_30900_25.0.mp4,35
Person_35,happy,MYS_G000115_04042021_60_31271_31320_Sample_150_31020_25.0.mp4,22
Person_35,happy,MYS_G000115_04042021_72_40877_40949_Sample_182_36960_25.0.mp4,30
Person_35,happy,MYS_G000115_04042021_73_41001_41108_Sample_182_36960_25.0.mp4,32
Person_35,happy,MYS_G000115_04042021_87_42551_42610_Sample_201_41520_25.0.mp4,18
Person_35,happy,MYS_G000115_04042021_88_46109_46219_Sample_228_45240_25.0.mp4,46
Person_35,happy,MYS_G000115_04042021_90_46943_47136_Sample_228_45240_25.0.mp4,22
Person_35,happy,MYS_G000115_04042021_91_47860_47934_Sample_228_45240_25.0.mp4,48
Person_35,happy,MYS_G000115_04042021_9_901_968_Sample_11_900_25.0.mp4,20
Person_35,happy,MYS_G000115_09052021_102_5504_5567_Sample_35_5400_25.0.mp4,17
Person_35,happy,MYS_G000115_09052021_103_108160_108199_Sample_361_106860_25.0.mp4,10
Person_35,happy,MYS_G000115_09052021_106_5520_5588_Sample_36_5520_25.0.mp4,22
Person_35,happy,MYS_G000115_09052021_10_33625_33690_Sample_121_33600_25.0.mp4,15
Person_35,happy,MYS_G000115_09052021_110_112003_112038_Sample_377_111960_25.0.mp4,18
Person_35,happy,MYS_G000115_09052021_111_112279_112342_Sample_378_112260_25.0.mp4,16
Person_35,happy,MYS_G000115_09052021_113_113482_113517_Sample_383_113460_25.0.mp4,12
Person_35,happy,MYS_G000115_09052021_118_121731_121853_Sample_401_121680_25.0.mp4,23
Person_35,happy,MYS_G000115_09052021_11_34414_34447_Sample_122_33900_25.0.mp4,15
Person_35,happy,MYS_G000115_09052021_137_137022_137086_Sample_449_135480_25.0.mp4,11
Person_35,happy,MYS_G000115_09052021_141_138939_139054_Sample_456_138720_25.0.mp4,14
Person_35,happy,MYS_G000115_09052021_142_139380_139440_Sample_460_139380_25.0.mp4,8
Person_35,happy,MYS_G000115_09052021_145_140765_140833_Sample_468_140760_25.0.mp4,34
Person_35,happy,MYS_G000115_09052021_14_35055_35086_Sample_125_34800_25.0.mp4,14
Person_35,happy,MYS_G000115_09052021_150_141759_141797_Sample_475_141660_25.0.mp4,22
Person_35,happy,MYS_G000115_09052021_155_147094_147244_Sample_492_146940_25.0.mp4,15
Person_35,happy,MYS_G000115_09052021_156_148303_148467_Sample_496_147420_25.0.mp4,23
Person_35,happy,MYS_G000115_09052021_159_152738_152842_Sample_504_150900_25.0.mp4,25
Person_35,happy,MYS_G000115_09052021_15_35790_35920_Sample_127_35280_25.0.mp4,11
Person_35,happy,MYS_G000115_09052021_163_157917_157963_Sample_514_157440_25.0.mp4,16
Person_35,happy,MYS_G000115_09052021_164_158220_158319_Sample_516_158220_25.0.mp4,29
Person_35,happy,MYS_G000115_09052021_166_160011_160067_Sample_525_159960_25.0.mp4,19
Person_35,happy,MYS_G000115_09052021_167_163498_163575_Sample_537_163020_25.0.mp4,17
Person_35,happy,MYS_G000115_09052021_169_165216_165252_Sample_544_164760_25.0.mp4,14
Person_35,happy,MYS_G000115_09052021_24_42177_42297_Sample_141_39540_25.0.mp4,17
Person_35,happy,MYS_G000115_09052021_30_43863_43903_Sample_153_43260_25.0.mp4,20
Person_35,happy,MYS_G000115_09052021_32_45994_46046_Sample_157_45180_25.0.mp4,16
Person_35,happy,MYS_G000115_09052021_35_47844_47877_Sample_164_47580_25.0.mp4,8
Person_35,happy,MYS_G000115_09052021_37_49260_49297_Sample_167_49260_25.0.mp4,7
Person_35,happy,MYS_G000115_09052021_40_50454_50565_Sample_172_49980_25.0.mp4,43
Person_35,happy,MYS_G000115_09052021_49_56356_56471_Sample_190_55920_25.0.mp4,44
Person_35,happy,MYS_G000115_09052021_52_57337_57378_Sample_197_57240_25.0.mp4,21
Person_35,happy,MYS_G000115_09052021_79_4272_4333_Sample_26_3480_25.0.mp4,23
Person_35,happy,MYS_G000115_09052021_8_32964_33030_Sample_119_32340_25.0.mp4,28
Person_35,happy,MYS_G000115_09052021_90_83734_83783_Sample_293_83520_25.0.mp4,25
Person_35,happy,MYS_G000115_09052021_97_99630_99691_Sample_335_99360_25.0.mp4,14
Person_35,happy,MYS_G000115_09052021_9_1140_1178_Sample_11_1140_25.0.mp4,16
Person_35,happy,MYS_G000115_11042021_10_58735_58779_Sample_167_57600_25.0.mp4,16
Person_35,happy,MYS_G000115_11042021_11_58880_59029_Sample_167_57600_25.0.mp4,34
Person_35,happy,MYS_G000115_11042021_12_59148_59212_Sample_167_57600_25.0.mp4,26
Person_35,happy,MYS_G000115_11042021_13_59535_59641_Sample_167_57600_25.0.mp4,15
Person_35,happy,MYS_G000115_11042021_15_60081_60190_Sample_167_57600_25.0.mp4,11
Person_35,happy,MYS_G000115_11042021_16_60199_60281_Sample_167_57600_25.0.mp4,18
Person_35,happy,MYS_G000115_11042021_17_60297_60362_Sample_167_57600_25.0.mp4,15
Person_35,happy,MYS_G000115_11042021_18_60625_60775_Sample_167_57600_25.0.mp4,23
Person_35,happy,MYS_G000115_11042021_20_61841_61956_Sample_167_57600_25.0.mp4,42
Person_35,happy,MYS_G000115_11042021_22_62173_62301_Sample_167_57600_25.0.mp4,46
Person_35,happy,MYS_G000115_11042021_33_66600_66668_Sample_206_66600_25.0.mp4,10
Person_35,happy,MYS_G000115_11042021_34_66851_66887_Sample_207_66840_25.0.mp4,24
Person_35,happy,MYS_G000115_11042021_38_71045_71153_Sample_226_70920_25.0.mp4,18
Person_35,happy,MYS_G000115_11042021_3_56897_56987_Sample_155_56820_25.0.mp4,55
Person_35,happy,MYS_G000115_11042021_40_72247_72291_Sample_227_72180_25.0.mp4,16
Person_35,happy,MYS_G000115_11042021_42_74218_74293_Sample_234_73920_25.0.mp4,37
Person_35,happy,MYS_G000115_11042021_46_75382_75555_Sample_238_75300_25.0.mp4,49
Person_35,happy,MYS_G000115_11042021_47_75542_75678_Sample_238_75300_25.0.mp4,40
Person_35,happy,MYS_G000115_11042021_4_57041_57112_Sample_155_56820_25.0.mp4,28
Person_35,happy,MYS_G000115_11042021_50_76350_76388_Sample_238_75300_25.0.mp4,13
Person_35,happy,MYS_G000115_11042021_51_76428_76462_Sample_238_75300_25.0.mp4,19
Person_35,happy,MYS_G000115_11042021_54_78998_79051_Sample_250_78840_25.0.mp4,12
Person_35,happy,MYS_G000115_11042021_57_80620_80821_Sample_260_80340_25.0.mp4,34
Person_35,happy,MYS_G000115_11042021_58_80827_80954_Sample_260_80340_25.0.mp4,59
Person_35,happy,MYS_G000115_11042021_59_80627_80640_Sample_261_80400_25.0.mp4,10
Person_35,happy,MYS_G000115_11042021_66_95424_95501_Sample_296_95400_25.0.mp4,12
Person_35,happy,MYS_G000115_16052021_11_26920_26969_Sample_125_26340_25.0.mp4,20
Person_35,happy,MYS_G000115_16052021_13_28139_28200_Sample_130_27900_25.0.mp4,20
Person_35,happy,MYS_G000115_16052021_18_34620_34779_Sample_182_34620_25.0.mp4,39
Person_35,happy,MYS_G000115_16052021_1_20364_20399_Sample_105_20280_25.0.mp4,16
Person_35,happy,MYS_G000115_16052021_26_37904_37953_Sample_207_37860_25.0.mp4,26
Person_35,happy,MYS_G000115_16052021_28_39292_39390_Sample_215_39180_25.0.mp4,72
Person_35,happy,MYS_G000115_16052021_32_41083_41137_Sample_227_40920_25.0.mp4,15
Person_35,happy,MYS_G000115_16052021_34_42360_42395_Sample_236_42360_25.0.mp4,3
Person_35,happy,MYS_G000115_16052021_35_43037_43093_Sample_239_42780_25.0.mp4,32
Person_35,happy,MYS_G000115_16052021_36_48446_48492_Sample_285_48000_25.0.mp4,11
Person_35,happy,MYS_G000115_16052021_37_49861_49991_Sample_295_49860_25.0.mp4,24
Person_35,happy,MYS_G000115_16052021_38_50802_50880_Sample_299_50580_25.0.mp4,20
Person_35,happy,MYS_G000115_16052021_39_51073_51159_Sample_303_51060_25.0.mp4,15
Person_35,happy,MYS_G000115_16052021_3_21679_21712_Sample_108_21660_25.0.mp4,9
Person_35,happy,MYS_G000115_16052021_45_54117_54180_Sample_329_54000_25.0.mp4,18
Person_35,happy,MYS_G000115_16052021_48_56307_56350_Sample_347_56280_25.0.mp4,16
Person_35,happy,MYS_G000115_16052021_53_61602_61646_Sample_376_61320_25.0.mp4,33
Person_35,happy,MYS_G000115_16052021_59_117273_117300_Sample_517_117060_25.0.mp4,19
Person_35,happy,MYS_G000115_16052021_60_117717_117823_Sample_522_117360_25.0.mp4,16
Person_35,happy,MYS_G000115_16052021_61_120945_121110_Sample_535_119820_25.0.mp4,25
Person_35,happy,MYS_G000115_16052021_63_128838_128980_Sample_566_128580_25.0.mp4,15
Person_35,happy,MYS_G000115_16052021_64_129118_129166_Sample_568_129060_25.0.mp4,19
Person_35,happy,MYS_G000115_16052021_65_130578_130639_Sample_569_130200_25.0.mp4,31
Person_35,happy,MYS_G000115_16052021_72_137591_137651_Sample_579_137340_25.0.mp4,24
Person_35,happy,MYS_G000115_16052021_81_2275_2340_Sample_8_1800_25.0.mp4,25
Person_35,happy,MYS_G000115_16052021_82_17635_17691_Sample_90_17580_25.0.mp4,37
Person_35,happy,MYS_G000115_16052021_8_25995_26040_Sample_120_25860_25.0.mp4,14
Person_35,happy,MYS_G000115_16052021_9_26100_26138_Sample_122_26100_25.0.mp4,9
Person_35,happy,MYS_G000115_18042021_10_58881_59032_Sample_167_57600_25.0.mp4,25
Person_35,happy,MYS_G000115_18042021_11_59148_59181_Sample_167_57600_25.0.mp4,25
Person_35,happy,MYS_G000115_18042021_12_59532_59629_Sample_167_57600_25.0.mp4,34
Person_35,happy,MYS_G000115_18042021_13_60082_60191_Sample_167_57600_25.0.mp4,20
Person_35,happy,MYS_G000115_18042021_14_60195_60286_Sample_167_57600_25.0.mp4,56
Person_35,happy,MYS_G000115_18042021_15_60297_60369_Sample_167_57600_25.0.mp4,31
Person_35,happy,MYS_G000115_18042021_16_60642_60772_Sample_167_57600_25.0.mp4,33
Person_35,happy,MYS_G000115_18042021_17_61867_61925_Sample_167_57600_25.0.mp4,12
Person_35,happy,MYS_G000115_18042021_19_62183_62293_Sample_167_57600_25.0.mp4,34
Person_35,happy,MYS_G000115_18042021_25_62400_62450_Sample_185_62400_25.0.mp4,10
Person_35,happy,MYS_G000115_18042021_30_63824_63878_Sample_196_63720_25.0.mp4,20
Person_35,happy,MYS_G000115_18042021_33_66600_66672_Sample_206_66600_25.0.mp4,16
Person_35,happy,MYS_G000115_18042021_34_66856_66897_Sample_207_66840_25.0.mp4,22
Person_35,happy,MYS_G000115_18042021_40_69173_69288_Sample_217_68880_25.0.mp4,30
Person_35,happy,MYS_G000115_18042021_42_70686_70731_Sample_225_70680_25.0.mp4,14
Person_35,happy,MYS_G000115_18042021_43_72220_72291_Sample_227_72180_25.0.mp4,51
Person_35,happy,MYS_G000115_18042021_45_74228_74289_Sample_234_73920_25.0.mp4,28
Person_35,happy,MYS_G000115_18042021_48_75403_75562_Sample_238_75300_25.0.mp4,25
Person_35,happy,MYS_G000115_18042021_4_56924_56977_Sample_154_56820_25.0.mp4,24
Person_35,happy,MYS_G000115_18042021_50_76339_76397_Sample_238_75300_25.0.mp4,25
Person_35,happy,MYS_G000115_18042021_53_77828_77923_Sample_247_77400_25.0.mp4,39
Person_35,happy,MYS_G000115_18042021_54_78016_78105_Sample_247_77400_25.0.mp4,41
Person_35,happy,MYS_G000115_18042021_55_78142_78185_Sample_247_77400_25.0.mp4,12
Person_35,happy,MYS_G000115_18042021_56_78991_79060_Sample_250_78840_25.0.mp4,31
Person_35,happy,MYS_G000115_18042021_59_80618_80826_Sample_260_80340_25.0.mp4,38
Person_35,happy,MYS_G000115_18042021_5_57033_57110_Sample_154_56820_25.0.mp4,52
Person_35,happy,MYS_G000115_18042021_60_80844_80940_Sample_260_80340_25.0.mp4,39
Person_35,happy,MYS_G000115_18042021_61_80625_80640_Sample_261_80400_25.0.mp4,8
Person_35,happy,MYS_G000115_18042021_69_95424_95495_Sample_296_95400_25.0.mp4,16
Person_35,happy,MYS_G000115_18042021_79_114196_114300_Sample_382_114180_25.0.mp4,32
Person_35,happy,MYS_G000115_18042021_9_58714_58771_Sample_167_57600_25.0.mp4,42
Person_38,happy,MYS_G000115_18072021_19_15663_15696_Sample_160_15600_25.0.mp4,13
Person_38,happy,MYS_G000115_18072021_1_88_259_Sample_0_0_25.0.mp4,92
Person_38,happy,MYS_G000115_18072021_20_15698_15723_Sample_160_15600_25.0.mp4,5
Person_38,happy,MYS_G000115_18072021_21_15720_15789_Sample_160_15600_25.0.mp4,27
Person_38,happy,MYS_G000115_18072021_22_16118_16200_Sample_160_15600_25.0.mp4,21
Person_38,happy,MYS_G000115_18072021_23_16256_16441_Sample_160_15600_25.0.mp4,148
Person_38,happy,MYS_G000115_18072021_24_16441_16499_Sample_160_15600_25.0.mp4,26
Person_38,happy,MYS_G000115_18072021_2_502_540_Sample_0_0_25.0.mp4,18
Person_38,happy,MYS_G000115_18072021_45_17143_17209_Sample_177_17100_25.0.mp4,17
Person_38,happy,MYS_G000115_18072021_53_17881_17894_Sample_189_17880_25.0.mp4,1
Person_38,happy,MYS_G000115_18072021_54_18103_18178_Sample_189_17880_25.0.mp4,26
Person_38,happy,MYS_G000115_18072021_55_18170_18240_Sample_189_17880_25.0.mp4,28
Person_38,happy,MYS_G000115_18072021_57_18421_18540_Sample_193_18420_25.0.mp4,41
Person_38,happy,MYS_G000115_18072021_58_18625_18881_Sample_196_18600_25.0.mp4,26
Person_38,happy,MYS_G000115_18072021_59_18921_19025_Sample_196_18600_25.0.mp4,20
Person_38,happy,MYS_G000115_18072021_62_19141_19240_Sample_198_19140_25.0.mp4,58
Person_38,happy,MYS_G000115_18072021_63_19385_19498_Sample_198_19140_25.0.mp4,78
Person_38,happy,MYS_G000115_18072021_64_19689_19716_Sample_198_19140_25.0.mp4,13
Person_38,happy,MYS_G000115_18072021_65_19732_19794_Sample_198_19140_25.0.mp4,33
Person_38,happy,MYS_G000115_18072021_74_3013_3053_Sample_20_2580_25.0.mp4,21
Person_38,happy,MYS_G000115_18072021_75_3271_3382_Sample_20_2580_25.0.mp4,40
Person_38,happy,MYS_G000115_18072021_78_21581_21701_Sample_211_20340_25.0.mp4,51
Person_38,happy,MYS_G000115_18072021_92_23511_23551_Sample_224_23040_25.0.mp4,11
Person_4,happy,MYS_G000010_02042021_01_112_43512_43655_Sample_499_43500_25.0.mp4,17
Person_4,happy,MYS_G000010_02042021_01_114_44069_44097_Sample_505_43980_25.0.mp4,14
Person_4,happy,MYS_G000010_02042021_01_117_44353_44733_Sample_510_44340_25.0.mp4,90
Person_4,happy,MYS_G000010_02042021_01_188_56476_56502_Sample_687_56340_25.0.mp4,9
Person_4,happy,MYS_G000010_02042021_01_189_56825_56995_Sample_689_56700_25.0.mp4,35
Person_4,happy,MYS_G000010_02042021_01_46_22747_23072_Sample_250_22680_25.0.mp4,197
Person_4,happy,MYS_G000010_02042021_01_49_23885_24011_Sample_259_23580_25.0.mp4,29
Person_4,happy,MYS_G000010_02042021_01_67_27780_27872_Sample_311_27780_25.0.mp4,16
Person_4,happy,MYS_G000010_02042021_01_74_28955_29160_Sample_328_28860_25.0.mp4,115
Person_4,happy,MYS_G000010_02042021_01_79_29899_29965_Sample_341_29880_25.0.mp4,19
Person_4,happy,MYS_G000010_02042021_01_98_41593_41697_Sample_474_41160_25.0.mp4,35
Person_4,happy,MYS_G000010_02042021_02_1_13548_13639_Sample_161_13500_25.0.mp4,66
Person_4,happy,MYS_G000010_02042021_02_211_52322_52422_Sample_670_52320_25.0.mp4,45
Person_4,happy,MYS_G000010_02042021_02_212_52422_52512_Sample_670_52320_25.0.mp4,50
Person_4,happy,MYS_G000010_02042021_02_213_52815_52852_Sample_670_52320_25.0.mp4,16
Person_4,happy,MYS_G000010_02042021_02_2_13668_13727_Sample_161_13500_25.0.mp4,25
Person_4,happy,MYS_G000010_02042021_02_39_17191_17226_Sample_211_17040_25.0.mp4,24
Person_4,happy,MYS_G000010_02042021_03_30_21120_21240_Sample_266_21120_25.0.mp4,60
Person_4,happy,MYS_G000010_05112021_02_54_142_171_Sample_7.mp4,7
Person_4,happy,MYS_G000010_05112021_02_55_289_350_Sample_7.mp4,14
Person_4,happy,MYS_G000010_05112021_02_56_346_396_Sample_7.mp4,11
Person_4,happy,MYS_G000010_05112021_02_57_428_485_Sample_7.mp4,18
Person_4,happy,MYS_G000010_06082021_01_21_17234_17382_Sample_266_17220_25.0.mp4,87
Person_4,happy,MYS_G000010_06082021_01_37_27848_27927_Sample_418_27720_25.0.mp4,17
Person_4,happy,MYS_G000010_06082021_03_10_16681_16723_Sample_140_16680_25.0.mp4,16
Person_4,happy,MYS_G000010_06082021_03_14_20170_20332_Sample_174_20160_25.0.mp4,81
Person_4,happy,MYS_G000010_06082021_03_23_3007_3093_Sample_19_3000_25.0.mp4,20
Person_4,happy,MYS_G000010_06082021_03_40_8078_8173_Sample_67_8040_25.0.mp4,70
Person_4,happy,MYS_G000010_06082021_03_6_14791_14904_Sample_119_14700_25.0.mp4,101
Person_4,happy,MYS_G000010_07052021_01_6_7809_7860_Sample_113_7260_25.0.mp4,10
Person_4,happy,MYS_G000010_09042021_01_153_39758_39900_Sample_490_39720_25.0.mp4,36
Person_4,happy,MYS_G000010_09042021_01_154_39961_39976_Sample_494_39960_25.0.mp4,7
Person_4,happy,MYS_G000010_09042021_01_24_10080_10200_Sample_140_10080_25.0.mp4,60
Person_4,happy,MYS_G000010_09042021_01_39_12304_12354_Sample_167_12300_25.0.mp4,16
Person_4,happy,MYS_G000010_09042021_01_60_15325_15407_Sample_200_15120_25.0.mp4,47
Person_4,happy,MYS_G000010_09042021_01_92_21788_21881_Sample_279_21780_25.0.mp4,32
Person_4,happy,MYS_G000010_09042021_01_93_21926_22044_Sample_279_21780_25.0.mp4,25
Person_4,happy,MYS_G000010_09042021_03_105_23330_23376_Sample_337_23280_25.0.mp4,15
Person_4,happy,MYS_G000010_09042021_03_109_23760_23831_Sample_346_23760_25.0.mp4,9
Person_4,happy,MYS_G000010_09042021_03_170_6362_6402_Sample_86_5880_25.0.mp4,14
Person_4,happy,MYS_G000010_09042021_03_171_250_296_Sample_8_240_25.0.mp4,23
Person_4,happy,MYS_G000010_09042021_03_28_780_855_Sample_14_780_25.0.mp4,32
Person_4,happy,MYS_G000010_09042021_03_55_13588_13620_Sample_205_13200_25.0.mp4,32
Person_4,happy,MYS_G000010_09042021_03_64_14924_15000_Sample_227_14640_25.0.mp4,34
Person_4,happy,MYS_G000010_09042021_03_80_1627_1690_Sample_25_1620_25.0.mp4,31
Person_4,happy,MYS_G000010_09042021_03_83_18945_19041_Sample_283_18600_25.0.mp4,14
Person_4,happy,MYS_G000010_09042021_03_94_21300_21360_Sample_312_21300_25.0.mp4,10
Person_4,happy,MYS_G000010_09042021_03_98_22275_22320_Sample_321_22140_25.0.mp4,14
Person_4,happy,MYS_G000010_09042021_04_52_21951_22140_Sample_266_21720_25.0.mp4,67
Person_4,happy,MYS_G000010_09072021_01_145_15534_15660_Sample_213_15360_25.0.mp4,12
Person_4,happy,MYS_G000010_09072021_01_15_76981_76998_Sample_1024_76980_25.0.mp4,4
Person_4,happy,MYS_G000010_09072021_01_16_76991_77059_Sample_1024_76980_25.0.mp4,26
Person_4,happy,MYS_G000010_09072021_01_226_26132_26218_Sample_370_26100_25.0.mp4,34
Person_4,happy,MYS_G000010_09072021_01_272_30584_30600_Sample_441_30480_25.0.mp4,12
Person_4,happy,MYS_G000010_09072021_01_2_96106_96214_Sample_1322_95880_25.0.mp4,62
Person_4,happy,MYS_G000010_09072021_01_357_42213_42260_Sample_605_41820_25.0.mp4,25
Person_4,happy,MYS_G000010_09072021_01_407_49805_49867_Sample_735_49800_25.0.mp4,22
Person_4,happy,MYS_G000010_09072021_01_498_67454_67532_Sample_838_67080_25.0.mp4,33
Person_4,happy,MYS_G000010_09072021_01_4_76627_76652_Sample_1015_76500_25.0.mp4,15
Person_4,happy,MYS_G000010_09072021_01_4_87097_87180_Sample_1181_87000_25.0.mp4,12
Person_4,happy,MYS_G000010_09072021_01_518_69612_69727_Sample_877_69540_25.0.mp4,76
Person_4,happy,MYS_G000010_09072021_01_538_75788_75847_Sample_893_70020_25.0.mp4,19
Person_4,happy,MYS_G000010_09072021_01_539_76304_76380_Sample_893_70020_25.0.mp4,76
Person_4,happy,MYS_G000010_09072021_01_552_72120_72360_Sample_930_72120_25.0.mp4,120
Person_4,happy,MYS_G000010_09072021_01_566_75120_75240_Sample_992_75120_25.0.mp4,23
Person_4,happy,MYS_G000010_09072021_01_5_96103_96209_Sample_1322_95880_25.0.mp4,89
Person_4,happy,MYS_G000010_16042021_01_10_8940_9116_Sample_119_8940_25.0.mp4,56
Person_4,happy,MYS_G000010_16042021_01_11_9152_9264_Sample_119_8940_25.0.mp4,55
Person_4,happy,MYS_G000010_16042021_01_12_9486_9554_Sample_119_8940_25.0.mp4,12
Person_4,happy,MYS_G000010_16042021_01_17_10213_10341_Sample_135_10200_25.0.mp4,28
Person_4,happy,MYS_G000010_16042021_01_18_10551_10776_Sample_135_10200_25.0.mp4,37
Person_4,happy,MYS_G000010_16042021_01_19_10834_10860_Sample_135_10200_25.0.mp4,19
Person_4,happy,MYS_G000010_16042021_01_30_10920_10994_Sample_148_10920_25.0.mp4,56
Person_4,happy,MYS_G000010_16042021_01_59_4878_4980_Sample_64_4440_25.0.mp4,40
Person_4,happy,MYS_G000010_16042021_01_61_5419_5465_Sample_78_5400_25.0.mp4,21
Person_4,happy,MYS_G000010_16042021_01_67_6720_6782_Sample_91_6720_25.0.mp4,14
Person_4,happy,MYS_G000010_16042021_01_7_8676_8799_Sample_113_8100_25.0.mp4,26
Person_4,happy,MYS_G000010_16042021_01_8_8890_8940_Sample_113_8100_25.0.mp4,45
Person_4,happy,MYS_G000010_16072021_01_294_67192_67299_Sample_761_66720_25.0.mp4,25
Person_4,happy,MYS_G000010_16072021_01_300_68576_68633_Sample_779_68160_25.0.mp4,28
Person_4,happy,MYS_G000010_16072021_01_301_68916_68940_Sample_779_68160_25.0.mp4,24
Person_4,happy,MYS_G000010_16072021_01_304_69000_69060_Sample_785_69000_25.0.mp4,19
Person_4,happy,MYS_G000010_16072021_01_79_29493_29681_Sample_327_29400_25.0.mp4,94
Person_4,happy,MYS_G000010_16072021_02_24_22858_22901_Sample_182_22800_25.0.mp4,18
Person_4,happy,MYS_G000010_16072021_02_61_31076_31170_Sample_295_30900_25.0.mp4,55
Person_4,happy,MYS_G000010_20082021_01_42_9537_9660_Sample_172_9420_25.0.mp4,37
Person_4,happy,MYS_G000010_20082021_01_55_10944_10958_Sample_196_10740_25.0.mp4,6
Person_4,happy,MYS_G000010_20082021_01_56_10958_10980_Sample_196_10740_25.0.mp4,12
Person_4,happy,MYS_G000010_21052021_01_148_49662_49680_Sample_592_49560_25.0.mp4,12
Person_4,happy,MYS_G000010_21052021_02_13_69421_69445_Sample_1043_69420_25.0.mp4,9
Person_4,happy,MYS_G000010_21052021_02_142_3891_3954_Sample_56_3840_25.0.mp4,27
Person_4,happy,MYS_G000010_21052021_02_159_48247_48333_Sample_690_48240_25.0.mp4,35
Person_4,happy,MYS_G000010_21052021_02_170_50640_50760_Sample_733_50640_25.0.mp4,60
Person_4,happy,MYS_G000010_21052021_02_180_51422_51540_Sample_745_51420_25.0.mp4,71
Person_4,happy,MYS_G000010_21052021_02_184_51780_51833_Sample_753_51780_25.0.mp4,9
Person_4,happy,MYS_G000010_21052021_02_185_51833_51900_Sample_753_51780_25.0.mp4,39
Person_4,happy,MYS_G000010_21052021_02_204_5587_5676_Sample_80_5580_25.0.mp4,11
Person_4,happy,MYS_G000010_21052021_02_205_5803_5917_Sample_80_5580_25.0.mp4,56
Person_4,happy,MYS_G000010_21052021_02_7_68880_69000_Sample_1032_68880_25.0.mp4,60
Person_4,happy,MYS_G000010_23042021_01_140_39240_39273_Sample_532_39240_25.0.mp4,13
Person_4,happy,MYS_G000010_23042021_01_17_8533_8586_Sample_137_8520_25.0.mp4,16
Person_4,happy,MYS_G000010_23042021_01_18_8653_8733_Sample_137_8520_25.0.mp4,32
Person_4,happy,MYS_G000010_23042021_01_213_4449_4620_Sample_77_4440_25.0.mp4,15
Person_4,happy,MYS_G000010_23042021_01_4_7332_7404_Sample_111_6840_25.0.mp4,24
Person_4,happy,MYS_G000010_23042021_01_5_7512_7625_Sample_111_6840_25.0.mp4,13
Person_4,happy,MYS_G000010_23042021_03_120_51074_51093_Sample_743_50160_25.0.mp4,8
Person_4,happy,MYS_G000010_23042021_03_139_56342_56370_Sample_792_56280_25.0.mp4,9
Person_4,happy,MYS_G000010_23042021_03_145_5213_5236_Sample_92_4800_25.0.mp4,9
Person_4,happy,MYS_G000010_23042021_03_17_10562_10581_Sample_193_10560_25.0.mp4,8
Person_4,happy,MYS_G000010_23042021_03_29_11944_12025_Sample_221_11940_25.0.mp4,12
Person_4,happy,MYS_G000010_23042021_03_33_13142_13251_Sample_239_13140_25.0.mp4,20
Person_4,happy,MYS_G000010_23042021_03_38_14460_14487_Sample_256_14460_25.0.mp4,11
Person_4,happy,MYS_G000010_23042021_03_42_15022_15168_Sample_260_14640_25.0.mp4,42
Person_4,happy,MYS_G000010_23042021_03_47_15847_15903_Sample_288_15840_25.0.mp4,17
Person_4,happy,MYS_G000010_23042021_03_9_9678_9739_Sample_176_9660_25.0.mp4,17
Person_4,happy,MYS_G000010_23072021_05_41_21560_21703_Sample_268_21000_25.0.mp4,96
Person_4,happy,MYS_G000010_27082021_01_117_25320_25371_Sample_251_25260_25.0.mp4,18
Person_4,happy,MYS_G000010_27082021_01_119_25800_25920_Sample_258_25800_25.0.mp4,21
Person_4,happy,MYS_G000010_27082021_01_121_27274_27351_Sample_273_27000_25.0.mp4,24
Person_4,happy,MYS_G000010_27082021_01_125_27968_28060_Sample_287_27900_25.0.mp4,31
Person_4,happy,MYS_G000010_27082021_01_16_100260_100376_Sample_1051_100260_25.0.mp4,58
Person_4,happy,MYS_G000010_27082021_01_173_42360_42457_Sample_462_42360_25.0.mp4,11
Person_4,happy,MYS_G000010_27082021_01_174_42840_42911_Sample_469_42840_25.0.mp4,30
Person_4,happy,MYS_G000010_27082021_01_176_43313_43349_Sample_475_43080_25.0.mp4,17
Person_4,happy,MYS_G000010_27082021_01_244_77190_77220_Sample_801_77040_25.0.mp4,30
Person_4,happy,MYS_G000010_27082021_01_255_82521_82568_Sample_865_82500_25.0.mp4,17
Person_4,happy,MYS_G000010_27082021_01_26_11340_11466_Sample_107_11340_25.0.mp4,48
Person_4,happy,MYS_G000010_27082021_01_279_91525_91560_Sample_951_91320_25.0.mp4,11
Person_4,happy,MYS_G000010_30042021_01_324_156300_156377_Sample_2577_156300_25.0.mp4,52
Person_4,happy,MYS_G000010_30042021_01_325_156506_157219_Sample_2577_156300_25.0.mp4,56
Person_4,happy,MYS_G000010_30042021_01_351_161644_161725_Sample_2680_161640_25.0.mp4,31
Person_4,happy,MYS_G000010_30042021_01_380_165120_165204_Sample_2750_165120_25.0.mp4,20
Person_4,happy,MYS_G000010_30042021_01_526_35747_35797_Sample_552_35640_25.0.mp4,18
Person_4,happy,MYS_G000010_30042021_01_648_58366_58380_Sample_947_58200_25.0.mp4,14
Person_4,happy,MYS_G000115_16052021_17_29638_29663_Sample_140_29460_25.0.mp4,13
Person_40,happy,MYS_G000029_26032021_01_14_24637_24719_Sample_142_24600_25.0.mp4,17
Person_40,happy,MYS_G000029_26032021_01_16_25321_25437_Sample_146_25320_25.0.mp4,34
Person_40,happy,MYS_G000029_26032021_01_17_26816_26860_Sample_156_26760_25.0.mp4,13
Person_40,happy,MYS_G000029_26032021_01_18_30391_30481_Sample_167_30300_25.0.mp4,13
Person_41,happy,MYS_G000106_10072021_02_10_1682_1709_Sample_17_1680_25.0.mp4,12
Person_41,happy,MYS_G000106_10072021_02_15_2075_2100_Sample_19_1920_25.0.mp4,13
Person_41,happy,MYS_G000106_10072021_02_25_2460_2558_Sample_22_2460_25.0.mp4,7
Person_41,happy,MYS_G000106_10072021_02_29_36990_37007_Sample_239_36780_25.0.mp4,7
Person_41,happy,MYS_G000106_10072021_02_30_38019_38053_Sample_242_37980_25.0.mp4,10
Person_41,happy,MYS_G000106_10072021_02_31_38375_38433_Sample_244_38280_25.0.mp4,22
Person_41,happy,MYS_G000106_10072021_02_48_42586_42720_Sample_275_42300_25.0.mp4,40
Person_41,happy,MYS_G000106_10072021_02_62_4263_4410_Sample_31_4260_25.0.mp4,89
Person_41,happy,MYS_G000106_10072021_02_64_4560_4743_Sample_34_4560_25.0.mp4,117
Person_41,happy,MYS_G000106_10072021_02_66_5138_5160_Sample_36_4980_25.0.mp4,12
Person_41,happy,MYS_G000106_10072021_02_67_5220_5369_Sample_38_5220_25.0.mp4,44
Person_41,happy,MYS_G000106_10072021_02_74_7251_7317_Sample_55_7080_25.0.mp4,40
Person_41,happy,MYS_G000106_10072021_02_80_9564_9600_Sample_81_9480_25.0.mp4,11
Person_41,happy,MYS_G000106_10072021_02_8_1260_1328_Sample_15_1260_25.0.mp4,47
Person_41,happy,MYS_G000106_17072021_01_14_11760_11830_Sample_162_11760_25.0.mp4,19
Person_41,happy,MYS_G000106_17072021_01_15_12061_12120_Sample_162_11760_25.0.mp4,18
Person_41,happy,MYS_G000106_17072021_01_22_14700_14756_Sample_204_14700_25.0.mp4,4
Person_41,happy,MYS_G000106_17072021_01_3_8910_8946_Sample_112_8280_25.0.mp4,17
Person_41,happy,MYS_G000106_17072021_01_40_7008_7206_Sample_84_6780_25.0.mp4,99
Person_41,happy,MYS_G000106_17072021_01_41_367_417_Sample_8_360_25.0.mp4,17
Person_41,happy,MYS_G000106_17072021_01_4_9843_10183_Sample_119_9000_25.0.mp4,122
Person_46,happy,MYS_G000011_05022021_03_100_32641_32652_Sample_411_32640_25.0.mp4,5
Person_46,happy,MYS_G000011_05022021_03_101_33019_33164_Sample_411_32640_25.0.mp4,16
Person_46,happy,MYS_G000011_05022021_03_108_33782_33823_Sample_424_33780_25.0.mp4,10
Person_46,happy,MYS_G000011_05022021_03_109_33827_33900_Sample_424_33780_25.0.mp4,56
Person_46,happy,MYS_G000011_05022021_03_12_35523_35563_Sample_451_35520_25.0.mp4,13
Person_46,happy,MYS_G000011_05022021_03_14_35955_35998_Sample_457_35880_25.0.mp4,24
Person_46,happy,MYS_G000011_05022021_03_18_46159_46278_Sample_582_45960_25.0.mp4,22
Person_46,happy,MYS_G000011_05022021_03_19_46309_46385_Sample_582_45960_25.0.mp4,34
Person_46,happy,MYS_G000011_05022021_03_28_37318_37503_Sample_478_37260_25.0.mp4,74
Person_46,happy,MYS_G000011_05022021_03_29_37671_37800_Sample_478_37260_25.0.mp4,101
Person_46,happy,MYS_G000011_05022021_03_30_48019_48155_Sample_602_47640_25.0.mp4,58
Person_46,happy,MYS_G000011_05022021_03_34_38486_38562_Sample_492_38160_25.0.mp4,21
Person_46,happy,MYS_G000011_05022021_03_36_16159_16258_Sample_191_16140_25.0.mp4,14
Person_46,happy,MYS_G000011_05022021_03_40_17357_17460_Sample_202_17280_25.0.mp4,56
Person_46,happy,MYS_G000011_05022021_03_43_40955_41158_Sample_524_40800_25.0.mp4,45
Person_46,happy,MYS_G000011_05022021_03_44_41463_41518_Sample_524_40800_25.0.mp4,11
Person_46,happy,MYS_G000011_05022021_03_47_41920_41989_Sample_533_41700_25.0.mp4,32
Person_46,happy,MYS_G000011_05022021_03_48_50006_50036_Sample_634_49920_25.0.mp4,16
Person_46,happy,MYS_G000011_05022021_03_49_50047_50066_Sample_634_49920_25.0.mp4,13
Person_46,happy,MYS_G000011_05022021_03_52_50434_50580_Sample_640_50400_25.0.mp4,8
Person_46,happy,MYS_G000011_05022021_03_54_43290_43513_Sample_545_43020_25.0.mp4,127
Person_46,happy,MYS_G000011_05022021_03_54_50761_50822_Sample_646_50760_25.0.mp4,20
Person_46,happy,MYS_G000011_05022021_03_55_50888_50940_Sample_646_50760_25.0.mp4,21
Person_46,happy,MYS_G000011_05022021_03_57_51361_51450_Sample_650_50940_25.0.mp4,26
Person_46,happy,MYS_G000011_05022021_03_58_51465_51540_Sample_650_50940_25.0.mp4,33
Person_46,happy,MYS_G000011_05022021_03_5_34717_34800_Sample_434_34380_25.0.mp4,40
Person_46,happy,MYS_G000011_05022021_03_5_44598_44775_Sample_558_43860_25.0.mp4,63
Person_46,happy,MYS_G000011_05022021_03_62_51541_51576_Sample_656_51540_25.0.mp4,6
Person_46,happy,MYS_G000011_05022021_03_63_22020_22122_Sample_265_22020_25.0.mp4,6
Person_46,happy,MYS_G000011_05022021_03_64_22211_22260_Sample_265_22020_25.0.mp4,33
Person_46,happy,MYS_G000011_05022021_03_69_28156_28253_Sample_353_28140_25.0.mp4,48
Person_46,happy,MYS_G000011_05022021_03_6_45090_45240_Sample_558_43860_25.0.mp4,88
Person_46,happy,MYS_G000011_05022021_03_76_29330_29400_Sample_363_28860_25.0.mp4,59
Person_46,happy,MYS_G000011_05022021_04_15_15106_15180_Sample_154_14880_25.0.mp4,40
Person_46,happy,MYS_G000011_05022021_04_2_28070_28088_Sample_299_27540_25.0.mp4,6
Person_46,happy,MYS_G000011_05022021_04_37_21097_21115_Sample_215_21060_25.0.mp4,11
Person_46,happy,MYS_G000011_05022021_04_3_28099_28181_Sample_299_27540_25.0.mp4,19
Person_46,happy,MYS_G000011_05022021_04_69_26668_26686_Sample_275_25620_25.0.mp4,8
Person_46,happy,MYS_G000011_05022021_04_9_28320_28361_Sample_309_28320_25.0.mp4,1
Person_46,happy,MYS_G000011_05022021_05_109_111_149_Sample_242.mp4,13
Person_46,happy,MYS_G000011_05022021_05_124_4_81_Sample_30.mp4,33
Person_46,happy,MYS_G000011_05022021_05_125_200_262_Sample_30.mp4,27
Person_46,happy,MYS_G000011_05022021_05_132_5_85_Sample_36.mp4,40
Person_46,happy,MYS_G000011_05022021_05_141_446_494_Sample_55.mp4,21
Person_46,happy,MYS_G000011_05022021_05_23_9_190_Sample_13.mp4,117
Person_46,happy,MYS_G000011_05022021_05_35_0_145_Sample_147.mp4,63
Person_46,happy,MYS_G000011_05022021_05_37_698_1130_Sample_147.mp4,88
Person_46,happy,MYS_G000011_05022021_05_38_1218_1295_Sample_147.mp4,16
Person_46,happy,MYS_G000011_05022021_05_47_387_516_Sample_157.mp4,54
Person_46,happy,MYS_G000011_05022021_05_49_1_134_Sample_162.mp4,15
Person_46,happy,MYS_G000011_05022021_05_56_298_480_Sample_165.mp4,27
Person_46,happy,MYS_G000011_05022021_05_59_1_42_Sample_168.mp4,23
Person_46,happy,MYS_G000011_05022021_05_75_86_129_Sample_205.mp4,19
Person_46,happy,MYS_G000011_05022021_05_77_722_758_Sample_205.mp4,30
Person_46,happy,MYS_G000011_05022021_05_88_464_480_Sample_221.mp4,14
Person_46,happy,MYS_G000011_05022021_05_93_207_330_Sample_228.mp4,24
Person_46,happy,MYS_G000011_15022021_01_3_448_469_Sample_32.mp4,4
Person_46,happy,MYS_G000011_15022021_02_34_121_242_Sample_20.mp4,92
Person_46,happy,MYS_G000011_15022021_03_12_165_214_Sample_388.mp4,19
Person_46,happy,MYS_G000011_15022021_03_1_526_537_Sample_370.mp4,6
Person_46,happy,MYS_G000011_15022021_03_25_2986_3055_Sample_411.mp4,31
Person_46,happy,MYS_G000011_15022021_03_45_1582_1657_Sample_465.mp4,42
Person_46,happy,MYS_G000011_15022021_03_46_1802_2006_Sample_465.mp4,50
Person_46,happy,MYS_G000011_15022021_03_4_346_368_Sample_375.mp4,6
Person_46,happy,MYS_G000011_15022021_04_10_2360_2510_Sample_118.mp4,72
Person_46,happy,MYS_G000011_15022021_04_9_2300_2351_Sample_118.mp4,11
Person_46,happy,MYS_G000011_22012021_02_63_29701_29772_Sample_284_29700_25.0.mp4,26
Person_46,happy,MYS_G000011_22012021_02_64_29931_29975_Sample_284_29700_25.0.mp4,25
Person_46,happy,MYS_G000011_22012021_02_90_35362_35447_Sample_366_35280_25.0.mp4,42
Person_46,happy,MYS_G000011_26022021_04_55_377_420_Sample_178.mp4,26
Person_46,happy,MYS_G000011_28012021_02_42_33_64_Sample_42.mp4,13
Person_46,happy,MYS_G000011_28012021_02_48_288_300_Sample_57.mp4,5
Person_46,happy,MYS_G000011_28012021_02_6_18_52_Sample_113.mp4,20
Person_46,happy,MYS_G000011_28012021_04_11_0_208_Sample_116.mp4,103
Person_46,happy,MYS_G000011_28012021_04_19_207_422_Sample_38.mp4,107
Person_46,happy,MYS_G000011_28012021_04_23_137_181_Sample_53.mp4,22
Person_46,happy,MYS_G000011_28012021_04_36_1258_1321_Sample_77.mp4,62
Person_46,happy,MYS_G000011_28012021_04_8_36_120_Sample_113.mp4,41
Person_5,happy,MYS_G000010_02042021_01_136_47034_47220_Sample_544_46860_25.0.mp4,93
Person_5,happy,MYS_G000010_02042021_01_140_47358_47450_Sample_549_47280_25.0.mp4,22
Person_5,happy,MYS_G000010_02042021_01_21_13488_13661_Sample_150_13200_25.0.mp4,24
Person_5,happy,MYS_G000010_02042021_01_65_27626_27660_Sample_307_27540_25.0.mp4,21
Person_5,happy,MYS_G000010_02042021_01_72_28680_28716_Sample_325_28680_25.0.mp4,11
Person_5,happy,MYS_G000010_02042021_01_75_29346_29394_Sample_332_29280_25.0.mp4,24
Person_5,happy,MYS_G000010_02042021_01_80_30015_30060_Sample_342_29940_25.0.mp4,32
Person_5,happy,MYS_G000010_02042021_02_101_26079_26137_Sample_318_25380_25.0.mp4,22
Person_5,happy,MYS_G000010_02042021_02_102_26172_26220_Sample_318_25380_25.0.mp4,24
Person_5,happy,MYS_G000010_02042021_03_55_27393_27514_Sample_360_27120_25.0.mp4,34
Person_5,happy,MYS_G000010_02042021_04_101_48906_48987_Sample_620_48900_25.0.mp4,37
Person_5,happy,MYS_G000010_02042021_04_102_49102_49192_Sample_622_49080_25.0.mp4,23
Person_5,happy,MYS_G000010_02042021_04_1_7155_7190_Sample_100_6480_25.0.mp4,10
Person_5,happy,MYS_G000010_02042021_04_2_22307_22492_Sample_309_22200_25.0.mp4,85
Person_5,happy,MYS_G000010_02042021_04_56_19740_19790_Sample_278_19740_25.0.mp4,25
Person_5,happy,MYS_G000010_02042021_04_59_37810_37879_Sample_481_37740_25.0.mp4,34
Person_5,happy,MYS_G000010_02042021_04_84_43940_43986_Sample_557_43680_25.0.mp4,16
Person_5,happy,MYS_G000010_02042021_04_89_45394_45420_Sample_572_44940_25.0.mp4,9
Person_5,happy,MYS_G000010_05032021_01_57_39540_39561_Sample_281_39540_25.0.mp4,10
Person_5,happy,MYS_G000010_05032021_01_70_46525_46565_Sample_327_46320_25.0.mp4,21
Person_5,happy,MYS_G000010_05032021_01_77_50683_50700_Sample_357_50580_25.0.mp4,10
Person_5,happy,MYS_G000010_05032021_01_78_51219_51240_Sample_360_51120_25.0.mp4,14
Person_5,happy,MYS_G000010_05032021_01_79_5848_5891_Sample_39_5580_25.0.mp4,15
Person_5,happy,MYS_G000010_05032021_01_84_6483_6697_Sample_45_6240_25.0.mp4,75
Person_5,happy,MYS_G000010_05032021_01_90_8152_8280_Sample_52_7380_25.0.mp4,103
Person_5,happy,MYS_G000010_05032021_01_92_8395_8491_Sample_57_8340_25.0.mp4,48
Person_5,happy,MYS_G000010_05032021_02_124_16889_16959_Sample_74_16860_25.0.mp4,35
Person_5,happy,MYS_G000010_05032021_02_12_27022_27087_Sample_171_26880_25.0.mp4,32
Person_5,happy,MYS_G000010_05032021_02_55_39549_39600_Sample_260_39000_25.0.mp4,37
Person_5,happy,MYS_G000010_05032021_02_59_39849_39901_Sample_268_39780_25.0.mp4,21
Person_5,happy,MYS_G000010_05032021_02_67_42660_42720_Sample_292_42660_25.0.mp4,18
Person_5,happy,MYS_G000010_05032021_02_72_43592_43656_Sample_300_43440_25.0.mp4,14
Person_5,happy,MYS_G000010_05032021_02_76_44164_44207_Sample_309_44100_25.0.mp4,12
Person_5,happy,MYS_G000010_05032021_02_83_45214_45300_Sample_322_45060_25.0.mp4,38
Person_5,happy,MYS_G000010_06082021_01_59_1156_1220_Sample_18_1140_25.0.mp4,42
Person_5,happy,MYS_G000010_06082021_01_60_1190_1218_Sample_18_1140_25.0.mp4,15
Person_5,happy,MYS_G000010_06082021_01_64_13200_13244_Sample_196_13200_25.0.mp4,9
Person_5,happy,MYS_G000010_09042021_01_104_113_169_Sample_3_0_25.0.mp4,28
Person_5,happy,MYS_G000010_09042021_01_147_39954_40017_Sample_474_38640_25.0.mp4,18
Person_5,happy,MYS_G000010_09042021_01_198_300_335_Sample_9_300_25.0.mp4,1
Person_5,happy,MYS_G000010_09042021_01_68_16930_16973_Sample_224_16800_25.0.mp4,12
Person_5,happy,MYS_G000010_09042021_01_70_1244_1500_Sample_23_1140_25.0.mp4,16
Person_5,happy,MYS_G000010_09042021_01_98_23193_23220_Sample_289_22920_25.0.mp4,10
Person_5,happy,MYS_G000010_09042021_03_10_7986_8015_Sample_118_7680_25.0.mp4,15
Person_5,happy,MYS_G000010_09042021_03_130_27273_27360_Sample_393_26640_25.0.mp4,21
Person_5,happy,MYS_G000010_09042021_03_139_28261_28290_Sample_413_28260_25.0.mp4,15
Person_5,happy,MYS_G000010_09042021_03_163_5121_5150_Sample_69_5100_25.0.mp4,10
Person_5,happy,MYS_G000010_09042021_03_32_10614_10658_Sample_158_10200_25.0.mp4,22
Person_5,happy,MYS_G000010_09042021_03_51_12780_12859_Sample_199_12780_25.0.mp4,34
Person_5,happy,MYS_G000010_09042021_03_56_13272_13344_Sample_206_13260_25.0.mp4,36
Person_5,happy,MYS_G000010_09042021_03_57_13560_13626_Sample_209_13560_25.0.mp4,20
Person_5,happy,MYS_G000010_09042021_03_67_15128_15175_Sample_233_15060_25.0.mp4,11
Person_5,happy,MYS_G000010_09042021_03_72_15687_15720_Sample_239_15420_25.0.mp4,11
Person_5,happy,MYS_G000010_09042021_03_73_15780_15839_Sample_244_15780_25.0.mp4,15
Person_5,happy,MYS_G000010_09072021_01_103_129251_129338_Sample_1497_128820_25.0.mp4,28
Person_5,happy,MYS_G000010_09072021_01_104_129382_129519_Sample_1497_128820_25.0.mp4,62
Person_5,happy,MYS_G000010_09072021_01_105_129571_129724_Sample_1497_128820_25.0.mp4,86
Person_5,happy,MYS_G000010_09072021_01_106_129979_130090_Sample_1499_129840_25.0.mp4,39
Person_5,happy,MYS_G000010_09072021_01_107_130111_130200_Sample_1499_129840_25.0.mp4,48
Person_5,happy,MYS_G000010_09072021_01_11_97275_97396_Sample_1337_97260_25.0.mp4,38
Person_5,happy,MYS_G000010_09072021_01_128_13750_13917_Sample_192_13560_25.0.mp4,25
Person_5,happy,MYS_G000010_09072021_01_12_97400_97497_Sample_1337_97260_25.0.mp4,39
Person_5,happy,MYS_G000010_09072021_01_142_15000_15046_Sample_208_15000_25.0.mp4,16
Person_5,happy,MYS_G000010_09072021_01_143_15076_15229_Sample_208_15000_25.0.mp4,34
Person_5,happy,MYS_G000010_09072021_01_165_19080_19368_Sample_255_19080_25.0.mp4,34
Person_5,happy,MYS_G000010_09072021_01_169_19562_19668_Sample_262_19560_25.0.mp4,23
Person_5,happy,MYS_G000010_09072021_01_16_99157_99218_Sample_1350_99120_25.0.mp4,27
Person_5,happy,MYS_G000010_09072021_01_19_100928_100980_Sample_1361_100500_25.0.mp4,49
Person_5,happy,MYS_G000010_09072021_01_20_101040_101160_Sample_1363_101040_25.0.mp4,17
Person_5,happy,MYS_G000010_09072021_01_20_97271_97375_Sample_1337_97260_25.0.mp4,83
Person_5,happy,MYS_G000010_09072021_01_21_97395_97500_Sample_1337_97260_25.0.mp4,22
Person_5,happy,MYS_G000010_09072021_01_22_101228_101369_Sample_1367_101220_25.0.mp4,75
Person_5,happy,MYS_G000010_09072021_01_24_101851_101925_Sample_1369_101640_25.0.mp4,24
Person_5,happy,MYS_G000010_09072021_01_24_99095_99120_Sample_1348_99000_25.0.mp4,23
Person_5,happy,MYS_G000010_09072021_01_255_28213_28440_Sample_406_28200_25.0.mp4,162
Person_5,happy,MYS_G000010_09072021_01_25_99141_99240_Sample_1350_99120_25.0.mp4,25
Person_5,happy,MYS_G000010_09072021_01_262_28860_29074_Sample_420_28860_25.0.mp4,14
Person_5,happy,MYS_G000010_09072021_01_274_31030_31080_Sample_446_30840_25.0.mp4,41
Person_5,happy,MYS_G000010_09072021_01_29_102030_102096_Sample_1372_102000_25.0.mp4,5
Person_5,happy,MYS_G000010_09072021_01_301_34380_34680_Sample_492_34380_25.0.mp4,150
Person_5,happy,MYS_G000010_09072021_01_303_34844_34920_Sample_496_34740_25.0.mp4,29
Person_5,happy,MYS_G000010_09072021_01_30_102156_102240_Sample_1372_102000_25.0.mp4,42
Person_5,happy,MYS_G000010_09072021_01_350_40680_40823_Sample_588_40500_25.0.mp4,36
Person_5,happy,MYS_G000010_09072021_01_358_42657_42780_Sample_613_42480_25.0.mp4,55
Person_5,happy,MYS_G000010_09072021_01_359_42901_42968_Sample_620_42900_25.0.mp4,21
Person_5,happy,MYS_G000010_09072021_01_38_103155_103222_Sample_1382_103140_25.0.mp4,9
Person_5,happy,MYS_G000010_09072021_01_405_49734_49787_Sample_730_49500_25.0.mp4,22
Person_5,happy,MYS_G000010_09072021_01_411_50085_50160_Sample_737_49920_25.0.mp4,25
Person_5,happy,MYS_G000010_09072021_01_4_95100_95220_Sample_1309_95100_25.0.mp4,13
Person_5,happy,MYS_G000010_09072021_01_548_70920_71040_Sample_913_70920_25.0.mp4,120
Person_5,happy,MYS_G000010_09072021_01_565_75073_75169_Sample_990_75060_25.0.mp4,37
Person_5,happy,MYS_G000010_09072021_01_63_114862_115006_Sample_1435_114720_25.0.mp4,58
Person_5,happy,MYS_G000010_09072021_01_69_115959_116100_Sample_1445_115860_25.0.mp4,71
Person_5,happy,MYS_G000010_09072021_01_71_116220_116340_Sample_1448_116220_25.0.mp4,22
Person_5,happy,MYS_G000010_09072021_01_72_116400_116570_Sample_1449_116400_25.0.mp4,23
Person_5,happy,MYS_G000010_09072021_01_73_116588_116700_Sample_1449_116400_25.0.mp4,53
Person_5,happy,MYS_G000010_09072021_01_77_117240_117360_Sample_1455_117240_25.0.mp4,53
Person_5,happy,MYS_G000010_09072021_01_87_123600_123720_Sample_1479_123600_25.0.mp4,60
Person_5,happy,MYS_G000010_09072021_01_94_126546_126579_Sample_1487_126540_25.0.mp4,9
Person_5,happy,MYS_G000010_12032021_01_18_28321_28355_Sample_163_28320_25.0.mp4,15
Person_5,happy,MYS_G000010_12032021_01_20_29228_29294_Sample_167_29160_25.0.mp4,16
Person_5,happy,MYS_G000010_12032021_01_27_4122_4200_Sample_18_3900_25.0.mp4,45
Person_5,happy,MYS_G000010_12032021_01_36_33864_33927_Sample_193_33840_25.0.mp4,26
Person_5,happy,MYS_G000010_12032021_01_45_38460_39240_Sample_211_38460_25.0.mp4,390
Person_5,happy,MYS_G000010_12032021_01_50_41782_41820_Sample_231_41400_25.0.mp4,27
Person_5,happy,MYS_G000010_12032021_01_83_12743_12779_Sample_83_11760_25.0.mp4,36
Person_5,happy,MYS_G000010_12032021_01_87_12900_12921_Sample_88_12900_25.0.mp4,5
Person_5,happy,MYS_G000010_12032021_01_88_13069_13147_Sample_88_12900_25.0.mp4,42
Person_5,happy,MYS_G000010_12032021_01_89_13313_13421_Sample_88_12900_25.0.mp4,26
Person_5,happy,MYS_G000010_13082021_03_108_33489_33597_Sample_493_33480_25.0.mp4,10
Person_5,happy,MYS_G000010_13082021_03_119_4747_4824_Sample_74_4740_25.0.mp4,30
Person_5,happy,MYS_G000010_13082021_03_20_11470_11520_Sample_175_11400_25.0.mp4,19
Person_5,happy,MYS_G000010_16042021_01_2_849_882_Sample_10_840_25.0.mp4,8
Person_5,happy,MYS_G000010_16072021_01_221_51300_51410_Sample_629_51300_25.0.mp4,22
Person_5,happy,MYS_G000010_16072021_01_50_23340_23423_Sample_262_23340_25.0.mp4,17
Person_5,happy,MYS_G000010_16072021_01_81_29851_29997_Sample_330_29700_25.0.mp4,73
Person_5,happy,MYS_G000010_16072021_02_106_38505_38580_Sample_411_38280_25.0.mp4,24
Person_5,happy,MYS_G000010_16072021_02_108_39113_39251_Sample_417_38760_25.0.mp4,34
Person_5,happy,MYS_G000010_16072021_02_115_40680_40797_Sample_437_40680_25.0.mp4,46
Person_5,happy,MYS_G000010_16072021_02_121_41520_41581_Sample_448_41520_25.0.mp4,38
Person_5,happy,MYS_G000010_16072021_02_12_13406_13440_Sample_146_13320_25.0.mp4,16
Person_5,happy,MYS_G000010_16072021_02_130_42758_42792_Sample_465_42720_25.0.mp4,15
Person_5,happy,MYS_G000010_16072021_02_13_14425_14478_Sample_152_14400_25.0.mp4,29
Person_5,happy,MYS_G000010_16072021_02_21_22462_22577_Sample_177_22440_25.0.mp4,49
Person_5,happy,MYS_G000010_16072021_02_227_61180_61395_Sample_735_61140_25.0.mp4,23
Person_5,happy,MYS_G000010_16072021_02_240_65030_65086_Sample_774_64980_25.0.mp4,10
Person_5,happy,MYS_G000010_16072021_02_33_26143_26196_Sample_203_26040_25.0.mp4,26
Person_5,happy,MYS_G000010_16072021_02_47_28300_28380_Sample_246_28200_25.0.mp4,24
Person_5,happy,MYS_G000010_21052021_01_113_41040_41081_Sample_506_41040_25.0.mp4,20
Person_5,happy,MYS_G000010_21052021_01_131_47033_47079_Sample_560_46980_25.0.mp4,16
Person_5,happy,MYS_G000010_21052021_01_133_47258_47305_Sample_565_47220_25.0.mp4,30
Person_5,happy,MYS_G000010_21052021_01_13_12144_12189_Sample_138_12120_25.0.mp4,24
Person_5,happy,MYS_G000010_21052021_01_140_48942_48960_Sample_576_48840_25.0.mp4,9
Person_5,happy,MYS_G000010_21052021_01_143_49102_49167_Sample_581_49080_25.0.mp4,18
Person_5,happy,MYS_G000010_21052021_01_146_49421_49478_Sample_589_49380_25.0.mp4,15
Person_5,happy,MYS_G000010_21052021_01_150_49757_49869_Sample_595_49740_25.0.mp4,68
Person_5,happy,MYS_G000010_21052021_01_152_50059_50160_Sample_600_50040_25.0.mp4,14
Person_5,happy,MYS_G000010_21052021_01_156_50708_50739_Sample_612_50700_25.0.mp4,12
Person_5,happy,MYS_G000010_21052021_01_159_51720_51787_Sample_633_51720_25.0.mp4,13
Person_5,happy,MYS_G000010_21052021_01_19_12915_12998_Sample_151_12840_25.0.mp4,24
Person_5,happy,MYS_G000010_21052021_01_48_19476_19551_Sample_249_19440_25.0.mp4,37
Person_5,happy,MYS_G000010_21052021_01_90_31139_31189_Sample_397_31080_25.0.mp4,25
Person_5,happy,MYS_G000010_21052021_01_9_10582_10634_Sample_117_10500_25.0.mp4,13
Person_5,happy,MYS_G000010_21052021_02_150_46680_46725_Sample_667_46680_25.0.mp4,17
Person_5,happy,MYS_G000010_21052021_02_151_46732_47280_Sample_667_46680_25.0.mp4,199
Person_5,happy,MYS_G000010_21052021_02_157_47834_48206_Sample_686_47820_25.0.mp4,156
Person_5,happy,MYS_G000010_21052021_02_15_69420_69720_Sample_1044_69420_25.0.mp4,147
Person_5,happy,MYS_G000010_21052021_02_160_48664_48850_Sample_695_48540_25.0.mp4,53
Person_5,happy,MYS_G000010_21052021_02_176_51405_51723_Sample_741_51240_25.0.mp4,114
Person_5,happy,MYS_G000010_21052021_02_19_69840_69960_Sample_1050_69840_25.0.mp4,60
Person_5,happy,MYS_G000010_21052021_02_207_55117_55200_Sample_804_55080_25.0.mp4,55
Person_5,happy,MYS_G000010_21052021_02_29_70681_70707_Sample_1061_70680_25.0.mp4,12
Person_5,happy,MYS_G000010_21052021_02_48_74534_74760_Sample_1117_74460_25.0.mp4,51
Person_5,happy,MYS_G000010_21052021_02_5_68776_68880_Sample_1030_68760_25.0.mp4,22
Person_5,happy,MYS_G000010_23042021_01_108_30922_31028_Sample_401_30900_25.0.mp4,16
Person_5,happy,MYS_G000010_23042021_01_109_31023_31114_Sample_401_30900_25.0.mp4,18
Person_5,happy,MYS_G000010_23042021_01_126_37613_37740_Sample_496_37020_25.0.mp4,56
Person_5,happy,MYS_G000010_23042021_01_211_4497_4633_Sample_74_4380_25.0.mp4,59
Person_5,happy,MYS_G000010_23042021_01_27_9900_9991_Sample_153_9900_25.0.mp4,4
Person_5,happy,MYS_G000010_23042021_01_30_10380_10484_Sample_160_10380_25.0.mp4,21
Person_5,happy,MYS_G000010_23042021_01_39_960_1062_Sample_21_960_25.0.mp4,8
Person_5,happy,MYS_G000010_23042021_01_43_1080_1200_Sample_24_1080_25.0.mp4,4
Person_5,happy,MYS_G000010_23042021_01_47_1200_1338_Sample_25_1200_25.0.mp4,93
Person_5,happy,MYS_G000010_23042021_02_19_9639_9670_Sample_146_9360_25.0.mp4,10
Person_5,happy,MYS_G000010_23042021_02_49_14820_14866_Sample_232_14820_25.0.mp4,21
Person_5,happy,MYS_G000010_23042021_03_118_49526_49555_Sample_737_49380_25.0.mp4,11
Person_5,happy,MYS_G000010_23042021_03_122_4220_4238_Sample_74_3840_25.0.mp4,7
Person_5,happy,MYS_G000010_23042021_03_28_11940_12028_Sample_220_11940_25.0.mp4,16
Person_5,happy,MYS_G000010_23042021_03_37_15051_15107_Sample_251_14100_25.0.mp4,32
Person_5,happy,MYS_G000010_23042021_03_88_42210_42240_Sample_648_41880_25.0.mp4,10
Person_5,happy,MYS_G000010_23072021_01_100_27674_27733_Sample_196_26700_25.0.mp4,36
Person_5,happy,MYS_G000010_23072021_01_101_27911_27979_Sample_196_26700_25.0.mp4,24
Person_5,happy,MYS_G000010_23072021_01_39_22420_22505_Sample_134_22020_25.0.mp4,51
Person_5,happy,MYS_G000010_23072021_01_68_25264_25320_Sample_173_24360_25.0.mp4,31
Person_5,happy,MYS_G000010_23072021_01_79_25382_25429_Sample_181_25380_25.0.mp4,16
Person_5,happy,MYS_G000010_23072021_01_82_26296_26413_Sample_181_25380_25.0.mp4,22
Person_5,happy,MYS_G000010_23072021_01_83_26485_26591_Sample_181_25380_25.0.mp4,14
Person_5,happy,MYS_G000010_23072021_01_84_26625_26640_Sample_181_25380_25.0.mp4,11
Person_5,happy,MYS_G000010_23072021_01_96_26701_26838_Sample_196_26700_25.0.mp4,19
Person_5,happy,MYS_G000010_23072021_01_97_26899_27032_Sample_196_26700_25.0.mp4,14
Person_5,happy,MYS_G000010_23072021_03_7_4992_5027_Sample_18_4920_25.0.mp4,18
Person_5,happy,MYS_G000010_23072021_03_8_5029_5133_Sample_18_4920_25.0.mp4,36
Person_5,happy,MYS_G000010_23072021_05_24_16727_16917_Sample_210_16500_25.0.mp4,139
Person_5,happy,MYS_G000010_23072021_05_35_19440_19560_Sample_252_19440_25.0.mp4,104
Person_5,happy,MYS_G000010_23072021_05_56_28940_29151_Sample_355_28920_25.0.mp4,27
Person_5,happy,MYS_G000010_23072021_05_63_33071_33215_Sample_401_33060_25.0.mp4,51
Person_5,happy,MYS_G000010_23072021_05_68_0_106_Sample_4_0_25.0.mp4,94
Person_5,happy,MYS_G000010_23072021_05_73_5400_5512_Sample_78_5400_25.0.mp4,76
Person_5,happy,MYS_G000010_23072021_05_79_6094_6319_Sample_87_6060_25.0.mp4,61
Person_5,happy,MYS_G000010_27082021_01_116_24615_24780_Sample_245_24600_25.0.mp4,30
Person_5,happy,MYS_G000010_27082021_01_132_29485_29520_Sample_308_29400_25.0.mp4,18
Person_5,happy,MYS_G000010_27082021_01_232_70688_70762_Sample_728_70380_25.0.mp4,14
Person_5,happy,MYS_G000010_27082021_01_259_85440_85500_Sample_888_85200_25.0.mp4,28
Person_5,happy,MYS_G000010_27082021_01_261_85560_85707_Sample_895_85560_25.0.mp4,73
Person_5,happy,MYS_G000010_27082021_01_34_104359_104460_Sample_1101_104220_25.0.mp4,27
Person_5,happy,MYS_G000010_27082021_01_60_111102_111240_Sample_1183_111060_25.0.mp4,65
Person_5,happy,MYS_G000010_30042021_01_303_148920_149040_Sample_2458_148920_25.0.mp4,18
Person_5,happy,MYS_G000010_30042021_01_313_150476_150646_Sample_2489_150360_25.0.mp4,99
Person_5,happy,MYS_G000010_30042021_01_314_150900_151020_Sample_2497_150900_25.0.mp4,18
Person_5,happy,MYS_G000010_30042021_01_318_153168_153285_Sample_2531_153000_25.0.mp4,7
Person_5,happy,MYS_G000010_30042021_01_31_66583_66600_Sample_1089_66300_25.0.mp4,17
Person_5,happy,MYS_G000010_30042021_01_333_159121_159256_Sample_2623_159120_25.0.mp4,14
Person_5,happy,MYS_G000010_30042021_01_355_162156_162215_Sample_2689_162060_25.0.mp4,24
Person_5,happy,MYS_G000010_30042021_01_35_66951_67020_Sample_1101_66900_25.0.mp4,28
Person_5,happy,MYS_G000010_30042021_01_406_168636_168804_Sample_2816_168600_25.0.mp4,71
Person_5,happy,MYS_G000010_30042021_01_411_169020_169080_Sample_2831_169020_25.0.mp4,12
Person_5,happy,MYS_G000010_30042021_01_432_22195_22346_Sample_348_22020_25.0.mp4,74
Person_5,happy,MYS_G000010_30042021_01_437_22847_23340_Sample_355_22440_25.0.mp4,124
Person_5,happy,MYS_G000010_30042021_01_43_68101_68162_Sample_1121_68100_25.0.mp4,12
Person_5,happy,MYS_G000010_30042021_01_473_28604_28810_Sample_434_28140_25.0.mp4,96
Person_5,happy,MYS_G000010_30042021_01_474_29031_29251_Sample_434_28140_25.0.mp4,106
Person_5,happy,MYS_G000010_30042021_01_475_29573_29858_Sample_434_28140_25.0.mp4,71
Person_5,happy,MYS_G000010_30042021_01_476_29983_30114_Sample_434_28140_25.0.mp4,53
Person_5,happy,MYS_G000010_30042021_01_477_30168_30360_Sample_434_28140_25.0.mp4,55
Person_5,happy,MYS_G000010_30042021_01_495_31921_31990_Sample_490_31920_25.0.mp4,11
Person_5,happy,MYS_G000010_30042021_01_496_32058_32100_Sample_490_31920_25.0.mp4,31
Person_5,happy,MYS_G000010_30042021_01_498_32160_32231_Sample_495_32160_25.0.mp4,49
Person_5,happy,MYS_G000010_30042021_01_499_32328_32488_Sample_495_32160_25.0.mp4,107
Person_5,happy,MYS_G000010_30042021_01_503_32979_33017_Sample_511_32940_25.0.mp4,7
Person_5,happy,MYS_G000010_30042021_01_504_33095_33120_Sample_511_32940_25.0.mp4,25
Person_5,happy,MYS_G000010_30042021_01_507_33212_33300_Sample_515_33180_25.0.mp4,34
Person_5,happy,MYS_G000010_30042021_01_509_33562_33789_Sample_522_33540_25.0.mp4,48
Person_5,happy,MYS_G000010_30042021_01_514_34025_34160_Sample_530_34020_25.0.mp4,67
Person_5,happy,MYS_G000010_30042021_01_515_34218_34367_Sample_530_34020_25.0.mp4,39
Person_5,happy,MYS_G000010_30042021_01_524_35150_35246_Sample_546_35100_25.0.mp4,39
Person_5,happy,MYS_G000010_30042021_01_539_4070_4157_Sample_58_3840_25.0.mp4,17
Person_5,happy,MYS_G000010_30042021_01_540_37477_37582_Sample_581_37380_25.0.mp4,41
Person_5,happy,MYS_G000010_30042021_01_541_38174_38386_Sample_585_37680_25.0.mp4,71
Person_5,happy,MYS_G000010_30042021_01_542_38005_38091_Sample_585_37680_25.0.mp4,34
Person_5,happy,MYS_G000010_30042021_01_56_71613_71775_Sample_1182_71460_25.0.mp4,40
Person_5,happy,MYS_G000010_30042021_01_5_61770_61845_Sample_1009_61740_25.0.mp4,23
Person_5,happy,MYS_G000010_30042021_01_617_50935_51073_Sample_840_50880_25.0.mp4,20
Person_5,happy,MYS_G000010_30042021_01_620_51551_51593_Sample_853_51540_25.0.mp4,21
Person_5,happy,MYS_G000010_30042021_01_656_60840_60871_Sample_986_60840_25.0.mp4,4
Person_5,happy,MYS_G000010_30042021_01_73_80668_80760_Sample_1303_80580_25.0.mp4,67
Person_5,happy,MYS_G000010_30042021_01_79_84660_84767_Sample_1365_84660_25.0.mp4,18
Person_5,happy,MYS_G000010_30042021_01_95_91480_91533_Sample_1452_91440_25.0.mp4,29
Person_5,happy,MYS_G000011_05022021_03_25_14050_14136_Sample_168_13620_25.0.mp4,22
Person_5,happy,MYS_G000011_05022021_03_26_14241_14309_Sample_168_13620_25.0.mp4,27
Person_5,happy,MYS_G000011_05022021_03_42_17969_18004_Sample_210_17640_25.0.mp4,17
Person_5,happy,MYS_G000011_05022021_03_49_42781_42889_Sample_539_42360_25.0.mp4,14
Person_5,happy,MYS_G000011_05022021_03_50_43110_43166_Sample_539_42360_25.0.mp4,16
Person_5,happy,MYS_G000011_05022021_03_54_19801_19900_Sample_232_19800_25.0.mp4,20
Person_5,happy,MYS_G000011_05022021_03_85_30187_30196_Sample_379_30180_25.0.mp4,7
Person_5,happy,MYS_G000011_05022021_04_32_46789_46813_Sample_521_46740_25.0.mp4,4
Person_5,happy,MYS_G000011_05022021_04_46_36976_37038_Sample_394_36600_25.0.mp4,25
Person_5,happy,MYS_G000011_05022021_04_55_52157_52276_Sample_591_52020_25.0.mp4,49
Person_5,happy,MYS_G000011_05022021_04_56_52390_52471_Sample_591_52020_25.0.mp4,38
Person_5,happy,MYS_G000011_05022021_04_58_25097_25218_Sample_257_24540_25.0.mp4,39
Person_5,happy,MYS_G000011_05022021_05_104_370_388_Sample_239.mp4,11
Person_5,happy,MYS_G000011_05022021_05_13_381_474_Sample_120.mp4,24
Person_5,happy,MYS_G000011_05022021_05_15_942_1012_Sample_120.mp4,36
Person_5,happy,MYS_G000011_05022021_05_16_1047_1081_Sample_120.mp4,21
Person_5,happy,MYS_G000011_05022021_05_22_0_88_Sample_129.mp4,75
Person_5,happy,MYS_G000011_05022021_05_25_14_83_Sample_132.mp4,4
Person_5,happy,MYS_G000011_05022021_05_26_107_120_Sample_132.mp4,8
Person_5,happy,MYS_G000011_05022021_05_40_33_95_Sample_15.mp4,33
Person_5,happy,MYS_G000011_05022021_05_41_323_373_Sample_15.mp4,15
Person_5,happy,MYS_G000011_15022021_03_102_68_108_Sample_342.mp4,16
Person_5,happy,MYS_G000011_15022021_03_103_56_120_Sample_61.mp4,32
Person_5,happy,MYS_G000011_15022021_03_109_15_85_Sample_362.mp4,30
Person_5,happy,MYS_G000011_15022021_03_110_157_338_Sample_362.mp4,96
Person_5,happy,MYS_G000011_15022021_03_19_0_271_Sample_400.mp4,13
Person_5,happy,MYS_G000011_15022021_03_20_332_752_Sample_400.mp4,40
Person_5,happy,MYS_G000011_15022021_03_32_150_301_Sample_423.mp4,82
Person_5,happy,MYS_G000011_15022021_03_51_0_153_Sample_194.mp4,76
Person_5,happy,MYS_G000011_15022021_03_51_38_361_Sample_472.mp4,16
Person_5,happy,MYS_G000011_15022021_03_57_52_872_Sample_481.mp4,402
Person_5,happy,MYS_G000011_15022021_03_69_65_120_Sample_494.mp4,45
Person_5,happy,MYS_G000011_15022021_03_70_0_315_Sample_495.mp4,272
Person_5,happy,MYS_G000011_15022021_03_74_10_120_Sample_502.mp4,54
Person_5,happy,MYS_G000011_15022021_03_7_58_296_Sample_379.mp4,26
Person_5,happy,MYS_G000011_15022021_03_93_25_120_Sample_541.mp4,42
Person_5,happy,MYS_G000011_22012021_02_102_36298_36329_Sample_382_36180_25.0.mp4,11
Person_5,happy,MYS_G000011_22012021_02_104_36800_36869_Sample_390_36600_25.0.mp4,21
Person_5,happy,MYS_G000011_22012021_02_115_38581_38630_Sample_421_38580_25.0.mp4,9
Person_5,happy,MYS_G000011_22012021_02_116_38774_38897_Sample_421_38580_25.0.mp4,51
Person_5,happy,MYS_G000011_22012021_02_117_39198_39266_Sample_421_38580_25.0.mp4,33
Person_5,happy,MYS_G000011_22012021_02_35_44701_44807_Sample_493_44700_25.0.mp4,54
Person_5,happy,MYS_G000011_22012021_02_52_27720_27746_Sample_264_27720_25.0.mp4,5
Person_5,happy,MYS_G000011_22012021_02_53_27825_27840_Sample_264_27720_25.0.mp4,5
Person_5,happy,MYS_G000011_22012021_02_94_35461_35631_Sample_369_35460_25.0.mp4,37
Person_5,happy,MYS_G000011_22012021_02_98_35773_35786_Sample_375_35760_25.0.mp4,9
Person_5,happy,MYS_G000011_26022021_04_106_22_97_Sample_9.mp4,25
Person_5,happy,MYS_G000011_26022021_04_21_71_120_Sample_123.mp4,19
Person_5,happy,MYS_G000011_26022021_04_22_1_39_Sample_127.mp4,9
Person_5,happy,MYS_G000011_26022021_04_23_179_234_Sample_127.mp4,41
Person_5,happy,MYS_G000011_26022021_04_29_597_750_Sample_140.mp4,72
Person_5,happy,MYS_G000011_26022021_04_38_178_227_Sample_154.mp4,10
Person_5,happy,MYS_G000011_26022021_04_39_1220_1260_Sample_154.mp4,15
Person_5,happy,MYS_G000011_26022021_04_44_1_82_Sample_160.mp4,15
Person_5,happy,MYS_G000011_26022021_04_57_1280_1308_Sample_18.mp4,12
Person_5,happy,MYS_G000011_26022021_04_85_3_81_Sample_33.mp4,43
Person_5,happy,MYS_G000011_26022021_04_95_36_177_Sample_74.mp4,25
Person_5,happy,MYS_G000011_26022021_04_96_2_31_Sample_76.mp4,9
Person_5,happy,MYS_G000011_28012021_04_15_71_183_Sample_31.mp4,92
Person_5,happy,MYS_G000011_28012021_04_17_11_218_Sample_34.mp4,70
Person_5,happy,MYS_G000011_28012021_04_18_18_122_Sample_37.mp4,68
Person_54,happy,MYS_G000106_10072021_02_21_35299_35376_Sample_217_33060_25.0.mp4,10
Person_54,happy,MYS_G000106_10072021_02_28_36674_36775_Sample_237_36300_25.0.mp4,27
Person_54,happy,MYS_G000106_10072021_02_38_41426_41541_Sample_253_39780_25.0.mp4,46
Person_54,happy,MYS_G000106_10072021_02_39_42474_42592_Sample_253_39780_25.0.mp4,11
Person_54,happy,MYS_G000106_10072021_02_57_50280_50313_Sample_305_49500_25.0.mp4,18
Person_54,happy,MYS_G000106_10072021_02_58_51340_51477_Sample_311_51060_25.0.mp4,68
Person_54,happy,MYS_G000106_10072021_02_61_53598_53649_Sample_317_53580_25.0.mp4,12
Person_54,happy,MYS_G000106_10072021_02_75_2850_2978_Sample_5_120_25.0.mp4,59
Person_6,happy,MYS_G000010_05112021_02_20_13560_13637_Sample_132_13560_25.0.mp4,26
Person_6,happy,MYS_G000010_05112021_02_21_13659_13740_Sample_132_13560_25.0.mp4,36
Person_6,happy,MYS_G000010_05112021_02_24_1357_1560_Sample_22_1320_25.0.mp4,78
Person_6,happy,MYS_G000010_05112021_02_49_4500_4590_Sample_52_4500_25.0.mp4,23
Person_6,happy,MYS_G000010_05112021_02_50_5030_5143_Sample_52_4500_25.0.mp4,48
Person_6,happy,MYS_G000010_05112021_02_53_60_169_Sample_6_60_25.0.mp4,48
Person_6,happy,MYS_G000010_06082021_01_12_23848_23940_Sample_350_23520_25.0.mp4,62
Person_6,happy,MYS_G000010_06082021_01_15_4498_4579_Sample_58_4440_25.0.mp4,28
Person_6,happy,MYS_G000010_06082021_01_16_24339_24409_Sample_359_24180_25.0.mp4,18
Person_6,happy,MYS_G000010_06082021_01_17_24732_24840_Sample_359_24180_25.0.mp4,39
Person_6,happy,MYS_G000010_06082021_01_26_8427_8461_Sample_126_8400_25.0.mp4,15
Person_6,happy,MYS_G000010_06082021_01_27_26123_26195_Sample_393_26040_25.0.mp4,45
Person_6,happy,MYS_G000010_06082021_01_27_8625_8690_Sample_126_8400_25.0.mp4,18
Person_6,happy,MYS_G000010_06082021_01_28_18797_18881_Sample_283_18780_25.0.mp4,39
Person_6,happy,MYS_G000010_06082021_01_29_26469_26700_Sample_397_26400_25.0.mp4,70
Person_6,happy,MYS_G000010_06082021_01_35_27361_27452_Sample_413_27360_25.0.mp4,73
Person_6,happy,MYS_G000010_06082021_01_39_27841_27957_Sample_423_27840_25.0.mp4,18
Person_6,happy,MYS_G000010_06082021_01_41_20700_20820_Sample_308_20700_25.0.mp4,60
Person_6,happy,MYS_G000010_06082021_01_4_22568_22620_Sample_332_22020_25.0.mp4,27
Person_6,happy,MYS_G000010_06082021_01_4_7959_8000_Sample_117_7920_25.0.mp4,13
Person_6,happy,MYS_G000010_06082021_01_53_5040_5220_Sample_68_5040_25.0.mp4,90
Person_6,happy,MYS_G000010_06082021_01_65_13200_13253_Sample_197_13200_25.0.mp4,12
Person_6,happy,MYS_G000010_06082021_01_66_13596_13688_Sample_197_13200_25.0.mp4,33
Person_6,happy,MYS_G000010_06082021_01_70_6982_7087_Sample_96_6480_25.0.mp4,59
Person_6,happy,MYS_G000010_06082021_01_71_7116_7255_Sample_96_6480_25.0.mp4,64
Person_6,happy,MYS_G000010_09072021_01_11_88680_88980_Sample_1215_88680_25.0.mp4,150
Person_6,happy,MYS_G000010_09072021_01_136_1868_1920_Sample_19_1740_25.0.mp4,30
Person_6,happy,MYS_G000010_09072021_01_183_21546_21668_Sample_290_21480_25.0.mp4,51
Person_6,happy,MYS_G000010_09072021_01_19_89160_89847_Sample_1221_89100_25.0.mp4,26
Person_6,happy,MYS_G000010_09072021_01_20_89296_89512_Sample_1221_89100_25.0.mp4,160
Person_6,happy,MYS_G000010_09072021_01_223_25989_26203_Sample_366_25980_25.0.mp4,19
Person_6,happy,MYS_G000010_09072021_01_237_26925_26990_Sample_380_26880_25.0.mp4,30
Person_6,happy,MYS_G000010_09072021_01_243_27806_28020_Sample_396_27780_25.0.mp4,30
Person_6,happy,MYS_G000010_09072021_01_260_28562_28671_Sample_414_28560_25.0.mp4,42
Person_6,happy,MYS_G000010_09072021_01_36_78934_79020_Sample_1054_78840_25.0.mp4,23
Person_6,happy,MYS_G000010_09072021_01_396_48545_48581_Sample_717_48540_25.0.mp4,3
Person_6,happy,MYS_G000010_09072021_01_39_79658_79691_Sample_1066_79620_25.0.mp4,14
Person_6,happy,MYS_G000010_09072021_01_406_49501_49797_Sample_731_49500_25.0.mp4,19
Person_6,happy,MYS_G000010_09072021_01_487_66150_66240_Sample_818_66060_25.0.mp4,49
Person_6,happy,MYS_G000010_09072021_01_490_66300_66480_Sample_822_66300_25.0.mp4,90
Person_6,happy,MYS_G000010_09072021_01_505_67573_67740_Sample_847_67560_25.0.mp4,26
Person_6,happy,MYS_G000010_09072021_01_509_67860_67980_Sample_852_67860_25.0.mp4,60
Person_6,happy,MYS_G000010_09072021_01_517_69442_69503_Sample_875_69420_25.0.mp4,24
Person_6,happy,MYS_G000010_09072021_01_519_69634_69707_Sample_879_69600_25.0.mp4,22
Person_6,happy,MYS_G000010_09072021_01_547_70959_71059_Sample_912_70800_25.0.mp4,44
Person_6,happy,MYS_G000010_09072021_01_54_81945_81968_Sample_1101_81900_25.0.mp4,12
Person_6,happy,MYS_G000010_09072021_01_559_74345_74400_Sample_970_74040_25.0.mp4,29
Person_6,happy,MYS_G000010_09072021_01_564_75000_75180_Sample_988_75000_25.0.mp4,90
Person_6,happy,MYS_G000010_09072021_01_5_76618_76702_Sample_1017_76560_25.0.mp4,19
Person_6,happy,MYS_G000010_09072021_01_60_83123_83153_Sample_1116_82740_25.0.mp4,6
Person_6,happy,MYS_G000010_09072021_01_77_84360_84403_Sample_1140_84360_25.0.mp4,22
Person_6,happy,MYS_G000010_09072021_01_79_84601_84617_Sample_1145_84600_25.0.mp4,4
Person_6,happy,MYS_G000010_09072021_01_87_85577_85618_Sample_1160_85440_25.0.mp4,19
Person_6,happy,MYS_G000010_09072021_01_88_85733_85756_Sample_1160_85440_25.0.mp4,10
Person_6,happy,MYS_G000010_13082021_03_122_5640_5722_Sample_89_5640_25.0.mp4,25
Person_6,happy,MYS_G000010_13082021_03_123_6272_6357_Sample_97_6240_25.0.mp4,23
Person_6,happy,MYS_G000010_13082021_03_15_9780_10437_Sample_153_9780_25.0.mp4,321
Person_6,happy,MYS_G000010_13082021_03_1_6478_6702_Sample_100_6420_25.0.mp4,102
Person_6,happy,MYS_G000010_13082021_03_21_11748_11924_Sample_178_11520_25.0.mp4,80
Person_6,happy,MYS_G000010_13082021_03_36_1407_1620_Sample_20_1320_25.0.mp4,83
Person_6,happy,MYS_G000010_13082021_03_5_629_678_Sample_11_600_25.0.mp4,11
Person_6,happy,MYS_G000010_13082021_03_70_22845_22898_Sample_347_22800_25.0.mp4,15
Person_6,happy,MYS_G000010_13082021_03_74_2493_2580_Sample_36_2460_25.0.mp4,26
Person_6,happy,MYS_G000010_13082021_03_76_2732_2760_Sample_37_2640_25.0.mp4,17
Person_6,happy,MYS_G000010_13082021_03_86_27999_28142_Sample_418_27600_25.0.mp4,30
Person_6,happy,MYS_G000010_16072021_01_143_41330_41457_Sample_475_41160_25.0.mp4,81
Person_6,happy,MYS_G000010_16072021_01_16_8467_8584_Sample_136_8280_25.0.mp4,29
Person_6,happy,MYS_G000010_16072021_01_183_46560_46730_Sample_553_46560_25.0.mp4,67
Person_6,happy,MYS_G000010_16072021_01_192_48094_48180_Sample_572_48060_25.0.mp4,85
Person_6,happy,MYS_G000010_16072021_01_203_49426_49440_Sample_593_49200_25.0.mp4,12
Person_6,happy,MYS_G000010_16072021_01_210_49799_49980_Sample_603_49740_25.0.mp4,136
Person_6,happy,MYS_G000010_16072021_01_212_50492_50574_Sample_610_50220_25.0.mp4,35
Person_6,happy,MYS_G000010_16072021_01_218_50978_51045_Sample_625_50940_25.0.mp4,24
Person_6,happy,MYS_G000010_16072021_01_225_51742_51974_Sample_637_51720_25.0.mp4,86
Person_6,happy,MYS_G000010_16072021_01_232_52884_52980_Sample_648_52860_25.0.mp4,16
Person_6,happy,MYS_G000010_16072021_01_256_55163_55267_Sample_682_55140_25.0.mp4,25
Person_6,happy,MYS_G000010_16072021_01_273_63023_63256_Sample_711_62940_25.0.mp4,89
Person_6,happy,MYS_G000010_16072021_01_284_64481_64532_Sample_739_64440_25.0.mp4,11
Person_6,happy,MYS_G000010_16072021_01_43_22320_22437_Sample_246_22320_25.0.mp4,86
Person_6,happy,MYS_G000010_16072021_01_55_24120_24278_Sample_273_24120_25.0.mp4,12
Person_6,happy,MYS_G000010_16072021_01_58_24420_24657_Sample_276_24420_25.0.mp4,69
Person_6,happy,MYS_G000010_16072021_01_59_24720_24837_Sample_279_24720_25.0.mp4,71
Person_6,happy,MYS_G000010_16072021_01_97_33240_33287_Sample_374_33240_25.0.mp4,17
Person_6,happy,MYS_G000010_16072021_02_114_40291_40349_Sample_432_40260_25.0.mp4,21
Person_6,happy,MYS_G000010_16072021_02_124_41954_42000_Sample_453_41760_25.0.mp4,25
Person_6,happy,MYS_G000010_16072021_02_133_43200_43370_Sample_471_43200_25.0.mp4,8
Person_6,happy,MYS_G000010_16072021_02_135_43440_43560_Sample_475_43440_25.0.mp4,9
Person_6,happy,MYS_G000010_16072021_02_140_44521_44579_Sample_492_44520_25.0.mp4,29
Person_6,happy,MYS_G000010_16072021_02_156_46695_46809_Sample_527_46680_25.0.mp4,52
Person_6,happy,MYS_G000010_16072021_02_158_47102_47211_Sample_532_47100_25.0.mp4,20
Person_6,happy,MYS_G000010_16072021_02_162_48113_48537_Sample_535_47820_25.0.mp4,269
Person_6,happy,MYS_G000010_16072021_02_172_49200_49380_Sample_554_49200_25.0.mp4,112
Person_6,happy,MYS_G000010_16072021_02_174_49953_50078_Sample_564_49920_25.0.mp4,29
Person_6,happy,MYS_G000010_16072021_02_186_52380_52500_Sample_609_52380_25.0.mp4,24
Person_6,happy,MYS_G000010_16072021_02_193_53623_53760_Sample_652_53580_25.0.mp4,72
Person_6,happy,MYS_G000010_16072021_02_194_53820_54067_Sample_656_53820_25.0.mp4,108
Person_6,happy,MYS_G000010_16072021_02_201_54720_54895_Sample_676_54720_25.0.mp4,68
Person_6,happy,MYS_G000010_16072021_02_216_56425_56577_Sample_709_56400_25.0.mp4,96
Person_6,happy,MYS_G000010_16072021_02_219_56901_56940_Sample_714_56820_25.0.mp4,20
Person_6,happy,MYS_G000010_16072021_02_222_57090_57297_Sample_717_57060_25.0.mp4,15
Person_6,happy,MYS_G000010_16072021_02_223_57420_57814_Sample_719_57420_25.0.mp4,299
Person_6,happy,MYS_G000010_16072021_02_29_25834_25920_Sample_199_25800_25.0.mp4,42
Person_6,happy,MYS_G000010_16072021_02_31_25980_26062_Sample_201_25980_25.0.mp4,56
Person_6,happy,MYS_G000010_16072021_02_38_26460_26580_Sample_212_26460_25.0.mp4,78
Person_6,happy,MYS_G000010_16072021_02_48_29054_29147_Sample_249_28380_25.0.mp4,13
Person_6,happy,MYS_G000010_16072021_02_49_29297_29937_Sample_249_28380_25.0.mp4,118
Person_6,happy,MYS_G000010_16072021_02_55_30187_30486_Sample_279_30180_25.0.mp4,226
Person_6,happy,MYS_G000010_16072021_02_66_31740_31766_Sample_308_31740_25.0.mp4,11
Person_6,happy,MYS_G000010_16072021_02_72_32374_32517_Sample_319_32340_25.0.mp4,50
Person_6,happy,MYS_G000010_16072021_02_76_32700_33515_Sample_323_32700_25.0.mp4,209
Person_6,happy,MYS_G000010_16072021_02_77_34075_34232_Sample_323_32700_25.0.mp4,83
Person_6,happy,MYS_G000010_16072021_02_88_34560_34624_Sample_346_34560_25.0.mp4,11
Person_6,happy,MYS_G000010_20082021_01_103_18252_18275_Sample_328_18240_25.0.mp4,9
Person_6,happy,MYS_G000010_20082021_01_107_18839_18979_Sample_332_18540_25.0.mp4,56
Person_6,happy,MYS_G000010_20082021_01_108_19046_19295_Sample_332_18540_25.0.mp4,87
Person_6,happy,MYS_G000010_20082021_01_109_19299_19446_Sample_332_18540_25.0.mp4,66
Person_6,happy,MYS_G000010_20082021_01_110_19446_19531_Sample_332_18540_25.0.mp4,46
Person_6,happy,MYS_G000010_20082021_01_111_19539_19559_Sample_332_18540_25.0.mp4,14
Person_6,happy,MYS_G000010_20082021_01_171_2760_2826_Sample_48_2760_25.0.mp4,6
Person_6,happy,MYS_G000010_20082021_01_2_5959_6060_Sample_102_5940_25.0.mp4,48
Person_61,happy,MYS_G000120_24072021_131_4115_4164_Sample_33_3480_25.0.mp4,11
Person_61,happy,MYS_G000120_24072021_136_7786_7834_Sample_69_7740_25.0.mp4,24
Person_61,happy,MYS_G000120_24072021_22_4839_4897_Sample_40_4800_25.0.mp4,24
Person_61,happy,MYS_G000120_24072021_24_47725_47825_Sample_412_47460_25.0.mp4,17
Person_61,happy,MYS_G000120_24072021_27_48139_48207_Sample_415_47940_25.0.mp4,20
Person_61,happy,MYS_G000120_24072021_29_48320_48374_Sample_417_48300_25.0.mp4,21
Person_61,happy,MYS_G000120_24072021_57_1946_2001_Sample_18_1920_25.0.mp4,24
Person_61,happy,MYS_G000120_24072021_61_82307_82329_Sample_538_82260_25.0.mp4,12
Person_61,happy,MYS_G000120_24072021_6_11766_11841_Sample_106_11640_25.0.mp4,24
Person_61,happy,MYS_G000120_24072021_80_25161_25221_Sample_225_24960_25.0.mp4,16
Person_61,happy,MYS_G000120_24072021_84_25563_25649_Sample_233_25560_25.0.mp4,10
Person_62,happy,MYS_G000010_12032021_01_64_6258_6308_Sample_38_6240_25.0.mp4,9
Person_62,happy,MYS_G000010_12032021_01_7_2640_2657_Sample_14_2640_25.0.mp4,3
Person_62,happy,MYS_G000010_12032021_01_8_2663_2911_Sample_14_2640_25.0.mp4,51
Person_62,happy,MYS_G000011_15022021_01_37_37_74_Sample_148.mp4,23
Person_62,happy,MYS_G000011_15022021_01_58_0_86_Sample_193.mp4,20
Person_62,happy,MYS_G000011_15022021_02_13_18_67_Sample_387.mp4,19
Person_62,happy,MYS_G000011_15022021_02_14_78_120_Sample_387.mp4,14
Person_62,happy,MYS_G000011_15022021_02_20_244_297_Sample_176.mp4,15
Person_62,happy,MYS_G000011_15022021_02_21_315_357_Sample_176.mp4,19
Person_62,happy,MYS_G000011_15022021_02_21_38_93_Sample_401.mp4,19
Person_62,happy,MYS_G000011_15022021_02_27_505_632_Sample_189.mp4,90
Person_62,happy,MYS_G000011_15022021_02_49_1_29_Sample_252.mp4,11
Person_62,happy,MYS_G000011_15022021_02_54_4_33_Sample_267.mp4,7
Person_62,happy,MYS_G000011_15022021_02_5_20_125_Sample_129.mp4,36
Person_62,happy,MYS_G000011_15022021_02_6_403_420_Sample_129.mp4,11
Person_62,happy,MYS_G000011_15022021_02_7_2_21_Sample_135.mp4,8
Person_62,happy,MYS_G000011_15022021_02_81_337_463_Sample_97.mp4,27
Person_62,happy,MYS_G000011_15022021_02_82_485_557_Sample_97.mp4,35
Person_62,happy,MYS_G000011_15022021_02_85_997_1080_Sample_97.mp4,57
Person_62,happy,MYS_G000011_15022021_03_106_201_240_Sample_354.mp4,20
Person_62,happy,MYS_G000011_15022021_03_108_119_180_Sample_359.mp4,36
Person_62,happy,MYS_G000011_15022021_03_10_0_104_Sample_384.mp4,39
Person_62,happy,MYS_G000011_15022021_03_11_46_286_Sample_387.mp4,31
Person_62,happy,MYS_G000011_15022021_03_21_110_158_Sample_404.mp4,16
Person_62,happy,MYS_G000011_15022021_03_35_0_115_Sample_429.mp4,60
Person_62,happy,MYS_G000011_15022021_03_38_0_21_Sample_438.mp4,4
Person_62,happy,MYS_G000011_15022021_03_3_172_285_Sample_374.mp4,40
Person_62,happy,MYS_G000011_15022021_03_41_111_540_Sample_444.mp4,96
Person_62,happy,MYS_G000011_15022021_03_48_32_88_Sample_469.mp4,10
Person_62,happy,MYS_G000011_15022021_03_50_146_180_Sample_193.mp4,29
Person_62,happy,MYS_G000011_15022021_03_58_20_71_Sample_482.mp4,34
Person_62,happy,MYS_G000011_15022021_03_59_111_218_Sample_482.mp4,47
Person_62,happy,MYS_G000011_15022021_03_60_466_785_Sample_482.mp4,20
Person_62,happy,MYS_G000011_15022021_03_67_278_374_Sample_491.mp4,31
Person_62,happy,MYS_G000011_15022021_03_78_484_511_Sample_277.mp4,9
Person_62,happy,MYS_G000011_15022021_03_85_150_181_Sample_529.mp4,31
Person_62,happy,MYS_G000011_15022021_03_95_150_247_Sample_552.mp4,40
Person_62,happy,MYS_G000011_15022021_04_19_307_720_Sample_141.mp4,289
Person_62,happy,MYS_G000011_15022021_04_20_0_257_Sample_146.mp4,19
Person_62,happy,MYS_G000011_22012021_02_10_40299_40418_Sample_448_40260_25.0.mp4,90
Person_62,happy,MYS_G000011_22012021_02_111_37710_37780_Sample_408_37680_25.0.mp4,24
Person_62,happy,MYS_G000011_22012021_02_112_37888_37951_Sample_408_37680_25.0.mp4,35
Person_62,happy,MYS_G000011_22012021_02_113_37961_38069_Sample_408_37680_25.0.mp4,12
Person_62,happy,MYS_G000011_22012021_02_114_38075_38100_Sample_408_37680_25.0.mp4,10
Person_62,happy,MYS_G000011_22012021_02_11_40717_40895_Sample_448_40260_25.0.mp4,44
Person_62,happy,MYS_G000011_22012021_02_13_41195_41311_Sample_448_40260_25.0.mp4,68
Person_62,happy,MYS_G000011_22012021_02_14_41324_41340_Sample_448_40260_25.0.mp4,9
Person_62,happy,MYS_G000011_22012021_02_18_1621_1645_Sample_16_1620_25.0.mp4,14
Person_62,happy,MYS_G000011_22012021_02_19_1777_1860_Sample_16_1620_25.0.mp4,28
Person_62,happy,MYS_G000011_22012021_02_1_38648_38729_Sample_422_38640_25.0.mp4,37
Person_62,happy,MYS_G000011_22012021_02_22_41669_41842_Sample_461_41520_25.0.mp4,117
Person_62,happy,MYS_G000011_22012021_02_29_42878_42933_Sample_472_42840_25.0.mp4,42
Person_62,happy,MYS_G000011_22012021_02_35_2085_2202_Sample_20_1980_25.0.mp4,16
Person_62,happy,MYS_G000011_22012021_02_57_48539_48648_Sample_531_48360_25.0.mp4,27
Person_62,happy,MYS_G000011_22012021_02_58_48672_48827_Sample_531_48360_25.0.mp4,57
Person_62,happy,MYS_G000011_22012021_02_65_49978_50008_Sample_544_49740_25.0.mp4,13
Person_62,happy,MYS_G000011_22012021_02_66_30302_30358_Sample_290_30300_25.0.mp4,43
Person_62,happy,MYS_G000011_22012021_02_68_30861_30914_Sample_297_30840_25.0.mp4,21
Person_62,happy,MYS_G000011_22012021_02_69_31165_31208_Sample_297_30840_25.0.mp4,12
Person_62,happy,MYS_G000011_22012021_02_75_31634_31680_Sample_312_31560_25.0.mp4,16
Person_62,happy,MYS_G000011_22012021_02_84_5841_5990_Sample_66_5640_25.0.mp4,31
Person_63,happy,MYS_G000011_05022021_04_61_7279_7320_Sample_59_6180_25.0.mp4,33
Person_63,happy,MYS_G000011_15022021_03_40_241_350_Sample_441.mp4,23
Person_7,happy,MYS_G000010_02042021_01_185_56574_56700_Sample_678_55740_25.0.mp4,22
Person_7,happy,MYS_G000010_02042021_01_6_10035_10079_Sample_112_9720_25.0.mp4,24
Person_7,happy,MYS_G000010_02042021_01_73_29081_29145_Sample_327_28860_25.0.mp4,14
Person_7,happy,MYS_G000010_02042021_01_9_11062_11160_Sample_119_10440_25.0.mp4,52
Person_7,happy,MYS_G000010_02042021_02_143_31600_31789_Sample_406_31560_25.0.mp4,29
Person_7,happy,MYS_G000010_02042021_03_62_28109_28173_Sample_373_28080_25.0.mp4,23
Person_7,happy,MYS_G000010_02042021_03_63_28313_28539_Sample_373_28080_25.0.mp4,54
Person_7,happy,MYS_G000010_02042021_04_33_14616_14649_Sample_215_13620_25.0.mp4,18
Person_7,happy,MYS_G000010_02042021_04_46_16431_16515_Sample_243_16140_25.0.mp4,41
Person_7,happy,MYS_G000010_02042021_04_4_7080_7152_Sample_107_7080_25.0.mp4,22
Person_7,happy,MYS_G000010_09042021_01_38_12502_12540_Sample_166_12300_25.0.mp4,21
Person_7,happy,MYS_G000010_09042021_04_21_15840_15960_Sample_206_15840_25.0.mp4,23
Person_7,happy,MYS_G000010_09042021_04_59_22655_22900_Sample_277_22620_25.0.mp4,33
Person_7,happy,MYS_G000010_09042021_04_78_2532_2581_Sample_34_2520_25.0.mp4,27
Person_7,happy,MYS_G000010_09072021_01_149_15886_16020_Sample_220_15840_25.0.mp4,50
Person_7,happy,MYS_G000010_09072021_01_166_19381_19500_Sample_258_19320_25.0.mp4,56
Person_7,happy,MYS_G000010_09072021_01_256_3130_3217_Sample_40_3120_25.0.mp4,16
Person_7,happy,MYS_G000010_09072021_01_419_56644_56727_Sample_755_56640_25.0.mp4,32
Person_7,happy,MYS_G000010_09072021_01_439_58600_58740_Sample_777_58080_25.0.mp4,55
Person_7,happy,MYS_G000010_09072021_01_442_59193_59271_Sample_781_59160_25.0.mp4,42
Person_7,happy,MYS_G000010_09072021_01_443_59468_59668_Sample_781_59160_25.0.mp4,29
Person_7,happy,MYS_G000010_09072021_01_444_59656_59777_Sample_781_59160_25.0.mp4,53
Person_7,happy,MYS_G000010_09072021_01_445_59907_60092_Sample_781_59160_25.0.mp4,87
Person_7,happy,MYS_G000010_09072021_01_446_60235_60512_Sample_781_59160_25.0.mp4,59
Person_7,happy,MYS_G000010_09072021_01_447_60418_60635_Sample_781_59160_25.0.mp4,195
Person_7,happy,MYS_G000010_09072021_01_451_61195_61413_Sample_785_60840_25.0.mp4,47
Person_7,happy,MYS_G000010_09072021_01_460_61863_61980_Sample_791_61560_25.0.mp4,89
Person_7,happy,MYS_G000010_09072021_01_464_62516_62834_Sample_793_62160_25.0.mp4,56
Person_7,happy,MYS_G000010_09072021_01_465_62848_62983_Sample_793_62160_25.0.mp4,35
Person_7,happy,MYS_G000010_09072021_01_466_63164_63300_Sample_793_62160_25.0.mp4,57
Person_7,happy,MYS_G000010_09072021_01_481_63360_63403_Sample_798_63360_25.0.mp4,14
Person_7,happy,MYS_G000010_09072021_01_482_63750_63943_Sample_798_63360_25.0.mp4,84
Person_7,happy,MYS_G000010_09072021_01_483_63952_64163_Sample_798_63360_25.0.mp4,60
Person_7,happy,MYS_G000010_09072021_01_545_70843_71053_Sample_911_70740_25.0.mp4,93
Person_7,happy,MYS_G000010_13082021_03_43_15201_15251_Sample_232_15060_25.0.mp4,16
Person_7,happy,MYS_G000010_16072021_02_100_37560_37790_Sample_392_37560_25.0.mp4,141
Person_7,happy,MYS_G000010_16072021_02_137_43622_43785_Sample_477_43560_25.0.mp4,29
Person_7,happy,MYS_G000010_16072021_02_142_45099_45180_Sample_495_44760_25.0.mp4,64
Person_7,happy,MYS_G000010_16072021_02_64_31580_31647_Sample_302_31440_25.0.mp4,28
Person_7,happy,MYS_G000010_16072021_02_83_33616_33710_Sample_333_33600_25.0.mp4,31
Person_7,happy,MYS_G000010_20082021_01_122_22811_22856_Sample_394_22200_25.0.mp4,21
Person_7,happy,MYS_G000010_20082021_01_123_22959_22978_Sample_394_22200_25.0.mp4,8
Person_7,happy,MYS_G000010_20082021_01_124_23115_23150_Sample_394_22200_25.0.mp4,14
Person_7,happy,MYS_G000010_20082021_01_146_27822_27884_Sample_447_27780_25.0.mp4,23
Person_7,happy,MYS_G000010_20082021_01_152_29859_29908_Sample_458_29040_25.0.mp4,24
Person_7,happy,MYS_G000010_20082021_01_179_46191_46272_Sample_558_45660_25.0.mp4,39
Person_7,happy,MYS_G000010_20082021_01_180_46289_46364_Sample_558_45660_25.0.mp4,17
Person_7,happy,MYS_G000010_20082021_01_20_9216_9274_Sample_150_8220_25.0.mp4,20
Person_7,happy,MYS_G000010_20082021_02_103_11930_12049_Sample_92_11820_25.0.mp4,19
Person_7,happy,MYS_G000010_20082021_02_11_17536_17640_Sample_128_17460_25.0.mp4,38
Person_7,happy,MYS_G000010_20082021_02_15_19113_19189_Sample_136_18780_25.0.mp4,18
Person_7,happy,MYS_G000010_20082021_02_17_1616_1660_Sample_13_1440_25.0.mp4,21
Person_7,happy,MYS_G000010_20082021_02_34_26760_26833_Sample_193_26760_25.0.mp4,10
Person_7,happy,MYS_G000010_20082021_02_35_27023_27060_Sample_193_26760_25.0.mp4,35
Person_7,happy,MYS_G000010_20082021_02_36_27370_27541_Sample_199_27300_25.0.mp4,46
Person_7,happy,MYS_G000010_20082021_02_46_31353_31444_Sample_231_31200_25.0.mp4,28
Person_7,happy,MYS_G000010_20082021_02_65_40279_40380_Sample_297_40260_25.0.mp4,31
Person_7,happy,MYS_G000010_20082021_02_73_43354_43440_Sample_314_43200_25.0.mp4,36
Person_7,happy,MYS_G000010_20082021_02_76_44176_44220_Sample_324_44100_25.0.mp4,17
Person_7,happy,MYS_G000010_20082021_02_78_44268_44349_Sample_326_44220_25.0.mp4,16
Person_7,happy,MYS_G000010_20082021_02_7_15887_15960_Sample_118_15840_25.0.mp4,30
Person_7,happy,MYS_G000010_20082021_02_89_8731_8865_Sample_57_7560_25.0.mp4,33
Person_7,happy,MYS_G000010_20082021_02_90_8958_9100_Sample_57_7560_25.0.mp4,15
Person_7,happy,MYS_G000010_20082021_02_94_9180_9258_Sample_69_9180_25.0.mp4,40
Person_7,happy,MYS_G000010_20082021_02_9_16200_16445_Sample_122_16200_25.0.mp4,25
Person_7,happy,MYS_G000010_21052021_01_128_46786_46831_Sample_555_46620_25.0.mp4,16
Person_7,happy,MYS_G000010_21052021_01_153_50308_50362_Sample_604_50280_25.0.mp4,28
Person_7,happy,MYS_G000010_21052021_01_16_12434_12480_Sample_141_12300_25.0.mp4,25
Person_7,happy,MYS_G000010_21052021_01_20_13474_13545_Sample_154_13380_25.0.mp4,28
Person_7,happy,MYS_G000010_21052021_01_23_14648_14678_Sample_171_14640_25.0.mp4,7
Person_7,happy,MYS_G000010_21052021_01_43_18850_18900_Sample_235_18660_25.0.mp4,13
Person_7,happy,MYS_G000010_21052021_01_47_19096_19153_Sample_245_19080_25.0.mp4,28
Person_7,happy,MYS_G000010_21052021_01_97_32160_32201_Sample_412_32160_25.0.mp4,20
Person_7,happy,MYS_G000010_21052021_02_163_49473_49559_Sample_711_49380_25.0.mp4,52
Person_7,happy,MYS_G000010_21052021_02_164_49587_49697_Sample_711_49380_25.0.mp4,26
Person_7,happy,MYS_G000010_21052021_02_219_62493_62728_Sample_925_62100_25.0.mp4,29
Person_7,happy,MYS_G000010_21052021_02_221_62281_62349_Sample_928_62280_25.0.mp4,23
Person_7,happy,MYS_G000010_21052021_02_31_71412_71594_Sample_1068_71160_25.0.mp4,39
Person_7,happy,MYS_G000010_21052021_02_55_14078_14131_Sample_169_14040_25.0.mp4,23
Person_7,happy,MYS_G000010_21052021_02_76_20280_20353_Sample_260_20280_25.0.mp4,16
Person_7,happy,MYS_G000010_21052021_02_77_20398_20778_Sample_260_20280_25.0.mp4,255
Person_7,happy,MYS_G000010_23042021_01_147_40033_40330_Sample_545_40020_25.0.mp4,22
Person_7,happy,MYS_G000010_23042021_01_148_40413_40608_Sample_545_40020_25.0.mp4,44
Person_7,happy,MYS_G000010_23042021_01_152_40920_40970_Sample_559_40920_25.0.mp4,3
Person_7,happy,MYS_G000010_23042021_01_153_41090_41280_Sample_559_40920_25.0.mp4,108
Person_7,happy,MYS_G000010_23042021_01_179_46210_46320_Sample_651_45960_25.0.mp4,40
Person_7,happy,MYS_G000010_23042021_01_193_48089_48189_Sample_690_48060_25.0.mp4,19
Person_7,happy,MYS_G000010_23042021_01_197_48660_48780_Sample_697_48660_25.0.mp4,25
Person_7,happy,MYS_G000010_23042021_01_199_4020_4148_Sample_70_4020_25.0.mp4,13
Person_7,happy,MYS_G000010_23042021_01_200_48840_48960_Sample_701_48840_25.0.mp4,18
Person_7,happy,MYS_G000010_23042021_01_209_50160_50313_Sample_727_50160_25.0.mp4,28
Person_7,happy,MYS_G000010_23042021_01_26_9770_9780_Sample_150_9660_25.0.mp4,5
Person_7,happy,MYS_G000010_23042021_01_29_878_1080_Sample_16_660_25.0.mp4,37
Person_7,happy,MYS_G000010_23042021_01_2_6451_6493_Sample_106_6420_25.0.mp4,12
Person_7,happy,MYS_G000010_23042021_01_31_10680_10747_Sample_167_10680_25.0.mp4,56
Person_7,happy,MYS_G000010_23042021_01_38_11460_11531_Sample_176_11460_25.0.mp4,40
Person_7,happy,MYS_G000010_23042021_01_50_1246_1329_Sample_26_1200_25.0.mp4,21
Person_7,happy,MYS_G000010_23042021_01_51_1768_1823_Sample_26_1200_25.0.mp4,16
Person_7,happy,MYS_G000010_23042021_01_54_19741_19783_Sample_269_19740_25.0.mp4,15
Person_7,happy,MYS_G000010_23042021_01_71_25101_25213_Sample_336_24960_25.0.mp4,27
Person_7,happy,MYS_G000010_23042021_01_7_7470_7525_Sample_117_7260_25.0.mp4,23
Person_7,happy,MYS_G000010_23042021_01_80_26680_26700_Sample_357_26580_25.0.mp4,14
Person_7,happy,MYS_G000010_23042021_01_81_26700_26859_Sample_359_26700_25.0.mp4,14
Person_7,happy,MYS_G000010_23042021_01_82_26900_26980_Sample_359_26700_25.0.mp4,42
Person_7,happy,MYS_G000010_23042021_01_83_26968_27020_Sample_359_26700_25.0.mp4,29
Person_7,happy,MYS_G000010_23042021_01_84_27125_27238_Sample_359_26700_25.0.mp4,36
Person_7,happy,MYS_G000010_23042021_01_89_27693_27736_Sample_372_27540_25.0.mp4,18
Person_7,happy,MYS_G000010_23042021_01_90_27871_27998_Sample_372_27540_25.0.mp4,48
Person_7,happy,MYS_G000010_23042021_01_93_29384_29525_Sample_385_28980_25.0.mp4,56
Person_7,happy,MYS_G000010_23042021_01_94_29581_29640_Sample_385_28980_25.0.mp4,30
Person_7,happy,MYS_G000010_23042021_02_23_9840_9901_Sample_153_9840_25.0.mp4,21
Person_7,happy,MYS_G000010_23042021_02_53_15340_15480_Sample_242_15300_25.0.mp4,37
Person_7,happy,MYS_G000010_23042021_03_102_44803_44820_Sample_687_44520_25.0.mp4,14
Person_7,happy,MYS_G000010_23042021_03_2_5708_5751_Sample_100_5640_25.0.mp4,19
Person_7,happy,MYS_G000010_23042021_03_40_14677_14741_Sample_259_14580_25.0.mp4,26
Person_7,happy,MYS_G000010_23042021_03_44_15120_15186_Sample_268_15120_25.0.mp4,39
Person_7,happy,MYS_G000010_23042021_03_61_19985_20019_Sample_352_19980_25.0.mp4,15
Person_7,happy,MYS_G000010_23042021_03_65_21548_21604_Sample_381_21540_25.0.mp4,22
Person_7,happy,MYS_G000010_23042021_03_66_21814_21880_Sample_384_21720_25.0.mp4,26
Person_7,happy,MYS_G000010_23042021_03_91_42720_42749_Sample_660_42720_25.0.mp4,12
Person_7,happy,MYS_G000010_23072021_01_109_27841_27891_Sample_215_27840_25.0.mp4,26
Person_7,happy,MYS_G000010_23072021_01_110_27918_27970_Sample_215_27840_25.0.mp4,25
Person_7,happy,MYS_G000010_23072021_01_115_28391_28433_Sample_221_28260_25.0.mp4,29
Person_7,happy,MYS_G000010_23072021_03_3_4320_4440_Sample_14_4320_25.0.mp4,60
Person_7,happy,MYS_G000010_23072021_05_3_7522_7569_Sample_106_7500_25.0.mp4,22
Person_7,happy,MYS_G000010_23072021_05_84_7240_7292_Sample_99_7140_25.0.mp4,14
Person_7,happy,MYS_G000010_27082021_01_101_19240_19290_Sample_186_19080_25.0.mp4,21
Person_7,happy,MYS_G000010_27082021_01_140_2580_2625_Sample_32_2580_25.0.mp4,11
Person_7,happy,MYS_G000010_27082021_01_225_66429_66531_Sample_685_66420_25.0.mp4,19
Person_7,happy,MYS_G000010_30042021_01_307_149460_149700_Sample_2471_149460_25.0.mp4,16
Person_7,happy,MYS_G000010_30042021_01_404_168691_168720_Sample_2811_168360_25.0.mp4,4
Person_70,happy,MYS_G000120_01052021_108_33183_33241_Sample_219_33180_25.0.mp4,29
Person_70,happy,MYS_G000120_01052021_109_170700_170847_Sample_1110_170700_25.0.mp4,31
Person_70,happy,MYS_G000120_01052021_110_170872_171309_Sample_1110_170700_25.0.mp4,64
Person_70,happy,MYS_G000120_01052021_111_171303_171441_Sample_1110_170700_25.0.mp4,41
Person_70,happy,MYS_G000120_01052021_114_171720_171855_Sample_1113_171720_25.0.mp4,28
Person_70,happy,MYS_G000120_01052021_115_171851_171941_Sample_1113_171720_25.0.mp4,43
Person_70,happy,MYS_G000120_01052021_115_35056_35100_Sample_229_34980_25.0.mp4,17
Person_70,happy,MYS_G000120_01052021_117_172081_172325_Sample_1113_171720_25.0.mp4,38
Person_70,happy,MYS_G000120_01052021_118_172555_172615_Sample_1113_171720_25.0.mp4,25
Person_70,happy,MYS_G000120_01052021_119_172731_172853_Sample_1113_171720_25.0.mp4,49
Person_70,happy,MYS_G000120_01052021_120_172853_173115_Sample_1113_171720_25.0.mp4,168
Person_70,happy,MYS_G000120_01052021_124_36900_37069_Sample_245_36900_25.0.mp4,95
Person_70,happy,MYS_G000120_01052021_125_37107_37210_Sample_245_36900_25.0.mp4,28
Person_70,happy,MYS_G000120_01052021_126_173220_173394_Sample_1118_173220_25.0.mp4,13
Person_70,happy,MYS_G000120_01052021_132_38350_38390_Sample_252_38340_25.0.mp4,22
Person_70,happy,MYS_G000120_01052021_144_40092_40198_Sample_265_39720_25.0.mp4,40
Person_70,happy,MYS_G000120_01052021_157_133296_133458_Sample_857_133260_25.0.mp4,142
Person_70,happy,MYS_G000120_01052021_158_134281_134403_Sample_859_133560_25.0.mp4,39
Person_70,happy,MYS_G000120_01052021_15_160199_160290_Sample_1040_159960_25.0.mp4,43
Person_70,happy,MYS_G000120_01052021_163_42374_42439_Sample_284_42360_25.0.mp4,25
Person_70,happy,MYS_G000120_01052021_164_139674_139814_Sample_899_139260_25.0.mp4,78
Person_70,happy,MYS_G000120_01052021_164_42453_42495_Sample_284_42360_25.0.mp4,19
Person_70,happy,MYS_G000120_01052021_165_140175_140542_Sample_899_139260_25.0.mp4,270
Person_70,happy,MYS_G000120_01052021_166_42597_42644_Sample_284_42360_25.0.mp4,14
Person_70,happy,MYS_G000120_01052021_16_48676_48816_Sample_323_48660_25.0.mp4,13
Person_70,happy,MYS_G000120_01052021_171_43546_43617_Sample_288_43020_25.0.mp4,46
Person_70,happy,MYS_G000120_01052021_17_24332_24429_Sample_157_24120_25.0.mp4,39
Person_70,happy,MYS_G000120_01052021_181_143130_143244_Sample_930_142920_25.0.mp4,26
Person_70,happy,MYS_G000120_01052021_185_144272_144405_Sample_942_144240_25.0.mp4,51
Person_70,happy,MYS_G000120_01052021_186_144825_145046_Sample_942_144240_25.0.mp4,110
Person_70,happy,MYS_G000120_01052021_188_145218_145305_Sample_947_145200_25.0.mp4,18
Person_70,happy,MYS_G000120_01052021_189_145316_145638_Sample_947_145200_25.0.mp4,171
Person_70,happy,MYS_G000120_01052021_18_24441_24537_Sample_157_24120_25.0.mp4,14
Person_70,happy,MYS_G000120_01052021_19_174362_174469_Sample_1125_174360_25.0.mp4,17
Person_70,happy,MYS_G000120_01052021_200_150103_150258_Sample_968_150000_25.0.mp4,39
Person_70,happy,MYS_G000120_01052021_201_150367_150421_Sample_969_150360_25.0.mp4,18
Person_70,happy,MYS_G000120_01052021_206_152142_152238_Sample_978_151920_25.0.mp4,39
Person_70,happy,MYS_G000120_01052021_20_174503_174630_Sample_1125_174360_25.0.mp4,55
Person_70,happy,MYS_G000120_01052021_214_153060_153130_Sample_986_153060_25.0.mp4,9
Person_70,happy,MYS_G000120_01052021_21_174680_174834_Sample_1125_174360_25.0.mp4,34
Person_70,happy,MYS_G000120_01052021_22_160674_160917_Sample_1046_160620_25.0.mp4,135
Person_70,happy,MYS_G000120_01052021_23_161400_161625_Sample_1048_161400_25.0.mp4,54
Person_70,happy,MYS_G000120_01052021_24_161772_161927_Sample_1048_161400_25.0.mp4,55
Person_70,happy,MYS_G000120_01052021_25_49152_49325_Sample_328_49080_25.0.mp4,60
Person_70,happy,MYS_G000120_01052021_26_162251_162379_Sample_1048_161400_25.0.mp4,53
Person_70,happy,MYS_G000120_01052021_29_177535_177737_Sample_1139_177420_25.0.mp4,25
Person_70,happy,MYS_G000120_01052021_31_164101_164155_Sample_1073_164100_25.0.mp4,15
Person_70,happy,MYS_G000120_01052021_32_164309_164400_Sample_1073_164100_25.0.mp4,51
Person_70,happy,MYS_G000120_01052021_34_178255_178375_Sample_1144_178020_25.0.mp4,39
Person_70,happy,MYS_G000120_01052021_34_5246_5373_Sample_34_4140_25.0.mp4,91
Person_70,happy,MYS_G000120_01052021_35_178407_178500_Sample_1144_178020_25.0.mp4,34
Person_70,happy,MYS_G000120_01052021_37_103705_103875_Sample_657_103680_25.0.mp4,31
Person_70,happy,MYS_G000120_01052021_3_176673_176880_Sample_1135_176580_25.0.mp4,21
Person_70,happy,MYS_G000120_01052021_43_50891_50978_Sample_344_50640_25.0.mp4,41
Person_70,happy,MYS_G000120_01052021_44_24666_24897_Sample_165_24660_25.0.mp4,99
Person_70,happy,MYS_G000120_01052021_44_51217_51420_Sample_344_50640_25.0.mp4,49
Person_70,happy,MYS_G000120_01052021_45_25093_25114_Sample_166_25080_25.0.mp4,2
Person_70,happy,MYS_G000120_01052021_47_25625_25845_Sample_167_25260_25.0.mp4,41
Person_70,happy,MYS_G000120_01052021_49_186075_186252_Sample_1167_186060_25.0.mp4,123
Person_70,happy,MYS_G000120_01052021_50_176501_176520_Sample_1133_176160_25.0.mp4,19
Person_70,happy,MYS_G000120_01052021_50_186506_186702_Sample_1167_186060_25.0.mp4,84
Person_70,happy,MYS_G000120_01052021_51_186927_187502_Sample_1167_186060_25.0.mp4,75
Person_70,happy,MYS_G000120_01052021_51_52312_52436_Sample_353_52200_25.0.mp4,38
Person_70,happy,MYS_G000120_01052021_52_187501_187560_Sample_1167_186060_25.0.mp4,24
Person_70,happy,MYS_G000120_01052021_52_27189_27240_Sample_174_27120_25.0.mp4,25
Person_70,happy,MYS_G000120_01052021_56_9660_9705_Sample_67_9660_25.0.mp4,12
Person_70,happy,MYS_G000120_01052021_57_10531_10667_Sample_67_9660_25.0.mp4,36
Person_70,happy,MYS_G000120_01052021_57_166440_166471_Sample_1085_166440_25.0.mp4,19
Person_70,happy,MYS_G000120_01052021_58_104895_105021_Sample_670_104820_25.0.mp4,47
Person_70,happy,MYS_G000120_01052021_59_105245_105375_Sample_672_105180_25.0.mp4,41
Person_70,happy,MYS_G000120_01052021_60_187981_188081_Sample_1181_187980_25.0.mp4,39
Person_70,happy,MYS_G000120_01052021_61_105721_105749_Sample_675_105720_25.0.mp4,5
Person_70,happy,MYS_G000120_01052021_61_188144_188220_Sample_1181_187980_25.0.mp4,36
Person_70,happy,MYS_G000120_01052021_61_53690_53772_Sample_363_53640_25.0.mp4,31
Person_70,happy,MYS_G000120_01052021_62_53827_53880_Sample_363_53640_25.0.mp4,35
Person_70,happy,MYS_G000120_01052021_64_106080_106167_Sample_676_106080_25.0.mp4,36
Person_70,happy,MYS_G000120_01052021_64_189180_189282_Sample_1191_189180_25.0.mp4,50
Person_70,happy,MYS_G000120_01052021_64_54365_54447_Sample_366_53940_25.0.mp4,45
Person_70,happy,MYS_G000120_01052021_65_73020_73140_Sample_486_73020_25.0.mp4,22
Person_70,happy,MYS_G000120_01052021_68_167662_167997_Sample_1094_167640_25.0.mp4,39
Person_70,happy,MYS_G000120_01052021_68_29116_29177_Sample_188_29040_25.0.mp4,20
Person_70,happy,MYS_G000120_01052021_69_168729_168923_Sample_1094_167640_25.0.mp4,105
Person_70,happy,MYS_G000120_01052021_69_29286_29340_Sample_188_29040_25.0.mp4,37
Person_70,happy,MYS_G000120_01052021_69_55776_55825_Sample_376_55680_25.0.mp4,32
Person_70,happy,MYS_G000120_01052021_71_169096_169379_Sample_1094_167640_25.0.mp4,65
Person_70,happy,MYS_G000120_01052021_73_73774_73844_Sample_494_73740_25.0.mp4,32
Person_70,happy,MYS_G000120_01052021_75_190219_190383_Sample_1204_190200_25.0.mp4,16
Person_70,happy,MYS_G000120_01052021_77_190816_191013_Sample_1206_190800_25.0.mp4,28
Person_70,happy,MYS_G000120_01052021_77_29700_29820_Sample_196_29700_25.0.mp4,25
Person_70,happy,MYS_G000120_01052021_77_74338_74400_Sample_496_74100_25.0.mp4,23
Person_70,happy,MYS_G000120_01052021_78_191095_191284_Sample_1206_190800_25.0.mp4,31
Person_70,happy,MYS_G000120_01052021_79_159_191_Sample_5_120_25.0.mp4,13
Person_70,happy,MYS_G000120_01052021_84_192362_192441_Sample_1213_192120_25.0.mp4,34
Person_70,happy,MYS_G000120_01052021_88_169741_169918_Sample_1106_169740_25.0.mp4,21
Person_70,happy,MYS_G000120_01052021_88_193921_193981_Sample_1218_193920_25.0.mp4,28
Person_70,happy,MYS_G000120_01052021_89_170103_170400_Sample_1106_169740_25.0.mp4,26
Person_70,happy,MYS_G000120_01052021_97_170460_170570_Sample_1108_170460_25.0.mp4,18
Person_70,happy,MYS_G000120_01052021_98_195857_195900_Sample_1230_195780_25.0.mp4,32
Person_70,happy,MYS_G000120_01052021_99_195901_195977_Sample_1233_195900_25.0.mp4,21
Person_70,happy,MYS_G000120_03072021_100_56687_56820_Sample_252_56220_25.0.mp4,54
Person_70,happy,MYS_G000120_03072021_208_70981_71026_Sample_377_70980_25.0.mp4,28
Person_70,happy,MYS_G000120_03072021_209_71527_71596_Sample_377_70980_25.0.mp4,27
Person_70,happy,MYS_G000120_03072021_210_71902_71996_Sample_377_70980_25.0.mp4,42
Person_70,happy,MYS_G000120_03072021_214_6225_6240_Sample_37_5460_25.0.mp4,7
Person_70,happy,MYS_G000120_03072021_216_71900_72020_Sample_386_71700_25.0.mp4,38
Person_70,happy,MYS_G000120_03072021_217_72625_72666_Sample_386_71700_25.0.mp4,19
Person_70,happy,MYS_G000120_03072021_226_72992_73232_Sample_397_72720_25.0.mp4,36
Person_70,happy,MYS_G000120_03072021_227_73401_73527_Sample_397_72720_25.0.mp4,94
Person_70,happy,MYS_G000120_03072021_228_73532_73594_Sample_397_72720_25.0.mp4,6
Person_70,happy,MYS_G000120_03072021_229_73611_73750_Sample_397_72720_25.0.mp4,26
Person_70,happy,MYS_G000120_03072021_230_73774_74009_Sample_397_72720_25.0.mp4,162
Person_70,happy,MYS_G000120_03072021_251_76390_76485_Sample_426_75960_25.0.mp4,28
Person_70,happy,MYS_G000120_03072021_252_76488_76538_Sample_426_75960_25.0.mp4,15
Person_70,happy,MYS_G000120_03072021_254_76885_76951_Sample_426_75960_25.0.mp4,21
Person_70,happy,MYS_G000120_03072021_255_76970_77062_Sample_426_75960_25.0.mp4,74
Person_70,happy,MYS_G000120_03072021_256_77076_77291_Sample_426_75960_25.0.mp4,148
Person_70,happy,MYS_G000120_03072021_259_77614_77641_Sample_426_75960_25.0.mp4,9
Person_70,happy,MYS_G000120_03072021_267_79953_80114_Sample_456_79440_25.0.mp4,34
Person_70,happy,MYS_G000120_03072021_274_81616_81830_Sample_473_81060_25.0.mp4,94
Person_70,happy,MYS_G000120_03072021_276_82531_82763_Sample_473_81060_25.0.mp4,38
Person_70,happy,MYS_G000120_03072021_278_83392_83583_Sample_473_81060_25.0.mp4,57
Person_70,happy,MYS_G000120_03072021_279_83820_83890_Sample_486_83820_25.0.mp4,18
Person_70,happy,MYS_G000120_03072021_280_7127_7144_Sample_48_6960_25.0.mp4,6
Person_70,happy,MYS_G000120_03072021_281_7148_7189_Sample_48_6960_25.0.mp4,18
Person_70,happy,MYS_G000120_03072021_282_428_563_Sample_4_360_25.0.mp4,87
Person_70,happy,MYS_G000120_03072021_283_667_721_Sample_4_360_25.0.mp4,37
Person_70,happy,MYS_G000120_03072021_285_747_816_Sample_4_360_25.0.mp4,43
Person_70,happy,MYS_G000120_03072021_286_1021_1140_Sample_4_360_25.0.mp4,82
Person_70,happy,MYS_G000120_03072021_289_7817_7863_Sample_52_7740_25.0.mp4,17
Person_70,happy,MYS_G000120_03072021_300_10694_10740_Sample_70_10080_25.0.mp4,30
Person_70,happy,MYS_G000120_03072021_309_11051_11094_Sample_77_10860_25.0.mp4,24
Person_70,happy,MYS_G000120_03072021_312_11560_11605_Sample_81_11400_25.0.mp4,11
Person_70,happy,MYS_G000120_03072021_321_2226_2342_Sample_8_1200_25.0.mp4,32
Person_70,happy,MYS_G000120_03072021_42_23691_23749_Sample_161_23520_25.0.mp4,24
Person_70,happy,MYS_G000120_03072021_49_48275_48359_Sample_181_48180_25.0.mp4,31
Person_70,happy,MYS_G000120_03072021_50_48437_48659_Sample_181_48180_25.0.mp4,124
Person_70,happy,MYS_G000120_03072021_51_48721_48813_Sample_189_48720_25.0.mp4,33
Person_70,happy,MYS_G000120_03072021_52_48887_48966_Sample_189_48720_25.0.mp4,40
Person_70,happy,MYS_G000120_03072021_55_49853_49920_Sample_189_48720_25.0.mp4,12
Person_70,happy,MYS_G000120_03072021_56_49939_50032_Sample_189_48720_25.0.mp4,30
Person_70,happy,MYS_G000120_03072021_57_50126_50210_Sample_189_48720_25.0.mp4,62
Person_70,happy,MYS_G000120_03072021_58_50764_50861_Sample_189_48720_25.0.mp4,33
Person_70,happy,MYS_G000120_03072021_76_53398_53578_Sample_236_53280_25.0.mp4,99
Person_70,happy,MYS_G000120_03072021_80_54545_54720_Sample_244_54480_25.0.mp4,130
Person_70,happy,MYS_G000120_03072021_82_54721_54768_Sample_246_54720_25.0.mp4,8
Person_70,happy,MYS_G000120_03072021_87_55856_56014_Sample_249_55320_25.0.mp4,140
Person_70,happy,MYS_G000120_03072021_90_56355_56446_Sample_249_55320_25.0.mp4,42
Person_70,happy,MYS_G000120_03072021_97_56324_56440_Sample_252_56220_25.0.mp4,61
Person_70,happy,MYS_G000120_09052021_11_21758_21780_Sample_135_21360_25.0.mp4,22
Person_70,happy,MYS_G000120_09052021_13_2247_2334_Sample_14_2220_25.0.mp4,54
Person_70,happy,MYS_G000120_09052021_13_6518_6615_Sample_47_6360_25.0.mp4,19
Person_70,happy,MYS_G000120_09052021_14_25620_25816_Sample_162_25620_25.0.mp4,23
Person_70,happy,MYS_G000120_09052021_15_2768_3009_Sample_16_2460_25.0.mp4,106
Person_70,happy,MYS_G000120_09052021_17_73190_73497_Sample_523_72480_25.0.mp4,16
Person_70,happy,MYS_G000120_09052021_1_287_381_Sample_0_0_25.0.mp4,29
Person_70,happy,MYS_G000120_09052021_21_73680_73926_Sample_537_73680_25.0.mp4,39
Person_70,happy,MYS_G000120_09052021_25_7366_7440_Sample_54_7080_25.0.mp4,18
Person_70,happy,MYS_G000120_09052021_26_29653_29786_Sample_197_29220_25.0.mp4,15
Person_70,happy,MYS_G000120_09052021_27_4175_4280_Sample_20_3180_25.0.mp4,15
Person_70,happy,MYS_G000120_09052021_28_7597_7800_Sample_55_7440_25.0.mp4,22
Person_70,happy,MYS_G000120_09052021_30_80966_81066_Sample_587_80760_25.0.mp4,47
Person_70,happy,MYS_G000120_09052021_31_33480_33556_Sample_224_33480_25.0.mp4,43
Person_70,happy,MYS_G000120_09052021_33_86133_86228_Sample_617_86100_25.0.mp4,60
Person_70,happy,MYS_G000120_09052021_39_38957_39052_Sample_256_37440_25.0.mp4,69
Person_70,happy,MYS_G000120_09052021_3_56646_56874_Sample_406_56580_25.0.mp4,39
Person_70,happy,MYS_G000120_09052021_40_37636_37702_Sample_258_37620_25.0.mp4,22
Person_70,happy,MYS_G000120_09052021_40_9666_9882_Sample_65_9120_25.0.mp4,125
Person_70,happy,MYS_G000120_09052021_48_95580_95605_Sample_696_95580_25.0.mp4,11
Person_70,happy,MYS_G000120_09052021_50_97920_98074_Sample_712_97920_25.0.mp4,16
Person_70,happy,MYS_G000120_09052021_52_98590_98752_Sample_717_98460_25.0.mp4,56
Person_70,happy,MYS_G000120_09052021_55_100127_100424_Sample_727_100020_25.0.mp4,130
Person_70,happy,MYS_G000120_09052021_59_101589_101640_Sample_744_101520_25.0.mp4,16
Person_70,happy,MYS_G000120_09052021_5_5839_5893_Sample_41_5700_25.0.mp4,22
Person_70,happy,MYS_G000120_09052021_60_11423_11526_Sample_74_11280_25.0.mp4,23
Person_70,happy,MYS_G000120_09052021_68_5131_5220_Sample_34_4920_25.0.mp4,15
Person_70,happy,MYS_G000120_09052021_6_19417_19453_Sample_118_19080_25.0.mp4,10
Person_70,happy,MYS_G000120_09052021_71_1260_1411_Sample_8_1260_25.0.mp4,16
Person_70,happy,MYS_G000120_09052021_72_50714_50760_Sample_366_50520_25.0.mp4,24
Person_70,happy,MYS_G000120_09052021_74_51754_51871_Sample_369_50760_25.0.mp4,46
Person_70,happy,MYS_G000120_09052021_75_16756_16906_Sample_95_16020_25.0.mp4,40
Person_70,happy,MYS_G000120_09052021_75_52817_52848_Sample_379_52560_25.0.mp4,10
Person_70,happy,MYS_G000120_09052021_76_52864_52898_Sample_380_52860_25.0.mp4,17
Person_70,happy,MYS_G000120_09052021_7_60149_60201_Sample_421_59580_25.0.mp4,18
Person_70,happy,MYS_G000120_09052021_9_21039_21095_Sample_129_20400_25.0.mp4,29
Person_70,happy,MYS_G000120_11072021_101_27903_27951_Sample_190_27720_25.0.mp4,16
Person_70,happy,MYS_G000120_11072021_103_28374_28422_Sample_195_28140_25.0.mp4,15
Person_70,happy,MYS_G000120_11072021_104_29313_29370_Sample_197_28440_25.0.mp4,17
Person_70,happy,MYS_G000120_11072021_105_31023_31206_Sample_203_29880_25.0.mp4,96
Person_70,happy,MYS_G000120_11072021_10_14940_15078_Sample_102_14940_25.0.mp4,16
Person_70,happy,MYS_G000120_11072021_112_33282_33384_Sample_222_32460_25.0.mp4,32
Person_70,happy,MYS_G000120_11072021_119_37178_37242_Sample_243_36660_25.0.mp4,32
Person_70,happy,MYS_G000120_11072021_120_37866_37956_Sample_245_37500_25.0.mp4,21
Person_70,happy,MYS_G000120_11072021_12_131850_131903_Sample_1038_131280_25.0.mp4,18
Person_70,happy,MYS_G000120_11072021_131_42441_42509_Sample_278_41940_25.0.mp4,46
Person_70,happy,MYS_G000120_11072021_136_43984_44073_Sample_294_43980_25.0.mp4,16
Person_70,happy,MYS_G000120_11072021_151_49365_49447_Sample_330_49140_25.0.mp4,23
Person_70,happy,MYS_G000120_11072021_152_51122_51197_Sample_334_50160_25.0.mp4,24
Person_70,happy,MYS_G000120_11072021_162_53820_53871_Sample_355_53820_25.0.mp4,9
Person_70,happy,MYS_G000120_11072021_165_55856_56022_Sample_372_55680_25.0.mp4,85
Person_70,happy,MYS_G000120_11072021_181_5885_6020_Sample_40_5820_25.0.mp4,32
Person_70,happy,MYS_G000120_11072021_185_60581_60780_Sample_418_60480_25.0.mp4,29
Person_70,happy,MYS_G000120_11072021_188_60780_60914_Sample_422_60780_25.0.mp4,58
Person_70,happy,MYS_G000120_11072021_196_62718_62811_Sample_439_61920_25.0.mp4,72
Person_70,happy,MYS_G000120_11072021_197_6387_6480_Sample_43_6120_25.0.mp4,39
Person_70,happy,MYS_G000120_11072021_201_65306_65369_Sample_453_64800_25.0.mp4,34
Person_70,happy,MYS_G000120_11072021_206_67070_67111_Sample_465_66660_25.0.mp4,23
Person_70,happy,MYS_G000120_11072021_210_67500_67560_Sample_474_67320_25.0.mp4,20
Person_70,happy,MYS_G000120_11072021_212_68412_68460_Sample_477_67560_25.0.mp4,17
Person_70,happy,MYS_G000120_11072021_217_7265_7361_Sample_48_7080_25.0.mp4,52
Person_70,happy,MYS_G000120_11072021_219_70102_70177_Sample_494_69540_25.0.mp4,15
Person_70,happy,MYS_G000120_11072021_220_70106_70172_Sample_496_69660_25.0.mp4,23
Person_70,happy,MYS_G000120_11072021_223_335_457_Sample_4_60_25.0.mp4,35
Person_70,happy,MYS_G000120_11072021_224_71280_71353_Sample_506_71280_25.0.mp4,13
Person_70,happy,MYS_G000120_11072021_226_71999_72125_Sample_508_71460_25.0.mp4,33
Person_70,happy,MYS_G000120_11072021_230_74105_74160_Sample_535_74040_25.0.mp4,18
Person_70,happy,MYS_G000120_11072021_231_74625_74682_Sample_539_74340_25.0.mp4,13
Person_70,happy,MYS_G000120_11072021_240_76694_76936_Sample_553_76680_25.0.mp4,26
Person_70,happy,MYS_G000120_11072021_241_77323_77387_Sample_558_77040_25.0.mp4,17
Person_70,happy,MYS_G000120_11072021_242_8356_8397_Sample_55_8340_25.0.mp4,20
Person_70,happy,MYS_G000120_11072021_243_8704_8741_Sample_57_8640_25.0.mp4,17
Person_70,happy,MYS_G000120_11072021_24_134019_134174_Sample_1054_133980_25.0.mp4,23
Person_70,happy,MYS_G000120_11072021_259_111973_112095_Sample_877_111900_25.0.mp4,92
Person_70,happy,MYS_G000120_11072021_261_13386_13459_Sample_88_13380_25.0.mp4,16
Person_70,happy,MYS_G000120_11072021_26_135900_135954_Sample_1063_135900_25.0.mp4,15
Person_70,happy,MYS_G000120_11072021_277_124252_124319_Sample_983_123960_25.0.mp4,14
Person_70,happy,MYS_G000120_11072021_2_126933_127121_Sample_1007_126840_25.0.mp4,13
Person_70,happy,MYS_G000120_11072021_30_136768_136859_Sample_1069_136740_25.0.mp4,23
Person_70,happy,MYS_G000120_11072021_35_138144_138240_Sample_1076_137400_25.0.mp4,39
Person_70,happy,MYS_G000120_11072021_38_15666_15731_Sample_107_15600_25.0.mp4,17
Person_70,happy,MYS_G000120_11072021_3_14799_14820_Sample_100_14640_25.0.mp4,14
Person_70,happy,MYS_G000120_11072021_40_140393_140520_Sample_1086_139140_25.0.mp4,127
Person_70,happy,MYS_G000120_11072021_43_140783_140845_Sample_1094_140520_25.0.mp4,35
Person_70,happy,MYS_G000120_11072021_44_141754_141850_Sample_1098_141000_25.0.mp4,18
Person_70,happy,MYS_G000120_11072021_49_145215_145274_Sample_1118_144540_25.0.mp4,32
Person_70,happy,MYS_G000120_11072021_50_16502_16560_Sample_111_16140_25.0.mp4,38
Person_70,happy,MYS_G000120_11072021_55_151799_151832_Sample_1174_151500_25.0.mp4,15
Person_70,happy,MYS_G000120_11072021_60_154085_154351_Sample_1185_154080_25.0.mp4,75
Person_70,happy,MYS_G000120_11072021_61_154863_154984_Sample_1187_154860_25.0.mp4,20
Person_70,happy,MYS_G000120_11072021_63_155696_155859_Sample_1190_155280_25.0.mp4,97
Person_70,happy,MYS_G000120_11072021_67_156652_156804_Sample_1196_156600_25.0.mp4,24
Person_70,happy,MYS_G000120_11072021_70_157229_157328_Sample_1204_157140_25.0.mp4,35
Person_70,happy,MYS_G000120_11072021_73_158940_159055_Sample_1218_158940_25.0.mp4,56
Person_70,happy,MYS_G000120_11072021_81_160782_160843_Sample_1232_160560_25.0.mp4,17
Person_70,happy,MYS_G000120_11072021_88_18368_18420_Sample_126_18300_25.0.mp4,6
Person_70,happy,MYS_G000120_11072021_89_19279_19396_Sample_134_19200_25.0.mp4,19
Person_70,happy,MYS_G000120_15052021_101_72438_72660_Sample_387_71400_25.0.mp4,16
Person_70,happy,MYS_G000120_15052021_103_72798_72897_Sample_394_72660_25.0.mp4,38
Person_70,happy,MYS_G000120_15052021_10_18613_18840_Sample_130_18540_25.0.mp4,32
Person_70,happy,MYS_G000120_15052021_112_76705_76732_Sample_420_76560_25.0.mp4,13
Person_70,happy,MYS_G000120_15052021_116_78178_78198_Sample_441_78120_25.0.mp4,8
Person_70,happy,MYS_G000120_15052021_126_84646_84746_Sample_471_84480_25.0.mp4,33
Person_70,happy,MYS_G000120_15052021_12_21583_21685_Sample_143_20760_25.0.mp4,31
Person_70,happy,MYS_G000120_15052021_135_97002_97085_Sample_501_96660_25.0.mp4,31
Person_70,happy,MYS_G000120_15052021_17_24588_24683_Sample_167_24480_25.0.mp4,13
Person_70,happy,MYS_G000120_15052021_21_27982_28080_Sample_180_27300_25.0.mp4,27
Person_70,happy,MYS_G000120_15052021_23_28485_28780_Sample_183_27960_25.0.mp4,68
Person_70,happy,MYS_G000120_15052021_29_32973_33032_Sample_202_32700_25.0.mp4,31
Person_70,happy,MYS_G000120_15052021_30_34279_34320_Sample_207_33960_25.0.mp4,6
Person_70,happy,MYS_G000120_15052021_31_34320_34423_Sample_209_34320_25.0.mp4,25
Person_70,happy,MYS_G000120_15052021_33_36016_36112_Sample_217_35400_25.0.mp4,29
Person_70,happy,MYS_G000120_15052021_34_2700_2757_Sample_21_2700_25.0.mp4,28
Person_70,happy,MYS_G000120_15052021_35_36697_36960_Sample_220_36240_25.0.mp4,73
Person_70,happy,MYS_G000120_15052021_39_38378_38510_Sample_225_37800_25.0.mp4,20
Person_70,happy,MYS_G000120_15052021_3_15080_15169_Sample_113_14880_25.0.mp4,42
Person_70,happy,MYS_G000120_15052021_43_39966_40036_Sample_234_39840_25.0.mp4,14
Person_70,happy,MYS_G000120_15052021_47_40886_41096_Sample_240_40740_25.0.mp4,165
Person_70,happy,MYS_G000120_15052021_49_41746_41796_Sample_242_41460_25.0.mp4,20
Person_70,happy,MYS_G000120_15052021_50_42091_42233_Sample_245_41940_25.0.mp4,13
Person_70,happy,MYS_G000120_15052021_53_3363_3442_Sample_24_3180_25.0.mp4,25
Person_70,happy,MYS_G000120_15052021_5_15612_15640_Sample_117_15600_25.0.mp4,14
Person_70,happy,MYS_G000120_15052021_65_46080_46108_Sample_269_46080_25.0.mp4,9
Person_70,happy,MYS_G000120_15052021_68_47082_47115_Sample_271_46980_25.0.mp4,26
Person_70,happy,MYS_G000120_15052021_74_51226_51342_Sample_285_51180_25.0.mp4,34
Person_70,happy,MYS_G000120_15052021_77_53375_53417_Sample_295_53220_25.0.mp4,11
Person_70,happy,MYS_G000120_15052021_78_379_427_Sample_2_0_25.0.mp4,24
Person_70,happy,MYS_G000120_15052021_7_16320_16466_Sample_119_16320_25.0.mp4,35
Person_70,happy,MYS_G000120_15052021_88_65171_65322_Sample_346_64560_25.0.mp4,67
Person_70,happy,MYS_G000120_15052021_8_17032_17310_Sample_121_16500_25.0.mp4,45
Person_70,happy,MYS_G000120_15052021_91_65760_65815_Sample_349_65760_25.0.mp4,12
Person_70,happy,MYS_G000120_15052021_92_66041_66089_Sample_351_65880_25.0.mp4,17
Person_70,happy,MYS_G000120_15052021_93_67181_67321_Sample_357_67020_25.0.mp4,54
Person_70,happy,MYS_G000120_15052021_95_68771_68820_Sample_367_68580_25.0.mp4,13
Person_70,happy,MYS_G000120_24042021_102_82680_82805_Sample_416_82680_25.0.mp4,64
Person_70,happy,MYS_G000120_24042021_103_82917_83133_Sample_416_82680_25.0.mp4,45
Person_70,happy,MYS_G000120_24042021_104_83263_83375_Sample_416_82680_25.0.mp4,31
Person_70,happy,MYS_G000120_24042021_106_84482_84641_Sample_416_82680_25.0.mp4,54
Person_70,happy,MYS_G000120_24042021_107_85177_85449_Sample_416_82680_25.0.mp4,63
Person_70,happy,MYS_G000120_24042021_110_86141_86264_Sample_416_82680_25.0.mp4,41
Person_70,happy,MYS_G000120_24042021_111_86264_86400_Sample_416_82680_25.0.mp4,79
Person_70,happy,MYS_G000120_24042021_145_95943_96041_Sample_484_95880_25.0.mp4,25
Person_70,happy,MYS_G000120_24042021_147_96486_96540_Sample_486_96420_25.0.mp4,50
Person_70,happy,MYS_G000120_24042021_148_96660_96706_Sample_488_96660_25.0.mp4,14
Person_70,happy,MYS_G000120_24042021_159_99126_99308_Sample_498_98700_25.0.mp4,39
Person_70,happy,MYS_G000120_24042021_180_125201_125534_Sample_582_125040_25.0.mp4,29
Person_70,happy,MYS_G000120_24042021_20_3121_3175_Sample_19_3120_25.0.mp4,12
Person_70,happy,MYS_G000120_24042021_21_3549_3728_Sample_19_3120_25.0.mp4,29
Person_70,happy,MYS_G000120_24042021_55_4320_4345_Sample_25_4320_25.0.mp4,1
Person_70,happy,MYS_G000120_24042021_56_4386_4522_Sample_25_4320_25.0.mp4,67
Person_70,happy,MYS_G000120_24042021_57_4650_4906_Sample_25_4320_25.0.mp4,91
Person_70,happy,MYS_G000120_24042021_58_5031_5274_Sample_25_4320_25.0.mp4,45
Person_70,happy,MYS_G000120_24042021_60_5360_5380_Sample_25_4320_25.0.mp4,20
Person_70,happy,MYS_G000120_24042021_61_5420_5460_Sample_25_4320_25.0.mp4,19
Person_70,happy,MYS_G000120_24042021_62_5976_6352_Sample_29_5880_25.0.mp4,166
Person_70,happy,MYS_G000120_24042021_64_136_453_Sample_3_0_25.0.mp4,33
Person_70,happy,MYS_G000120_24042021_65_570_720_Sample_3_0_25.0.mp4,26
Person_70,happy,MYS_G000120_24042021_68_6300_6377_Sample_31_6300_25.0.mp4,36
Person_70,happy,MYS_G000120_24042021_74_78240_78538_Sample_397_78240_25.0.mp4,32
Person_70,happy,MYS_G000120_24042021_85_78911_79042_Sample_400_78780_25.0.mp4,23
Person_70,happy,MYS_G000120_24042021_88_79548_79860_Sample_401_79140_25.0.mp4,66
Person_70,happy,MYS_G000120_24042021_91_79940_80103_Sample_407_79920_25.0.mp4,53
Person_70,happy,MYS_G000120_24042021_92_8881_8913_Sample_41_8880_25.0.mp4,18
Person_70,happy,MYS_G000120_24042021_93_8913_8984_Sample_41_8880_25.0.mp4,28
Person_70,happy,MYS_G000120_24042021_95_80890_81000_Sample_410_80880_25.0.mp4,23
Person_70,happy,MYS_G000120_24042021_96_81200_81342_Sample_411_81060_25.0.mp4,65
Person_70,happy,MYS_G000120_24072021_100_97405_97522_Sample_614_97320_25.0.mp4,43
Person_70,happy,MYS_G000120_24072021_101_98085_98357_Sample_617_98040_25.0.mp4,159
Person_70,happy,MYS_G000120_24072021_102_98943_99186_Sample_622_98940_25.0.mp4,43
Person_70,happy,MYS_G000120_24072021_103_28754_28820_Sample_263_28440_25.0.mp4,30
Person_70,happy,MYS_G000120_24072021_107_100812_100865_Sample_633_100800_25.0.mp4,14
Person_70,happy,MYS_G000120_24072021_111_101554_101661_Sample_637_101460_25.0.mp4,41
Person_70,happy,MYS_G000120_24072021_113_7483_7535_Sample_63_7260_25.0.mp4,17
Person_70,happy,MYS_G000120_24072021_115_103099_103280_Sample_644_103020_25.0.mp4,35
Person_70,happy,MYS_G000120_24072021_117_3319_3377_Sample_28_3120_25.0.mp4,40
Person_70,happy,MYS_G000120_24072021_118_103587_103647_Sample_650_103560_25.0.mp4,26
Person_70,happy,MYS_G000120_24072021_119_460_519_Sample_2_0_25.0.mp4,21
Person_70,happy,MYS_G000120_24072021_123_104640_104692_Sample_660_104640_25.0.mp4,25
Person_70,happy,MYS_G000120_24072021_125_105730_105889_Sample_670_105660_25.0.mp4,45
Person_70,happy,MYS_G000120_24072021_129_106779_106852_Sample_682_106620_25.0.mp4,41
Person_70,happy,MYS_G000120_24072021_129_36720_36798_Sample_334_36720_25.0.mp4,25
Person_70,happy,MYS_G000120_24072021_130_37069_37177_Sample_335_36900_25.0.mp4,20
Person_70,happy,MYS_G000120_24072021_132_107503_107664_Sample_689_107460_25.0.mp4,103
Person_70,happy,MYS_G000120_24072021_133_40002_40187_Sample_353_39960_25.0.mp4,38
Person_70,happy,MYS_G000120_24072021_137_109271_109320_Sample_702_109020_25.0.mp4,39
Person_70,happy,MYS_G000120_24072021_13_12944_13038_Sample_119_12840_25.0.mp4,10
Person_70,happy,MYS_G000120_24072021_13_45642_45707_Sample_390_44880_25.0.mp4,16
Person_70,happy,MYS_G000120_24072021_140_8256_8280_Sample_71_8100_25.0.mp4,22
Person_70,happy,MYS_G000120_24072021_142_8436_8520_Sample_75_8340_25.0.mp4,25
Person_70,happy,MYS_G000120_24072021_145_9199_9240_Sample_79_9120_25.0.mp4,14
Person_70,happy,MYS_G000120_24072021_148_10460_10538_Sample_91_10440_25.0.mp4,40
Person_70,happy,MYS_G000120_24072021_149_10661_10680_Sample_94_10560_25.0.mp4,19
Person_70,happy,MYS_G000120_24072021_151_10845_10913_Sample_96_10740_25.0.mp4,52
Person_70,happy,MYS_G000120_24072021_16_46203_46264_Sample_401_46200_25.0.mp4,26
Person_70,happy,MYS_G000120_24072021_23_47749_47823_Sample_411_47340_25.0.mp4,13
Person_70,happy,MYS_G000120_24072021_26_48179_48272_Sample_414_47940_25.0.mp4,31
Person_70,happy,MYS_G000120_24072021_27_15487_15648_Sample_138_15360_25.0.mp4,121
Person_70,happy,MYS_G000120_24072021_2_42661_42681_Sample_374_42660_25.0.mp4,7
Person_70,happy,MYS_G000120_24072021_31_48360_48406_Sample_419_48360_25.0.mp4,13
Person_70,happy,MYS_G000120_24072021_38_18300_18361_Sample_158_18180_25.0.mp4,13
Person_70,happy,MYS_G000120_24072021_39_1596_1680_Sample_15_1320_25.0.mp4,53
Person_70,happy,MYS_G000120_24072021_41_5202_5229_Sample_43_5100_25.0.mp4,13
Person_70,happy,MYS_G000120_24072021_46_51984_52017_Sample_447_51420_25.0.mp4,14
Person_70,happy,MYS_G000120_24072021_4_42840_42880_Sample_376_42840_25.0.mp4,4
Person_70,happy,MYS_G000120_24072021_63_22560_22639_Sample_202_22560_25.0.mp4,34
Person_70,happy,MYS_G000120_24072021_65_88560_88736_Sample_565_88560_25.0.mp4,44
Person_70,happy,MYS_G000120_24072021_66_23175_23245_Sample_205_22980_25.0.mp4,13
Person_70,happy,MYS_G000120_24072021_67_89528_89666_Sample_568_89160_25.0.mp4,56
Person_70,happy,MYS_G000120_24072021_69_89545_89601_Sample_570_89520_25.0.mp4,38
Person_70,happy,MYS_G000120_24072021_71_90187_90314_Sample_573_90000_25.0.mp4,105
Person_70,happy,MYS_G000120_24072021_77_2346_2397_Sample_21_2340_25.0.mp4,4
Person_70,happy,MYS_G000120_24072021_78_92143_92199_Sample_587_92100_25.0.mp4,19
Person_70,happy,MYS_G000120_24072021_79_92362_92461_Sample_588_92340_25.0.mp4,52
Person_70,happy,MYS_G000120_24072021_7_11676_11695_Sample_107_11640_25.0.mp4,10
Person_70,happy,MYS_G000120_24072021_84_94176_94236_Sample_594_94140_25.0.mp4,28
Person_70,happy,MYS_G000120_24072021_8_11891_11980_Sample_109_11760_25.0.mp4,42
Person_70,happy,MYS_G000120_24072021_8_4100_4205_Sample_37_4080_25.0.mp4,26
Person_70,happy,MYS_G000120_24072021_90_95134_95259_Sample_601_95100_25.0.mp4,27
Person_70,happy,MYS_G000120_24072021_91_2726_2770_Sample_23_2580_25.0.mp4,17
Person_70,happy,MYS_G000120_24072021_95_96724_96780_Sample_608_96480_25.0.mp4,30
Person_70,happy,MYS_G000120_24072021_97_96982_97218_Sample_611_96960_25.0.mp4,101
Person_70,happy,MYS_G000120_24072021_98_27262_27413_Sample_251_27240_25.0.mp4,36
Person_71,happy,MYS_G000013_25052021_01_26_15549_15600_Sample_84_15480_25.0.mp4,27
Person_71,happy,MYS_G000013_25052021_01_27_15807_15840_Sample_85_15720_25.0.mp4,16
Person_71,happy,MYS_G000013_25052021_01_4_29875_29914_Sample_218_29520_25.0.mp4,28
Person_71,happy,MYS_G000013_25052021_01_7_31984_32057_Sample_224_31980_25.0.mp4,33
Person_73,happy,MYS_G000029_26032021_01_33_37231_37260_Sample_218_37140_25.0.mp4,12
Person_73,happy,MYS_G000029_26032021_01_34_37453_37477_Sample_220_37380_25.0.mp4,8
Person_73,happy,MYS_G000029_26032021_01_36_39505_39586_Sample_229_39420_25.0.mp4,46
Person_74,happy,MYS_G000096_04122021_01_10_22302_22357_Sample_151_22260_25.0.mp4,15
Person_74,happy,MYS_G000096_04122021_01_12_23100_23280_Sample_156_23100_25.0.mp4,55
Person_74,happy,MYS_G000096_04122021_01_20_26640_26739_Sample_182_26640_25.0.mp4,18
Person_74,happy,MYS_G000096_04122021_01_23_27418_27548_Sample_190_27360_25.0.mp4,79
Person_74,happy,MYS_G000096_04122021_01_29_30572_30641_Sample_223_30360_25.0.mp4,34
Person_74,happy,MYS_G000096_04122021_01_31_32999_33097_Sample_252_32940_25.0.mp4,22
Person_76,happy,MYS_G000096_04122021_01_16_25144_25284_Sample_171_25140_25.0.mp4,70
Person_76,happy,MYS_G000096_04122021_01_18_26307_26347_Sample_178_25920_25.0.mp4,16
Person_76,happy,MYS_G000096_04122021_01_1_151_180_Sample_0_0_25.0.mp4,17
Person_76,happy,MYS_G000096_04122021_01_22_1830_1860_Sample_18_1740_25.0.mp4,18
Person_76,happy,MYS_G000096_04122021_01_24_27540_27580_Sample_192_27540_25.0.mp4,20
Person_76,happy,MYS_G000096_04122021_01_26_28800_28939_Sample_207_28800_25.0.mp4,22
Person_76,happy,MYS_G000096_04122021_01_2_15786_15860_Sample_105_15780_25.0.mp4,16
Person_76,happy,MYS_G000096_04122021_01_38_398_468_Sample_3_360_25.0.mp4,18
Person_76,happy,MYS_G000096_04122021_01_40_6610_6682_Sample_49_6600_25.0.mp4,20
Person_76,happy,MYS_G000096_04122021_01_42_7487_7740_Sample_52_7440_25.0.mp4,200
Person_76,happy,MYS_G000096_04122021_01_43_7808_7914_Sample_55_7800_25.0.mp4,6
Person_76,happy,MYS_G000096_04122021_01_47_13200_13230_Sample_81_13200_25.0.mp4,12
Person_76,happy,MYS_G000096_04122021_01_48_14290_14467_Sample_84_13860_25.0.mp4,34
Person_76,happy,MYS_G000096_04122021_01_9_1200_1421_Sample_14_1200_25.0.mp4,24
Person_76,happy,MYS_G000096_11122021_01_13_15615_15646_Sample_141_15060_25.0.mp4,15
Person_76,happy,MYS_G000096_11122021_01_14_15614_15647_Sample_146_15540_25.0.mp4,17
Person_76,happy,MYS_G000096_11122021_01_19_16980_17048_Sample_157_16980_25.0.mp4,9
Person_76,happy,MYS_G000096_11122021_01_28_18930_18996_Sample_177_18360_25.0.mp4,34
Person_76,happy,MYS_G000096_11122021_01_44_30531_30540_Sample_249_30360_25.0.mp4,9
Person_76,happy,MYS_G000096_11122021_01_76_81945_82027_Sample_446_81780_25.0.mp4,29
Person_77,happy,MYS_G000096_11122021_01_17_15965_15991_Sample_150_15780_25.0.mp4,18
Person_77,happy,MYS_G000096_11122021_01_95_6103_6137_Sample_69_6060_25.0.mp4,13
Person_77,happy,MYS_G000096_11122021_01_97_7355_7399_Sample_78_7020_25.0.mp4,16
Person_78,happy,MYS_G000096_11122021_01_16_703_761_Sample_14_660_25.0.mp4,43
Person_78,happy,MYS_G000096_11122021_01_29_18780_18882_Sample_179_18540_25.0.mp4,37
Person_78,happy,MYS_G000096_11122021_01_30_1116_1140_Sample_17_960_25.0.mp4,15
Person_78,happy,MYS_G000096_11122021_01_45_1759_1808_Sample_26_1740_25.0.mp4,15
Person_78,happy,MYS_G000096_11122021_01_46_1861_1906_Sample_26_1740_25.0.mp4,22
Person_8,happy,MYS_G000013_25052021_01_16_10865_10925_Sample_59_10800_25.0.mp4,15
Person_8,happy,MYS_G000013_25052021_01_23_14771_14820_Sample_78_14400_25.0.mp4,26
Person_8,happy,MYS_G000013_25052021_01_30_16294_16312_Sample_91_16200_25.0.mp4,8
Person_81,happy,MYS_G000106_10072021_02_32_38430_38494_Sample_245_38400_25.0.mp4,22
Person_81,happy,MYS_G000106_10072021_02_34_38701_38820_Sample_247_38700_25.0.mp4,118
Person_81,happy,MYS_G000106_10072021_02_36_39091_39222_Sample_249_38940_25.0.mp4,22
Person_81,happy,MYS_G000106_10072021_02_44_41460_41500_Sample_266_41460_25.0.mp4,10
Person_81,happy,MYS_G000106_10072021_02_46_42214_42240_Sample_272_42120_25.0.mp4,17
Person_81,happy,MYS_G000106_10072021_02_49_42360_42436_Sample_276_42360_25.0.mp4,12
Person_81,happy,MYS_G000106_10072021_02_50_42660_42780_Sample_277_42660_25.0.mp4,15
Person_81,happy,MYS_G000106_17072021_01_12_1620_1795_Sample_15_1620_25.0.mp4,16
Person_81,happy,MYS_G000106_17072021_01_29_2234_2280_Sample_22_2040_25.0.mp4,21
Person_81,happy,MYS_G000106_17072021_01_30_2340_2494_Sample_27_2340_25.0.mp4,130
Person_81,happy,MYS_G000106_17072021_01_6_9396_9612_Sample_124_9360_25.0.mp4,202
Person_82,happy,MYS_G000106_10072021_02_35_38880_39050_Sample_248_38880_25.0.mp4,52
Person_82,happy,MYS_G000106_10072021_02_41_40200_40307_Sample_256_40200_25.0.mp4,16
Person_82,happy,MYS_G000106_10072021_02_42_40680_40720_Sample_260_40680_25.0.mp4,28
Person_82,happy,MYS_G000106_10072021_02_43_41004_41154_Sample_263_40980_25.0.mp4,58
Person_82,happy,MYS_G000106_10072021_02_47_42240_42790_Sample_273_42240_25.0.mp4,92
Person_82,happy,MYS_G000106_10072021_02_72_185_241_Sample_4_0_25.0.mp4,22
Person_82,happy,MYS_G000106_17072021_01_10_12256_12361_Sample_151_10920_25.0.mp4,45
Person_82,happy,MYS_G000106_17072021_01_36_771_900_Sample_3_0_25.0.mp4,71
Person_82,happy,MYS_G000106_17072021_01_8_10331_10400_Sample_135_10200_25.0.mp4,34
Person_83,happy,MYS_G000120_01052021_100_86782_86929_Sample_521_79140_25.0.mp4,36
Person_83,happy,MYS_G000120_01052021_101_87500_87799_Sample_521_79140_25.0.mp4,47
Person_83,happy,MYS_G000120_01052021_102_88468_88647_Sample_521_79140_25.0.mp4,33
Person_83,happy,MYS_G000120_01052021_103_90073_90204_Sample_521_79140_25.0.mp4,25
Person_83,happy,MYS_G000120_01052021_104_90614_90724_Sample_521_79140_25.0.mp4,37
Person_83,happy,MYS_G000120_01052021_105_90826_90963_Sample_521_79140_25.0.mp4,78
Person_83,happy,MYS_G000120_01052021_106_91140_91239_Sample_521_79140_25.0.mp4,13
Person_83,happy,MYS_G000120_01052021_107_94138_94265_Sample_521_79140_25.0.mp4,35
Person_83,happy,MYS_G000120_01052021_108_94689_94807_Sample_521_79140_25.0.mp4,27
Person_83,happy,MYS_G000120_01052021_10_173959_174020_Sample_1122_173640_25.0.mp4,28
Person_83,happy,MYS_G000120_01052021_10_49015_49079_Sample_318_48240_25.0.mp4,20
Person_83,happy,MYS_G000120_01052021_112_116633_116700_Sample_748_116520_25.0.mp4,22
Person_83,happy,MYS_G000120_01052021_114_120770_120888_Sample_773_120060_25.0.mp4,33
Person_83,happy,MYS_G000120_01052021_115_122093_122254_Sample_773_120060_25.0.mp4,87
Person_83,happy,MYS_G000120_01052021_11_174085_174585_Sample_1122_173640_25.0.mp4,25
Person_83,happy,MYS_G000120_01052021_11_49601_49807_Sample_318_48240_25.0.mp4,70
Person_83,happy,MYS_G000120_01052021_128_126967_127293_Sample_823_126720_25.0.mp4,32
Person_83,happy,MYS_G000120_01052021_12_174585_174775_Sample_1122_173640_25.0.mp4,14
Person_83,happy,MYS_G000120_01052021_12_49933_49979_Sample_318_48240_25.0.mp4,15
Person_83,happy,MYS_G000120_01052021_13_174771_174928_Sample_1122_173640_25.0.mp4,31
Person_83,happy,MYS_G000120_01052021_140_131238_131530_Sample_841_129720_25.0.mp4,64
Person_83,happy,MYS_G000120_01052021_141_131690_131777_Sample_841_129720_25.0.mp4,42
Person_83,happy,MYS_G000120_01052021_142_131927_132060_Sample_841_129720_25.0.mp4,91
Person_83,happy,MYS_G000120_01052021_149_42168_42321_Sample_269_40320_25.0.mp4,58
Person_83,happy,MYS_G000120_01052021_14_175468_175715_Sample_1122_173640_25.0.mp4,41
Person_83,happy,MYS_G000120_01052021_14_65672_65817_Sample_441_65160_25.0.mp4,40
Person_83,happy,MYS_G000120_01052021_150_42404_42517_Sample_269_40320_25.0.mp4,35
Person_83,happy,MYS_G000120_01052021_151_42507_42732_Sample_269_40320_25.0.mp4,78
Person_83,happy,MYS_G000120_01052021_152_42991_43192_Sample_269_40320_25.0.mp4,49
Person_83,happy,MYS_G000120_01052021_153_43524_43811_Sample_269_40320_25.0.mp4,118
Person_83,happy,MYS_G000120_01052021_154_45235_45300_Sample_269_40320_25.0.mp4,28
Person_83,happy,MYS_G000120_01052021_155_45373_45548_Sample_269_40320_25.0.mp4,71
Person_83,happy,MYS_G000120_01052021_156_46475_46758_Sample_269_40320_25.0.mp4,122
Person_83,happy,MYS_G000120_01052021_15_175766_175838_Sample_1122_173640_25.0.mp4,32
Person_83,happy,MYS_G000120_01052021_167_143974_144174_Sample_927_142920_25.0.mp4,56
Person_83,happy,MYS_G000120_01052021_168_144188_144330_Sample_927_142920_25.0.mp4,29
Person_83,happy,MYS_G000120_01052021_169_145184_145269_Sample_927_142920_25.0.mp4,30
Person_83,happy,MYS_G000120_01052021_170_145387_145706_Sample_927_142920_25.0.mp4,47
Person_83,happy,MYS_G000120_01052021_172_150223_150455_Sample_927_142920_25.0.mp4,133
Person_83,happy,MYS_G000120_01052021_173_152242_152345_Sample_927_142920_25.0.mp4,27
Person_83,happy,MYS_G000120_01052021_17_175896_175944_Sample_1122_173640_25.0.mp4,17
Person_83,happy,MYS_G000120_01052021_19_9578_9782_Sample_60_8700_25.0.mp4,95
Person_83,happy,MYS_G000120_01052021_20_24300_24461_Sample_160_24300_25.0.mp4,22
Person_83,happy,MYS_G000120_01052021_21_24469_24878_Sample_160_24300_25.0.mp4,24
Person_83,happy,MYS_G000120_01052021_21_49020_49046_Sample_327_49020_25.0.mp4,9
Person_83,happy,MYS_G000120_01052021_21_96939_96990_Sample_606_96780_25.0.mp4,28
Person_83,happy,MYS_G000120_01052021_22_24874_25042_Sample_160_24300_25.0.mp4,66
Person_83,happy,MYS_G000120_01052021_23_49605_49775_Sample_327_49020_25.0.mp4,35
Person_83,happy,MYS_G000120_01052021_24_103380_103527_Sample_650_103380_25.0.mp4,36
Person_83,happy,MYS_G000120_01052021_24_25726_25864_Sample_160_24300_25.0.mp4,89
Person_83,happy,MYS_G000120_01052021_24_49926_50073_Sample_327_49020_25.0.mp4,69
Person_83,happy,MYS_G000120_01052021_25_103797_104122_Sample_650_103380_25.0.mp4,84
Person_83,happy,MYS_G000120_01052021_25_25920_26047_Sample_160_24300_25.0.mp4,46
Person_83,happy,MYS_G000120_01052021_26_104255_104364_Sample_650_103380_25.0.mp4,48
Person_83,happy,MYS_G000120_01052021_26_26105_26268_Sample_160_24300_25.0.mp4,64
Person_83,happy,MYS_G000120_01052021_27_104621_104976_Sample_650_103380_25.0.mp4,43
Person_83,happy,MYS_G000120_01052021_28_19099_19171_Sample_113_17700_25.0.mp4,24
Person_83,happy,MYS_G000120_01052021_28_26646_26737_Sample_160_24300_25.0.mp4,61
Person_83,happy,MYS_G000120_01052021_29_105385_105538_Sample_650_103380_25.0.mp4,71
Person_83,happy,MYS_G000120_01052021_30_105558_105825_Sample_650_103380_25.0.mp4,74
Person_83,happy,MYS_G000120_01052021_30_176040_176122_Sample_1132_176040_25.0.mp4,30
Person_83,happy,MYS_G000120_01052021_30_27231_27353_Sample_160_24300_25.0.mp4,42
Person_83,happy,MYS_G000120_01052021_31_176701_176841_Sample_1132_176040_25.0.mp4,25
Person_83,happy,MYS_G000120_01052021_31_27615_27764_Sample_160_24300_25.0.mp4,62
Person_83,happy,MYS_G000120_01052021_31_68818_69175_Sample_461_68340_25.0.mp4,37
Person_83,happy,MYS_G000120_01052021_32_176863_176977_Sample_1132_176040_25.0.mp4,31
Person_83,happy,MYS_G000120_01052021_32_28402_28560_Sample_160_24300_25.0.mp4,70
Person_83,happy,MYS_G000120_01052021_33_177404_177474_Sample_1132_176040_25.0.mp4,24
Person_83,happy,MYS_G000120_01052021_34_177570_177779_Sample_1132_176040_25.0.mp4,28
Person_83,happy,MYS_G000120_01052021_35_164800_164957_Sample_1074_164100_25.0.mp4,28
Person_83,happy,MYS_G000120_01052021_35_178574_178798_Sample_1132_176040_25.0.mp4,113
Person_83,happy,MYS_G000120_01052021_36_179533_179606_Sample_1132_176040_25.0.mp4,24
Person_83,happy,MYS_G000120_01052021_36_72707_72783_Sample_467_69540_25.0.mp4,26
Person_83,happy,MYS_G000120_01052021_37_167727_168053_Sample_1074_164100_25.0.mp4,93
Person_83,happy,MYS_G000120_01052021_37_179850_180052_Sample_1132_176040_25.0.mp4,18
Person_83,happy,MYS_G000120_01052021_37_72795_72946_Sample_467_69540_25.0.mp4,29
Person_83,happy,MYS_G000120_01052021_38_103842_103913_Sample_658_103800_25.0.mp4,32
Person_83,happy,MYS_G000120_01052021_38_169225_169325_Sample_1074_164100_25.0.mp4,46
Person_83,happy,MYS_G000120_01052021_38_181067_181198_Sample_1132_176040_25.0.mp4,71
Person_83,happy,MYS_G000120_01052021_38_72964_73028_Sample_467_69540_25.0.mp4,35
Person_83,happy,MYS_G000120_01052021_39_103936_103971_Sample_658_103800_25.0.mp4,19
Person_83,happy,MYS_G000120_01052021_39_169314_169517_Sample_1074_164100_25.0.mp4,77
Person_83,happy,MYS_G000120_01052021_39_181512_181680_Sample_1132_176040_25.0.mp4,28
Person_83,happy,MYS_G000120_01052021_39_73145_73283_Sample_467_69540_25.0.mp4,53
Person_83,happy,MYS_G000120_01052021_3_159142_159361_Sample_1025_159120_25.0.mp4,161
Person_83,happy,MYS_G000120_01052021_40_169701_169851_Sample_1074_164100_25.0.mp4,20
Person_83,happy,MYS_G000120_01052021_40_183217_183330_Sample_1132_176040_25.0.mp4,59
Person_83,happy,MYS_G000120_01052021_40_73486_73663_Sample_467_69540_25.0.mp4,47
Person_83,happy,MYS_G000120_01052021_41_184255_184365_Sample_1132_176040_25.0.mp4,58
Person_83,happy,MYS_G000120_01052021_42_184706_184811_Sample_1132_176040_25.0.mp4,52
Person_83,happy,MYS_G000120_01052021_43_170148_170651_Sample_1074_164100_25.0.mp4,201
Person_83,happy,MYS_G000120_01052021_43_75407_75438_Sample_467_69540_25.0.mp4,8
Person_83,happy,MYS_G000120_01052021_44_170665_170817_Sample_1074_164100_25.0.mp4,71
Person_83,happy,MYS_G000120_01052021_44_186023_186166_Sample_1132_176040_25.0.mp4,30
Person_83,happy,MYS_G000120_01052021_44_76098_76239_Sample_467_69540_25.0.mp4,53
Person_83,happy,MYS_G000120_01052021_45_170847_171035_Sample_1074_164100_25.0.mp4,132
Person_83,happy,MYS_G000120_01052021_45_186166_186249_Sample_1132_176040_25.0.mp4,38
Person_83,happy,MYS_G000120_01052021_45_77148_77339_Sample_467_69540_25.0.mp4,33
Person_83,happy,MYS_G000120_01052021_46_171088_171300_Sample_1074_164100_25.0.mp4,95
Person_83,happy,MYS_G000120_01052021_46_186845_187167_Sample_1132_176040_25.0.mp4,31
Person_83,happy,MYS_G000120_01052021_47_171363_171460_Sample_1074_164100_25.0.mp4,15
Person_83,happy,MYS_G000120_01052021_47_187164_187467_Sample_1132_176040_25.0.mp4,58
Person_83,happy,MYS_G000120_01052021_47_77971_78016_Sample_467_69540_25.0.mp4,14
Person_83,happy,MYS_G000120_01052021_48_171457_171873_Sample_1074_164100_25.0.mp4,226
Person_83,happy,MYS_G000120_01052021_48_78276_78318_Sample_467_69540_25.0.mp4,28
Person_83,happy,MYS_G000120_01052021_49_172054_172318_Sample_1074_164100_25.0.mp4,76
Person_83,happy,MYS_G000120_01052021_4_160789_160935_Sample_1025_159120_25.0.mp4,34
Person_83,happy,MYS_G000120_01052021_50_172533_172748_Sample_1074_164100_25.0.mp4,22
Person_83,happy,MYS_G000120_01052021_51_172810_173083_Sample_1074_164100_25.0.mp4,78
Person_83,happy,MYS_G000120_01052021_52_173083_173580_Sample_1074_164100_25.0.mp4,185
Person_83,happy,MYS_G000120_01052021_54_187980_188053_Sample_1176_187980_25.0.mp4,17
Person_83,happy,MYS_G000120_01052021_58_29281_29503_Sample_181_28620_25.0.mp4,97
Person_83,happy,MYS_G000120_01052021_59_30958_31023_Sample_181_28620_25.0.mp4,16
Person_83,happy,MYS_G000120_01052021_5_161945_162080_Sample_1025_159120_25.0.mp4,34
Person_83,happy,MYS_G000120_01052021_60_32930_33002_Sample_181_28620_25.0.mp4,64
Person_83,happy,MYS_G000120_01052021_61_33066_33171_Sample_181_28620_25.0.mp4,19
Person_83,happy,MYS_G000120_01052021_62_189123_189271_Sample_1187_189060_25.0.mp4,44
Person_83,happy,MYS_G000120_01052021_62_33499_33802_Sample_181_28620_25.0.mp4,130
Person_83,happy,MYS_G000120_01052021_63_34348_34429_Sample_181_28620_25.0.mp4,28
Person_83,happy,MYS_G000120_01052021_65_34958_35226_Sample_181_28620_25.0.mp4,66
Person_83,happy,MYS_G000120_01052021_69_111212_111308_Sample_712_111060_25.0.mp4,37
Person_83,happy,MYS_G000120_01052021_70_111358_111570_Sample_712_111060_25.0.mp4,34
Person_83,happy,MYS_G000120_01052021_72_111847_111978_Sample_712_111060_25.0.mp4,41
Person_83,happy,MYS_G000120_01052021_73_112442_112680_Sample_712_111060_25.0.mp4,42
Person_83,happy,MYS_G000120_01052021_74_112670_112813_Sample_712_111060_25.0.mp4,71
Person_83,happy,MYS_G000120_01052021_75_114140_114269_Sample_712_111060_25.0.mp4,61
Person_83,happy,MYS_G000120_01052021_76_114679_114864_Sample_712_111060_25.0.mp4,20
Person_83,happy,MYS_G000120_01052021_77_114910_115241_Sample_712_111060_25.0.mp4,102
Person_83,happy,MYS_G000120_01052021_79_30945_31066_Sample_198_30000_25.0.mp4,58
Person_83,happy,MYS_G000120_01052021_80_115616_115690_Sample_712_111060_25.0.mp4,35
Person_83,happy,MYS_G000120_01052021_80_33030_33221_Sample_198_30000_25.0.mp4,66
Person_83,happy,MYS_G000120_01052021_81_115960_116115_Sample_712_111060_25.0.mp4,79
Person_83,happy,MYS_G000120_01052021_81_33540_33789_Sample_198_30000_25.0.mp4,150
Person_83,happy,MYS_G000120_01052021_82_116554_116855_Sample_712_111060_25.0.mp4,122
Person_83,happy,MYS_G000120_01052021_83_34442_34521_Sample_198_30000_25.0.mp4,15
Person_83,happy,MYS_G000120_01052021_85_34954_35069_Sample_198_30000_25.0.mp4,12
Person_83,happy,MYS_G000120_01052021_86_35074_35179_Sample_198_30000_25.0.mp4,51
Person_83,happy,MYS_G000120_01052021_8_173640_173733_Sample_1122_173640_25.0.mp4,24
Person_83,happy,MYS_G000120_01052021_8_48597_48851_Sample_318_48240_25.0.mp4,113
Person_83,happy,MYS_G000120_01052021_90_79456_79621_Sample_521_79140_25.0.mp4,21
Person_83,happy,MYS_G000120_01052021_91_83452_83538_Sample_521_79140_25.0.mp4,36
Person_83,happy,MYS_G000120_01052021_94_112560_112612_Sample_723_112560_25.0.mp4,20
Person_83,happy,MYS_G000120_01052021_94_84771_85050_Sample_521_79140_25.0.mp4,42
Person_83,happy,MYS_G000120_01052021_95_112612_112680_Sample_723_112560_25.0.mp4,17
Person_83,happy,MYS_G000120_01052021_95_85507_85605_Sample_521_79140_25.0.mp4,38
Person_83,happy,MYS_G000120_01052021_96_85695_85800_Sample_521_79140_25.0.mp4,44
Person_83,happy,MYS_G000120_01052021_97_86067_86251_Sample_521_79140_25.0.mp4,94
Person_83,happy,MYS_G000120_01052021_98_86389_86476_Sample_521_79140_25.0.mp4,20
Person_83,happy,MYS_G000120_01052021_99_86633_86777_Sample_521_79140_25.0.mp4,46
Person_83,happy,MYS_G000120_01052021_9_173920_173963_Sample_1122_173640_25.0.mp4,13
Person_83,happy,MYS_G000120_09052021_10_1680_1729_Sample_12_1680_25.0.mp4,10
Person_83,happy,MYS_G000120_09052021_38_89820_89837_Sample_653_89820_25.0.mp4,4
Person_83,happy,MYS_G000120_09052021_54_100030_100320_Sample_721_99240_25.0.mp4,239
Person_83,happy,MYS_G000120_09052021_65_5125_5187_Sample_33_4860_25.0.mp4,29
Person_83,happy,MYS_G000120_09052021_79_56642_56690_Sample_401_56340_25.0.mp4,18
Person_83,happy,MYS_G000120_11072021_107_33483_33538_Sample_211_30900_25.0.mp4,20
Person_83,happy,MYS_G000120_11072021_122_4264_4319_Sample_24_3300_25.0.mp4,12
Person_83,happy,MYS_G000120_11072021_123_40481_40577_Sample_255_39180_25.0.mp4,16
Person_83,happy,MYS_G000120_11072021_145_46817_46888_Sample_314_46680_25.0.mp4,29
Person_83,happy,MYS_G000120_11072021_148_47304_47385_Sample_319_47220_25.0.mp4,25
Person_83,happy,MYS_G000120_11072021_166_56112_56188_Sample_373_55740_25.0.mp4,24
Person_83,happy,MYS_G000120_11072021_171_57765_57852_Sample_381_56460_25.0.mp4,38
Person_83,happy,MYS_G000120_11072021_177_360_467_Sample_3_60_25.0.mp4,27
Person_83,happy,MYS_G000120_11072021_18_133689_133740_Sample_1045_132300_25.0.mp4,21
Person_83,happy,MYS_G000120_11072021_19_133556_133619_Sample_1046_132360_25.0.mp4,20
Person_83,happy,MYS_G000120_11072021_205_66505_66540_Sample_463_66360_25.0.mp4,15
Person_83,happy,MYS_G000120_11072021_218_69450_69523_Sample_491_69240_25.0.mp4,13
Person_83,happy,MYS_G000120_11072021_245_95040_95088_Sample_722_95040_25.0.mp4,16
Person_83,happy,MYS_G000120_11072021_249_104492_104520_Sample_799_103980_25.0.mp4,13
Person_83,happy,MYS_G000120_11072021_253_107820_107839_Sample_829_107760_25.0.mp4,7
Person_83,happy,MYS_G000120_11072021_255_108568_108685_Sample_835_108360_25.0.mp4,30
Person_83,happy,MYS_G000120_11072021_25_135757_135924_Sample_1055_134280_25.0.mp4,17
Person_83,happy,MYS_G000120_11072021_264_115711_115771_Sample_917_115260_25.0.mp4,15
Person_83,happy,MYS_G000120_11072021_267_120077_120254_Sample_951_119940_25.0.mp4,30
Person_83,happy,MYS_G000120_11072021_275_122871_122919_Sample_975_122640_25.0.mp4,23
Person_83,happy,MYS_G000120_11072021_281_124747_124778_Sample_990_124740_25.0.mp4,13
Person_83,happy,MYS_G000120_11072021_282_125272_125298_Sample_992_124920_25.0.mp4,12
Person_83,happy,MYS_G000120_11072021_31_136961_137014_Sample_1070_136860_25.0.mp4,12
Person_83,happy,MYS_G000120_11072021_34_137365_137422_Sample_1074_137220_25.0.mp4,11
Person_83,happy,MYS_G000120_11072021_46_142026_142091_Sample_1104_141720_25.0.mp4,13
Person_83,happy,MYS_G000120_11072021_53_145886_145935_Sample_1127_145500_25.0.mp4,29
Person_83,happy,MYS_G000120_11072021_5_127881_127955_Sample_1013_127860_25.0.mp4,21
Person_83,happy,MYS_G000120_11072021_65_156343_156386_Sample_1192_155820_25.0.mp4,22
Person_83,happy,MYS_G000120_11072021_75_160101_160150_Sample_1220_159360_25.0.mp4,26
Person_83,happy,MYS_G000120_11072021_7_129374_129477_Sample_1021_129240_25.0.mp4,11
Person_83,happy,MYS_G000120_11072021_98_27402_27513_Sample_179_26400_25.0.mp4,37
Person_83,happy,MYS_G000120_24042021_120_85190_85280_Sample_430_85140_25.0.mp4,26
Person_83,happy,MYS_G000120_24042021_124_86340_86378_Sample_433_86340_25.0.mp4,6
Person_83,happy,MYS_G000120_24042021_131_89626_89760_Sample_445_89160_25.0.mp4,76
Person_83,happy,MYS_G000120_24042021_138_94634_94717_Sample_471_93660_25.0.mp4,37
Person_83,happy,MYS_G000120_24042021_140_95987_96107_Sample_471_93660_25.0.mp4,25
Person_83,happy,MYS_G000120_24042021_176_10524_10587_Sample_57_10500_25.0.mp4,24
Person_83,happy,MYS_G000120_24042021_177_12395_12496_Sample_57_10500_25.0.mp4,26
Person_83,happy,MYS_G000120_24042021_178_123398_124225_Sample_575_122520_25.0.mp4,44
Person_83,happy,MYS_G000120_24042021_182_125255_125625_Sample_583_125220_25.0.mp4,280
Person_83,happy,MYS_G000120_24042021_184_128040_128772_Sample_583_125220_25.0.mp4,38
Person_83,happy,MYS_G000120_24042021_185_128821_129695_Sample_583_125220_25.0.mp4,26
Person_83,happy,MYS_G000120_24042021_186_129750_130106_Sample_583_125220_25.0.mp4,63
Person_83,happy,MYS_G000120_24042021_22_163_387_Sample_2_0_25.0.mp4,64
Person_83,happy,MYS_G000120_24042021_24_697_842_Sample_2_0_25.0.mp4,21
Person_83,happy,MYS_G000120_24042021_25_1189_1287_Sample_2_0_25.0.mp4,23
Person_83,happy,MYS_G000120_24042021_26_1387_1467_Sample_2_0_25.0.mp4,17
Person_83,happy,MYS_G000120_24042021_27_1804_1898_Sample_2_0_25.0.mp4,25
Person_83,happy,MYS_G000120_24042021_28_2030_2132_Sample_2_0_25.0.mp4,21
Person_83,happy,MYS_G000120_24042021_31_2730_2802_Sample_2_0_25.0.mp4,32
Person_83,happy,MYS_G000120_24042021_33_2953_3081_Sample_2_0_25.0.mp4,27
Person_83,happy,MYS_G000120_24042021_35_3187_3310_Sample_2_0_25.0.mp4,28
Person_83,happy,MYS_G000120_24042021_38_4881_5034_Sample_2_0_25.0.mp4,22
Person_83,happy,MYS_G000120_24042021_42_5944_6174_Sample_2_0_25.0.mp4,26
Person_83,happy,MYS_G000120_24042021_46_6281_6433_Sample_2_0_25.0.mp4,28
Person_83,happy,MYS_G000120_24042021_47_6432_6494_Sample_2_0_25.0.mp4,20
Person_83,happy,MYS_G000120_24042021_48_6496_6736_Sample_2_0_25.0.mp4,101
Person_83,happy,MYS_G000120_24042021_50_8889_8967_Sample_2_0_25.0.mp4,22
Person_83,happy,MYS_G000120_24042021_72_79521_79686_Sample_391_77520_25.0.mp4,76
Person_83,happy,MYS_G000120_24042021_90_81196_81240_Sample_406_79800_25.0.mp4,44
Person_83,happy,MYS_G000120_24042021_97_81241_81282_Sample_413_81240_25.0.mp4,14
Person_83,happy,MYS_G000120_24072021_101_29034_29150_Sample_260_28320_25.0.mp4,18
Person_83,happy,MYS_G000120_24072021_108_101069_101108_Sample_634_100800_25.0.mp4,17
Person_83,happy,MYS_G000120_24072021_108_29940_29974_Sample_271_29940_25.0.mp4,8
Person_83,happy,MYS_G000120_24072021_112_3981_4224_Sample_27_3120_25.0.mp4,152
Person_83,happy,MYS_G000120_24072021_117_103856_103907_Sample_649_103380_25.0.mp4,19
Person_83,happy,MYS_G000120_24072021_124_105690_105805_Sample_667_105480_25.0.mp4,37
Person_83,happy,MYS_G000120_24072021_134_108200_108456_Sample_691_107760_25.0.mp4,85
Person_83,happy,MYS_G000120_24072021_14_342_456_Sample_3_60_25.0.mp4,57
Person_83,happy,MYS_G000120_24072021_22_16161_16338_Sample_132_14040_25.0.mp4,18
Person_83,happy,MYS_G000120_24072021_46_19710_19749_Sample_171_19380_25.0.mp4,9
Person_83,happy,MYS_G000120_24072021_48_52241_52320_Sample_454_51900_25.0.mp4,11
Person_83,happy,MYS_G000120_24072021_50_52235_52419_Sample_456_52020_25.0.mp4,20
Person_83,happy,MYS_G000120_24072021_59_22320_22452_Sample_198_22320_25.0.mp4,29
Person_83,happy,MYS_G000120_24072021_64_88945_88993_Sample_563_88260_25.0.mp4,27
Person_83,happy,MYS_G000120_24072021_73_90724_90793_Sample_577_90720_25.0.mp4,17
Person_83,happy,MYS_G000120_24072021_77_92003_92056_Sample_585_91980_25.0.mp4,13
Person_83,happy,MYS_G000120_24072021_80_92810_92920_Sample_589_92760_25.0.mp4,11
Person_83,happy,MYS_G000120_24072021_85_25804_25832_Sample_234_25560_25.0.mp4,13
Person_83,happy,MYS_G000120_24072021_89_96154_96217_Sample_600_94920_25.0.mp4,26
Person_83,happy,MYS_G000120_24072021_94_27080_27227_Sample_246_27060_25.0.mp4,20
Person_83,happy,MYS_G000120_24072021_94_96607_96793_Sample_606_96000_25.0.mp4,138
Person_83,happy,MYS_G000120_24072021_99_97443_97701_Sample_613_97200_25.0.mp4,29
Person_86,happy,MYS_G000115_11042021_61_91380_91447_Sample_289_91380_25.0.mp4,13
Person_86,happy,MYS_G000115_11042021_7_57168_57222_Sample_161_57120_25.0.mp4,6
Person_86,happy,MYS_G000115_18042021_29_63833_63900_Sample_188_62580_25.0.mp4,19
Person_86,happy,MYS_G000115_18042021_64_91380_91530_Sample_289_91380_25.0.mp4,14
Person_86,happy,MYS_G000115_18042021_7_57160_57231_Sample_161_57120_25.0.mp4,17
Person_88,happy,MYS_G000010_09042021_03_142_29168_29254_Sample_421_28860_25.0.mp4,23
Person_88,happy,MYS_G000010_09042021_03_9_7841_7896_Sample_115_7440_25.0.mp4,20
Person_89,happy,MYS_G000010_30042021_01_7_61866_61953_Sample_1010_61800_25.0.mp4,33
Person_89,happy,MYS_G000115_18072021_30_16299_16403_Sample_167_16140_25.0.mp4,43
Person_89,happy,MYS_G000115_18072021_32_17457_17513_Sample_167_16140_25.0.mp4,24
Person_89,happy,MYS_G000115_18072021_33_17513_17638_Sample_167_16140_25.0.mp4,50
Person_89,happy,MYS_G000115_18072021_34_18143_18200_Sample_167_16140_25.0.mp4,17
Person_89,happy,MYS_G000115_18072021_35_18207_18312_Sample_167_16140_25.0.mp4,26
Person_89,happy,MYS_G000115_18072021_36_18332_18523_Sample_167_16140_25.0.mp4,22
Person_89,happy,MYS_G000115_18072021_37_18528_18611_Sample_167_16140_25.0.mp4,19
Person_89,happy,MYS_G000115_18072021_38_18702_18822_Sample_167_16140_25.0.mp4,9
Person_89,happy,MYS_G000115_18072021_39_18825_18912_Sample_167_16140_25.0.mp4,25
Person_89,happy,MYS_G000115_18072021_40_19090_19302_Sample_167_16140_25.0.mp4,26
Person_89,happy,MYS_G000115_18072021_41_19918_19980_Sample_167_16140_25.0.mp4,40
Person_89,happy,MYS_G000115_18072021_67_20064_20221_Sample_205_20040_25.0.mp4,64
Person_89,happy,MYS_G000115_18072021_79_20962_21006_Sample_213_20940_25.0.mp4,9
Person_89,happy,MYS_G000115_18072021_80_21035_21101_Sample_213_20940_25.0.mp4,14
Person_89,happy,MYS_G000115_18072021_81_21099_21213_Sample_213_20940_25.0.mp4,55
Person_89,happy,MYS_G000115_18072021_82_21711_21796_Sample_213_20940_25.0.mp4,27
Person_89,happy,MYS_G000115_18072021_84_22466_22689_Sample_213_20940_25.0.mp4,112
Person_89,happy,MYS_G000115_18072021_85_22697_22786_Sample_213_20940_25.0.mp4,44
Person_89,happy,MYS_G000115_18072021_86_22945_23054_Sample_213_20940_25.0.mp4,20
Person_89,happy,MYS_G000120_03072021_30_22376_22485_Sample_152_21540_25.0.mp4,73
Person_89,happy,MYS_G000120_03072021_31_23441_23511_Sample_152_21540_25.0.mp4,23
Person_89,happy,MYS_G000120_03072021_34_23931_24017_Sample_152_21540_25.0.mp4,17
Person_9,happy,MYS_G000122_24072021_02_30_31860_32011_Sample_206_31800_25.0.mp4,68
Person_9,happy,MYS_G000122_24072021_02_38_35041_35088_Sample_233_34980_25.0.mp4,14
Person_9,happy,MYS_G000122_24072021_02_52_47793_47863_Sample_366_47460_25.0.mp4,9
Person_91,happy,MYS_G000115_18072021_60_18780_18826_Sample_197_18780_25.0.mp4,16
Person_91,happy,MYS_G000115_18072021_69_20125_20178_Sample_206_20100_25.0.mp4,29
Person_91,happy,MYS_G000115_18072021_7_127140_127196_Sample_1010_127140_25.0.mp4,12
Person_91,happy,MYS_G000115_18072021_90_3014_3057_Sample_21_2880_25.0.mp4,22
Person_98,happy,MYS_G000120_03072021_246_74641_74685_Sample_418_74640_25.0.mp4,15
Person_98,happy,MYS_G000120_03072021_247_74728_74798_Sample_418_74640_25.0.mp4,18
Person_98,happy,MYS_G000120_03072021_248_74799_74820_Sample_418_74640_25.0.mp4,16
Person_98,happy,MYS_G000120_11072021_83_161471_161552_Sample_1237_161400_25.0.mp4,56
Person_98,happy,MYS_G000120_11072021_85_161820_161966_Sample_1242_161820_25.0.mp4,32
Person_98,happy,MYS_G000120_11072021_86_161979_162000_Sample_1243_161820_25.0.mp4,11
Person_1,no emotion,MYS_G000010_02042021_01_103_43164_43296_Sample_485_42060_25.0.mp4,66
Person_1,no emotion,MYS_G000010_02042021_01_125_45583_45638_Sample_526_45540_25.0.mp4,27
Person_1,no emotion,MYS_G000010_02042021_01_128_45987_46173_Sample_531_45900_25.0.mp4,93
Person_1,no emotion,MYS_G000010_02042021_01_135_46796_46917_Sample_543_46680_25.0.mp4,60
Person_1,no emotion,MYS_G000010_02042021_01_137_47197_47220_Sample_546_46980_25.0.mp4,12
Person_1,no emotion,MYS_G000010_02042021_01_195_5415_5475_Sample_77_5400_25.0.mp4,30
Person_1,no emotion,MYS_G000010_02042021_01_28_14550_14625_Sample_166_14520_25.0.mp4,37
Person_1,no emotion,MYS_G000010_02042021_01_32_19297_19480_Sample_206_19200_25.0.mp4,91
Person_1,no emotion,MYS_G000010_02042021_01_39_20102_20192_Sample_216_20100_25.0.mp4,45
Person_1,no emotion,MYS_G000010_02042021_01_45_22721_22797_Sample_248_22560_25.0.mp4,38
Person_1,no emotion,MYS_G000010_02042021_01_48_23662_23757_Sample_258_23400_25.0.mp4,47
Person_1,no emotion,MYS_G000010_02042021_01_52_24240_24309_Sample_267_24240_25.0.mp4,34
Person_1,no emotion,MYS_G000010_02042021_01_57_26218_26408_Sample_290_26100_25.0.mp4,95
Person_1,no emotion,MYS_G000010_02042021_01_5_9665_9745_Sample_111_9660_25.0.mp4,40
Person_1,no emotion,MYS_G000010_02042021_01_89_31547_31617_Sample_360_31440_25.0.mp4,35
Person_1,no emotion,MYS_G000010_02042021_02_10_10500_10620_Sample_135_10500_25.0.mp4,60
Person_1,no emotion,MYS_G000010_02042021_02_129_28860_29280_Sample_373_28860_25.0.mp4,210
Person_1,no emotion,MYS_G000010_02042021_02_137_30420_30540_Sample_390_30420_25.0.mp4,60
Person_1,no emotion,MYS_G000010_02042021_02_216_52980_53340_Sample_681_52980_25.0.mp4,180
Person_1,no emotion,MYS_G000010_02042021_02_55_18780_19200_Sample_233_18780_25.0.mp4,210
Person_1,no emotion,MYS_G000010_02042021_02_59_19380_19500_Sample_240_19380_25.0.mp4,60
Person_1,no emotion,MYS_G000010_02042021_02_82_22320_22560_Sample_281_22320_25.0.mp4,120
Person_1,no emotion,MYS_G000010_02042021_02_96_24600_24840_Sample_309_24600_25.0.mp4,120
Person_1,no emotion,MYS_G000010_02042021_03_122_8700_8940_Sample_94_8700_25.0.mp4,120
Person_1,no emotion,MYS_G000010_02042021_03_35_23400_23580_Sample_306_23400_25.0.mp4,90
Person_1,no emotion,MYS_G000010_02042021_03_39_23640_23760_Sample_310_23640_25.0.mp4,60
Person_1,no emotion,MYS_G000010_02042021_03_76_45660_46020_Sample_634_45660_25.0.mp4,180
Person_1,no emotion,MYS_G000010_02042021_03_79_46500_46620_Sample_648_46500_25.0.mp4,60
Person_1,no emotion,MYS_G000010_02042021_04_112_52129_52200_Sample_653_52020_25.0.mp4,35
Person_1,no emotion,MYS_G000010_02042021_04_114_52394_52432_Sample_657_52380_25.0.mp4,14
Person_1,no emotion,MYS_G000010_02042021_04_11_8405_8577_Sample_122_8100_25.0.mp4,86
Person_1,no emotion,MYS_G000010_02042021_04_123_53708_53779_Sample_681_53700_25.0.mp4,35
Person_1,no emotion,MYS_G000010_02042021_04_125_53950_54073_Sample_684_53940_25.0.mp4,61
Person_1,no emotion,MYS_G000010_02042021_04_17_9098_9190_Sample_134_9060_25.0.mp4,46
Person_1,no emotion,MYS_G000010_02042021_04_19_10276_10381_Sample_160_10260_25.0.mp4,52
Person_1,no emotion,MYS_G000010_02042021_04_25_10990_11152_Sample_179_10920_25.0.mp4,81
Person_1,no emotion,MYS_G000010_02042021_04_35_1220_1317_Sample_21_1020_25.0.mp4,48
Person_1,no emotion,MYS_G000010_02042021_04_43_15720_15804_Sample_237_15720_25.0.mp4,42
Person_1,no emotion,MYS_G000010_02042021_04_53_35504_35541_Sample_453_35160_25.0.mp4,11
Person_1,no emotion,MYS_G000010_02042021_04_60_20220_20726_Sample_286_20220_25.0.mp4,253
Person_1,no emotion,MYS_G000010_02042021_04_64_38880_38993_Sample_495_38880_25.0.mp4,56
Person_1,no emotion,MYS_G000010_02042021_04_67_39909_39985_Sample_504_39900_25.0.mp4,38
Person_1,no emotion,MYS_G000010_02042021_04_87_44645_44745_Sample_568_44640_25.0.mp4,50
Person_1,no emotion,MYS_G000010_02042021_04_8_7811_7977_Sample_114_7500_25.0.mp4,83
Person_1,no emotion,MYS_G000010_02042021_04_90_45350_45404_Sample_578_45300_25.0.mp4,27
Person_1,no emotion,MYS_G000010_02042021_04_93_46087_46144_Sample_587_46080_25.0.mp4,28
Person_1,no emotion,MYS_G000010_02042021_04_94_46335_46474_Sample_589_46260_25.0.mp4,69
Person_1,no emotion,MYS_G000010_02042021_04_95_46813_47101_Sample_593_46800_25.0.mp4,144
Person_1,no emotion,MYS_G000010_02042021_04_96_47454_47484_Sample_600_47280_25.0.mp4,9
Person_1,no emotion,MYS_G000010_05032021_01_1_14519_14568_Sample_105_14460_25.0.mp4,24
Person_1,no emotion,MYS_G000010_05032021_01_41_32268_32340_Sample_231_32220_25.0.mp4,36
Person_1,no emotion,MYS_G000010_05032021_01_42_32528_32576_Sample_234_32520_25.0.mp4,24
Person_1,no emotion,MYS_G000010_05032021_01_49_36741_36777_Sample_266_36660_25.0.mp4,18
Person_1,no emotion,MYS_G000010_05032021_01_59_4111_4134_Sample_28_4080_25.0.mp4,11
Person_1,no emotion,MYS_G000010_05032021_01_9_16231_16334_Sample_120_16200_25.0.mp4,13
Person_1,no emotion,MYS_G000010_05032021_02_121_16242_16266_Sample_68_16200_25.0.mp4,12
Person_1,no emotion,MYS_G000010_05032021_02_122_16859_16952_Sample_70_16440_25.0.mp4,46
Person_1,no emotion,MYS_G000010_05032021_02_18_30115_30240_Sample_191_30060_25.0.mp4,62
Person_1,no emotion,MYS_G000010_05032021_02_21_30371_30382_Sample_194_30360_25.0.mp4,5
Person_1,no emotion,MYS_G000010_05032021_02_22_31157_31224_Sample_197_31140_25.0.mp4,33
Person_1,no emotion,MYS_G000010_05032021_02_24_31320_31386_Sample_199_31320_25.0.mp4,33
Person_1,no emotion,MYS_G000010_05032021_02_29_5820_5984_Sample_20_5820_25.0.mp4,82
Person_1,no emotion,MYS_G000010_05032021_02_34_6587_6617_Sample_21_6480_25.0.mp4,15
Person_1,no emotion,MYS_G000010_05032021_02_40_7299_7385_Sample_23_7260_25.0.mp4,43
Person_1,no emotion,MYS_G000010_05032021_02_54_38997_39060_Sample_259_38940_25.0.mp4,31
Person_1,no emotion,MYS_G000010_05032021_02_85_46572_46677_Sample_336_46380_25.0.mp4,52
Person_1,no emotion,MYS_G000010_05032021_02_94_48867_48907_Sample_356_48840_25.0.mp4,20
Person_1,no emotion,MYS_G000010_05032021_02_95_49089_49141_Sample_357_49080_25.0.mp4,26
Person_1,no emotion,MYS_G000010_05032021_02_97_49508_49576_Sample_359_49500_25.0.mp4,34
Person_1,no emotion,MYS_G000010_05032021_02_9_25327_25440_Sample_158_25320_25.0.mp4,56
Person_1,no emotion,MYS_G000010_07052021_01_18_3198_3606_Sample_46_2700_25.0.mp4,204
Person_1,no emotion,MYS_G000010_07052021_01_25_4089_4145_Sample_64_4080_25.0.mp4,28
Person_1,no emotion,MYS_G000010_07052021_01_28_4696_4751_Sample_71_4620_25.0.mp4,27
Person_1,no emotion,MYS_G000010_07052021_01_29_5108_5263_Sample_77_5040_25.0.mp4,77
Person_1,no emotion,MYS_G000010_07052021_01_33_6705_6819_Sample_97_6300_25.0.mp4,57
Person_1,no emotion,MYS_G000010_07052021_01_7_7680_7911_Sample_118_7680_25.0.mp4,115
Person_1,no emotion,MYS_G000010_07052021_01_9_8184_8222_Sample_123_8160_25.0.mp4,17
Person_1,no emotion,MYS_G000010_09042021_01_106_26340_26520_Sample_313_26340_25.0.mp4,90
Person_1,no emotion,MYS_G000010_09042021_01_119_33600_33900_Sample_401_33600_25.0.mp4,150
Person_1,no emotion,MYS_G000010_09042021_01_161_42180_42420_Sample_522_42180_25.0.mp4,120
Person_1,no emotion,MYS_G000010_09042021_01_165_43140_43440_Sample_533_43140_25.0.mp4,150
Person_1,no emotion,MYS_G000010_09042021_01_178_45413_45780_Sample_555_45360_25.0.mp4,32
Person_1,no emotion,MYS_G000010_09042021_01_193_49140_49320_Sample_604_49140_25.0.mp4,90
Person_1,no emotion,MYS_G000010_09042021_01_29_11040_11160_Sample_149_11040_25.0.mp4,60
Person_1,no emotion,MYS_G000010_09042021_01_46_13020_13200_Sample_174_13020_25.0.mp4,90
Person_1,no emotion,MYS_G000010_09042021_01_57_15000_15300_Sample_199_15000_25.0.mp4,150
Person_1,no emotion,MYS_G000010_09042021_01_72_17100_17880_Sample_231_17100_25.0.mp4,390
Person_1,no emotion,MYS_G000010_09042021_03_158_49668_49856_Sample_662_49380_25.0.mp4,94
Person_1,no emotion,MYS_G000010_09042021_03_1_6755_6775_Sample_100_6660_25.0.mp4,10
Person_1,no emotion,MYS_G000010_09042021_03_36_10788_10830_Sample_166_10620_25.0.mp4,20
Person_1,no emotion,MYS_G000010_09042021_03_50_12888_12969_Sample_198_12540_25.0.mp4,40
Person_1,no emotion,MYS_G000010_09042021_03_5_7156_7200_Sample_107_7080_25.0.mp4,22
Person_1,no emotion,MYS_G000010_09042021_03_70_15310_15395_Sample_236_15300_25.0.mp4,42
Person_1,no emotion,MYS_G000010_09042021_04_115_38025_38200_Sample_408_36720_25.0.mp4,26
Person_1,no emotion,MYS_G000010_09042021_04_150_45755_45803_Sample_510_45240_25.0.mp4,26
Person_1,no emotion,MYS_G000010_09042021_04_166_49320_49680_Sample_556_49320_25.0.mp4,180
Person_1,no emotion,MYS_G000010_09042021_04_169_49740_49860_Sample_560_49740_25.0.mp4,60
Person_1,no emotion,MYS_G000010_09042021_04_188_52804_52860_Sample_592_52080_25.0.mp4,12
Person_1,no emotion,MYS_G000010_09042021_04_195_53280_54240_Sample_609_53280_25.0.mp4,480
Person_1,no emotion,MYS_G000010_09042021_04_1_7320_7920_Sample_101_7320_25.0.mp4,300
Person_1,no emotion,MYS_G000010_09042021_04_204_54720_55140_Sample_626_54720_25.0.mp4,210
Person_1,no emotion,MYS_G000010_09042021_04_20_16041_16123_Sample_205_15780_25.0.mp4,48
Person_1,no emotion,MYS_G000010_09042021_04_5_8700_9240_Sample_124_8700_25.0.mp4,270
Person_1,no emotion,MYS_G000010_09042021_04_76_30000_31680_Sample_335_30000_25.0.mp4,840
Person_1,no emotion,MYS_G000010_09042021_04_8_9300_9420_Sample_132_9300_25.0.mp4,60
Person_1,no emotion,MYS_G000010_09042021_04_90_2880_3000_Sample_36_2880_25.0.mp4,60
Person_1,no emotion,MYS_G000010_09042021_04_95_32591_32657_Sample_363_32520_25.0.mp4,22
Person_1,no emotion,MYS_G000010_09042021_04_96_32866_32924_Sample_363_32520_25.0.mp4,34
Person_1,no emotion,MYS_G000010_09042021_05_51_6000_6600_Sample_33_6000_25.0.mp4,300
Person_1,no emotion,MYS_G000010_09042021_05_67_9960_10320_Sample_41_9960_25.0.mp4,180
Person_1,no emotion,MYS_G000010_09042021_05_69_10380_10620_Sample_43_10380_25.0.mp4,120
Person_1,no emotion,MYS_G000010_09042021_05_7_21420_21720_Sample_118_21420_25.0.mp4,150
Person_1,no emotion,MYS_G000010_09072021_01_112_11220_11460_Sample_158_11220_25.0.mp4,120
Person_1,no emotion,MYS_G000010_09072021_01_117_11520_12420_Sample_165_11520_25.0.mp4,450
Person_1,no emotion,MYS_G000010_09072021_01_154_16560_16680_Sample_229_16560_25.0.mp4,60
Person_1,no emotion,MYS_G000010_09072021_01_21_89220_89700_Sample_1222_89220_25.0.mp4,240
Person_1,no emotion,MYS_G000010_09072021_01_23_89820_90120_Sample_1232_89820_25.0.mp4,150
Person_1,no emotion,MYS_G000010_09072021_01_24_90180_90360_Sample_1238_90180_25.0.mp4,90
Person_1,no emotion,MYS_G000010_09072021_01_28_90600_90960_Sample_1244_90600_25.0.mp4,180
Person_1,no emotion,MYS_G000010_09072021_01_309_35640_35760_Sample_511_35640_25.0.mp4,60
Person_1,no emotion,MYS_G000010_09072021_01_30_91020_91380_Sample_1250_91020_25.0.mp4,180
Person_1,no emotion,MYS_G000010_09072021_01_34_91680_91860_Sample_1260_91680_25.0.mp4,90
Person_1,no emotion,MYS_G000010_09072021_01_39_92580_93180_Sample_1275_92580_25.0.mp4,300
Person_1,no emotion,MYS_G000010_09072021_01_3_86700_86820_Sample_1179_86700_25.0.mp4,60
Person_1,no emotion,MYS_G000010_09072021_01_42_93660_93840_Sample_1286_93660_25.0.mp4,90
Person_1,no emotion,MYS_G000010_09072021_01_463_62062_62189_Sample_792_61560_25.0.mp4,58
Person_1,no emotion,MYS_G000010_09072021_01_46_93900_94260_Sample_1291_93900_25.0.mp4,180
Person_1,no emotion,MYS_G000010_09072021_01_5_9465_9499_Sample_130_9420_25.0.mp4,13
Person_1,no emotion,MYS_G000010_09072021_01_6_95400_95453_Sample_1312_95400_25.0.mp4,19
Person_1,no emotion,MYS_G000010_09072021_01_88_10742_10783_Sample_147_10740_25.0.mp4,15
Person_1,no emotion,MYS_G000010_09072021_01_89_85560_85800_Sample_1163_85560_25.0.mp4,120
Person_1,no emotion,MYS_G000010_09072021_01_8_88380_88980_Sample_1210_88380_25.0.mp4,300
Person_1,no emotion,MYS_G000010_12032021_01_13_26160_26340_Sample_150_26160_25.0.mp4,90
Person_1,no emotion,MYS_G000010_12032021_01_14_26460_26940_Sample_152_26460_25.0.mp4,240
Person_1,no emotion,MYS_G000010_12032021_01_26_31260_31440_Sample_179_31260_25.0.mp4,90
Person_1,no emotion,MYS_G000010_12032021_01_38_34980_35220_Sample_196_34980_25.0.mp4,120
Person_1,no emotion,MYS_G000010_12032021_01_3_20520_20700_Sample_129_20520_25.0.mp4,90
Person_1,no emotion,MYS_G000010_12032021_01_4_1500_1740_Sample_13_1500_25.0.mp4,120
Person_1,no emotion,MYS_G000010_12032021_01_5_23280_23580_Sample_138_23280_25.0.mp4,150
Person_1,no emotion,MYS_G000010_12032021_01_60_5460_5820_Sample_30_5460_25.0.mp4,180
Person_1,no emotion,MYS_G000010_12032021_01_77_8940_9060_Sample_65_8940_25.0.mp4,60
Person_1,no emotion,MYS_G000010_12032021_01_78_9416_9452_Sample_67_9360_25.0.mp4,19
Person_1,no emotion,MYS_G000010_12032021_01_80_9840_10080_Sample_69_9840_25.0.mp4,120
Person_1,no emotion,MYS_G000010_12032021_01_81_11040_11280_Sample_80_11040_25.0.mp4,120
Person_1,no emotion,MYS_G000010_13082021_03_105_32400_32513_Sample_478_32400_25.0.mp4,56
Person_1,no emotion,MYS_G000010_16042021_01_3_7380_7977_Sample_100_7380_25.0.mp4,298
Person_1,no emotion,MYS_G000010_16042021_01_47_13740_13920_Sample_180_13740_25.0.mp4,90
Person_1,no emotion,MYS_G000010_16042021_01_9_8700_8820_Sample_116_8700_25.0.mp4,60
Person_1,no emotion,MYS_G000010_16072021_01_107_35137_35313_Sample_393_34620_25.0.mp4,88
Person_1,no emotion,MYS_G000010_16072021_01_112_35520_35637_Sample_403_35520_25.0.mp4,58
Person_1,no emotion,MYS_G000010_16072021_01_114_36278_36310_Sample_411_36060_25.0.mp4,16
Person_1,no emotion,MYS_G000010_16072021_01_11_505_632_Sample_12_360_25.0.mp4,63
Person_1,no emotion,MYS_G000010_16072021_01_136_39780_39897_Sample_462_39780_25.0.mp4,58
Person_1,no emotion,MYS_G000010_16072021_01_158_43508_43620_Sample_507_43500_25.0.mp4,56
Person_1,no emotion,MYS_G000010_16072021_01_171_45230_45357_Sample_533_45060_25.0.mp4,63
Person_1,no emotion,MYS_G000010_16072021_01_174_45521_45614_Sample_539_45420_25.0.mp4,46
Person_1,no emotion,MYS_G000010_16072021_01_176_45780_45854_Sample_544_45780_25.0.mp4,37
Person_1,no emotion,MYS_G000010_16072021_01_179_45960_46148_Sample_548_45960_25.0.mp4,94
Person_1,no emotion,MYS_G000010_16072021_01_181_47507_47997_Sample_551_46320_25.0.mp4,245
Person_1,no emotion,MYS_G000010_16072021_01_197_48420_48503_Sample_580_48420_25.0.mp4,41
Person_1,no emotion,MYS_G000010_16072021_01_1_6585_6718_Sample_103_6540_25.0.mp4,66
Person_1,no emotion,MYS_G000010_16072021_01_200_48900_49257_Sample_587_48900_25.0.mp4,178
Person_1,no emotion,MYS_G000010_16072021_01_213_50220_50340_Sample_611_50220_25.0.mp4,60
Person_1,no emotion,MYS_G000010_16072021_01_216_50400_50477_Sample_616_50400_25.0.mp4,38
Person_1,no emotion,MYS_G000010_16072021_01_219_51164_51238_Sample_626_51120_25.0.mp4,37
Person_1,no emotion,MYS_G000010_16072021_01_229_52602_52703_Sample_643_52560_25.0.mp4,50
Person_1,no emotion,MYS_G000010_16072021_01_24_19080_19260_Sample_200_19080_25.0.mp4,90
Person_1,no emotion,MYS_G000010_16072021_01_263_55980_56057_Sample_693_55980_25.0.mp4,38
Person_1,no emotion,MYS_G000010_16072021_01_264_62221_62517_Sample_694_61980_25.0.mp4,148
Person_1,no emotion,MYS_G000010_16072021_01_269_62777_63117_Sample_705_62640_25.0.mp4,170
Person_1,no emotion,MYS_G000010_16072021_01_26_19641_19703_Sample_208_19380_25.0.mp4,31
Person_1,no emotion,MYS_G000010_16072021_01_276_63360_63535_Sample_717_63360_25.0.mp4,87
Person_1,no emotion,MYS_G000010_16072021_01_279_63915_64017_Sample_721_63600_25.0.mp4,51
Person_1,no emotion,MYS_G000010_16072021_01_325_77019_77035_Sample_831_73080_25.0.mp4,8
Person_1,no emotion,MYS_G000010_16072021_01_34_20469_21495_Sample_222_20340_25.0.mp4,513
Person_1,no emotion,MYS_G000010_16072021_01_363_79560_79651_Sample_913_79560_25.0.mp4,45
Person_1,no emotion,MYS_G000010_16072021_01_365_79800_79887_Sample_918_79800_25.0.mp4,43
Person_1,no emotion,MYS_G000010_16072021_01_39_21976_22277_Sample_237_21600_25.0.mp4,150
Person_1,no emotion,MYS_G000010_16072021_01_45_23044_23236_Sample_253_22980_25.0.mp4,96
Person_1,no emotion,MYS_G000010_16072021_01_5_6976_7361_Sample_113_6960_25.0.mp4,192
Person_1,no emotion,MYS_G000010_16072021_01_78_30392_30735_Sample_326_29340_25.0.mp4,171
Person_1,no emotion,MYS_G000010_16072021_01_99_33335_33557_Sample_377_33300_25.0.mp4,111
Person_1,no emotion,MYS_G000010_16072021_02_125_41880_42227_Sample_454_41880_25.0.mp4,173
Person_1,no emotion,MYS_G000010_16072021_02_131_42900_42988_Sample_468_42900_25.0.mp4,44
Person_1,no emotion,MYS_G000010_16072021_02_14_16860_16951_Sample_154_16860_25.0.mp4,8
Person_1,no emotion,MYS_G000010_16072021_02_170_48720_48897_Sample_547_48720_25.0.mp4,88
Person_1,no emotion,MYS_G000010_16072021_02_173_49933_50247_Sample_561_49920_25.0.mp4,157
Person_1,no emotion,MYS_G000010_16072021_02_217_56460_56599_Sample_710_56460_25.0.mp4,69
Person_1,no emotion,MYS_G000010_16072021_02_98_3056_3177_Sample_37_2640_25.0.mp4,60
Person_1,no emotion,MYS_G000010_20082021_01_105_18490_18521_Sample_331_18420_25.0.mp4,18
Person_1,no emotion,MYS_G000010_20082021_01_118_21540_21840_Sample_384_21540_25.0.mp4,150
Person_1,no emotion,MYS_G000010_20082021_01_11_6660_6840_Sample_121_6660_25.0.mp4,90
Person_1,no emotion,MYS_G000010_20082021_01_134_25080_25320_Sample_420_25080_25.0.mp4,120
Person_1,no emotion,MYS_G000010_20082021_01_138_25380_26040_Sample_425_25380_25.0.mp4,330
Person_1,no emotion,MYS_G000010_20082021_01_13_7380_7500_Sample_132_7380_25.0.mp4,60
Person_1,no emotion,MYS_G000010_20082021_01_140_26458_26503_Sample_429_26280_25.0.mp4,13
Person_1,no emotion,MYS_G000010_20082021_01_145_27910_27941_Sample_441_27420_25.0.mp4,10
Person_1,no emotion,MYS_G000010_20082021_01_147_28020_28380_Sample_448_28020_25.0.mp4,180
Person_1,no emotion,MYS_G000010_20082021_01_150_28440_28680_Sample_452_28440_25.0.mp4,120
Person_1,no emotion,MYS_G000010_20082021_01_151_28861_28884_Sample_454_28740_25.0.mp4,10
Person_1,no emotion,MYS_G000010_20082021_01_155_30060_30540_Sample_461_30060_25.0.mp4,240
Person_1,no emotion,MYS_G000010_20082021_01_160_32040_32400_Sample_474_32040_25.0.mp4,180
Person_1,no emotion,MYS_G000010_20082021_01_161_32460_32760_Sample_476_32460_25.0.mp4,150
Person_1,no emotion,MYS_G000010_20082021_01_162_34380_34422_Sample_478_32880_25.0.mp4,21
Person_1,no emotion,MYS_G000010_20082021_01_163_34490_34608_Sample_478_32880_25.0.mp4,16
Person_1,no emotion,MYS_G000010_20082021_01_164_34610_34676_Sample_478_32880_25.0.mp4,23
Person_1,no emotion,MYS_G000010_20082021_01_165_34735_34772_Sample_478_32880_25.0.mp4,13
Person_1,no emotion,MYS_G000010_20082021_01_170_34980_35157_Sample_488_34980_25.0.mp4,66
Person_1,no emotion,MYS_G000010_20082021_01_173_36420_37080_Sample_498_36420_25.0.mp4,330
Person_1,no emotion,MYS_G000010_20082021_01_175_38100_38400_Sample_509_38100_25.0.mp4,150
Person_1,no emotion,MYS_G000010_20082021_01_183_47184_47224_Sample_570_47160_25.0.mp4,9
Person_1,no emotion,MYS_G000010_20082021_01_187_48600_48900_Sample_583_48600_25.0.mp4,150
Person_1,no emotion,MYS_G000010_20082021_01_194_4740_5040_Sample_85_4740_25.0.mp4,150
Person_1,no emotion,MYS_G000010_20082021_01_28_9401_9482_Sample_159_8640_25.0.mp4,30
Person_1,no emotion,MYS_G000010_20082021_01_38_9411_9453_Sample_170_9240_25.0.mp4,20
Person_1,no emotion,MYS_G000010_20082021_01_58_11592_11615_Sample_202_11100_25.0.mp4,8
Person_1,no emotion,MYS_G000010_20082021_01_71_14299_14385_Sample_250_13740_25.0.mp4,17
Person_1,no emotion,MYS_G000010_20082021_01_81_15120_15360_Sample_277_15120_25.0.mp4,120
Person_1,no emotion,MYS_G000010_20082021_01_95_17521_17547_Sample_309_17520_25.0.mp4,13
Person_1,no emotion,MYS_G000010_20082021_02_102_11700_11935_Sample_90_11700_25.0.mp4,117
Person_1,no emotion,MYS_G000010_20082021_02_28_24166_24236_Sample_173_24000_25.0.mp4,17
Person_1,no emotion,MYS_G000010_20082021_02_43_3058_3110_Sample_21_2940_25.0.mp4,26
Person_1,no emotion,MYS_G000010_20082021_02_55_36695_36777_Sample_275_36660_25.0.mp4,41
Person_1,no emotion,MYS_G000010_20082021_02_67_41220_41270_Sample_303_41220_25.0.mp4,25
Person_1,no emotion,MYS_G000010_20082021_02_82_5760_5978_Sample_41_5760_25.0.mp4,109
Person_1,no emotion,MYS_G000010_20082021_02_84_6525_6636_Sample_46_6420_25.0.mp4,55
Person_1,no emotion,MYS_G000010_20082021_02_85_6729_6821_Sample_49_6720_25.0.mp4,46
Person_1,no emotion,MYS_G000010_20082021_02_91_8049_8092_Sample_60_8040_25.0.mp4,21
Person_1,no emotion,MYS_G000010_20082021_02_96_9824_10050_Sample_72_9600_25.0.mp4,113
Person_1,no emotion,MYS_G000010_20082021_02_98_11040_11089_Sample_81_11040_25.0.mp4,24
Person_1,no emotion,MYS_G000010_20082021_03_10_3523_3579_Sample_28_3300_25.0.mp4,43
Person_1,no emotion,MYS_G000010_20082021_03_11_0_960_Sample_2_0_25.0.mp4,480
Person_1,no emotion,MYS_G000010_20082021_03_15_4380_4560_Sample_36_4380_25.0.mp4,90
Person_1,no emotion,MYS_G000010_20082021_03_20_5280_5400_Sample_40_5280_25.0.mp4,60
Person_1,no emotion,MYS_G000010_20082021_03_23_6187_6225_Sample_46_6120_25.0.mp4,11
Person_1,no emotion,MYS_G000010_20082021_03_25_6420_6540_Sample_49_6420_25.0.mp4,60
Person_1,no emotion,MYS_G000010_20082021_03_27_6780_6960_Sample_51_6780_25.0.mp4,90
Person_1,no emotion,MYS_G000010_20082021_03_6_2100_2340_Sample_21_2100_25.0.mp4,120
Person_1,no emotion,MYS_G000010_20082021_03_8_2460_3180_Sample_24_2460_25.0.mp4,360
Person_1,no emotion,MYS_G000010_21052021_01_104_37500_37548_Sample_472_37500_25.0.mp4,24
Person_1,no emotion,MYS_G000010_21052021_01_106_38618_38660_Sample_482_38580_25.0.mp4,21
Person_1,no emotion,MYS_G000010_21052021_01_108_39360_39407_Sample_487_39360_25.0.mp4,23
Person_1,no emotion,MYS_G000010_21052021_01_111_40837_40918_Sample_500_40680_25.0.mp4,40
Person_1,no emotion,MYS_G000010_21052021_01_116_41640_41676_Sample_511_41640_25.0.mp4,18
Person_1,no emotion,MYS_G000010_21052021_01_117_4303_4329_Sample_51_4260_25.0.mp4,13
Person_1,no emotion,MYS_G000010_21052021_01_126_4715_4750_Sample_54_4680_25.0.mp4,17
Person_1,no emotion,MYS_G000010_21052021_01_134_47349_47394_Sample_566_47340_25.0.mp4,22
Person_1,no emotion,MYS_G000010_21052021_01_14_12221_12264_Sample_139_12120_25.0.mp4,14
Person_1,no emotion,MYS_G000010_21052021_01_158_5964_5987_Sample_61_5820_25.0.mp4,11
Person_1,no emotion,MYS_G000010_21052021_01_160_51780_51826_Sample_635_51780_25.0.mp4,23
Person_1,no emotion,MYS_G000010_21052021_01_161_6309_6339_Sample_68_6300_25.0.mp4,15
Person_1,no emotion,MYS_G000010_21052021_01_164_7020_7049_Sample_79_6840_25.0.mp4,9
Person_1,no emotion,MYS_G000010_21052021_01_167_7311_7379_Sample_84_7260_25.0.mp4,34
Person_1,no emotion,MYS_G000010_21052021_01_24_15023_15048_Sample_174_15000_25.0.mp4,12
Person_1,no emotion,MYS_G000010_21052021_01_28_16124_16164_Sample_199_16080_25.0.mp4,20
Person_1,no emotion,MYS_G000010_21052021_01_30_16607_16661_Sample_202_16380_25.0.mp4,27
Person_1,no emotion,MYS_G000010_21052021_01_37_17529_17619_Sample_213_17220_25.0.mp4,45
Person_1,no emotion,MYS_G000010_21052021_01_42_18694_18781_Sample_231_18360_25.0.mp4,43
Person_1,no emotion,MYS_G000010_21052021_01_45_19001_19070_Sample_242_18960_25.0.mp4,34
Person_1,no emotion,MYS_G000010_21052021_01_4_9262_9329_Sample_105_9240_25.0.mp4,33
Person_1,no emotion,MYS_G000010_21052021_01_56_21813_21855_Sample_283_21780_25.0.mp4,21
Person_1,no emotion,MYS_G000010_21052021_01_61_23462_23517_Sample_302_23400_25.0.mp4,27
Person_1,no emotion,MYS_G000010_21052021_01_63_23880_23930_Sample_306_23880_25.0.mp4,25
Person_1,no emotion,MYS_G000010_21052021_01_75_28531_28617_Sample_354_28260_25.0.mp4,43
Person_1,no emotion,MYS_G000010_21052021_01_80_29100_29194_Sample_364_29100_25.0.mp4,47
Person_1,no emotion,MYS_G000010_21052021_01_82_29520_29639_Sample_370_29520_25.0.mp4,59
Person_1,no emotion,MYS_G000010_21052021_01_86_30420_30473_Sample_384_30420_25.0.mp4,26
Person_1,no emotion,MYS_G000010_21052021_01_91_31464_31528_Sample_398_31140_25.0.mp4,32
Person_1,no emotion,MYS_G000010_21052021_01_93_31754_31801_Sample_402_31620_25.0.mp4,23
Person_1,no emotion,MYS_G000010_21052021_02_100_27674_27718_Sample_381_27660_25.0.mp4,17
Person_1,no emotion,MYS_G000010_21052021_02_108_29040_29340_Sample_402_29040_25.0.mp4,150
Person_1,no emotion,MYS_G000010_21052021_02_111_29340_30420_Sample_410_29340_25.0.mp4,540
Person_1,no emotion,MYS_G000010_21052021_02_122_2820_3480_Sample_44_2820_25.0.mp4,330
Person_1,no emotion,MYS_G000010_21052021_02_134_35880_36300_Sample_524_35880_25.0.mp4,210
Person_1,no emotion,MYS_G000010_21052021_02_206_55066_55160_Sample_800_54780_25.0.mp4,55
Person_1,no emotion,MYS_G000010_21052021_02_212_6300_6540_Sample_86_6300_25.0.mp4,120
Person_1,no emotion,MYS_G000010_21052021_02_216_6660_6730_Sample_90_6660_25.0.mp4,10
Person_1,no emotion,MYS_G000010_21052021_02_33_71820_72120_Sample_1076_71820_25.0.mp4,150
Person_1,no emotion,MYS_G000010_21052021_02_35_72240_72420_Sample_1085_72240_25.0.mp4,90
Person_1,no emotion,MYS_G000010_21052021_02_36_72480_72660_Sample_1088_72480_25.0.mp4,90
Person_1,no emotion,MYS_G000010_21052021_02_38_72780_73080_Sample_1093_72780_25.0.mp4,150
Person_1,no emotion,MYS_G000010_21052021_02_42_73680_73800_Sample_1105_73680_25.0.mp4,60
Person_1,no emotion,MYS_G000010_21052021_02_46_74160_74580_Sample_1112_74160_25.0.mp4,210
Person_1,no emotion,MYS_G000010_21052021_02_49_74640_74880_Sample_1119_74640_25.0.mp4,120
Person_1,no emotion,MYS_G000010_21052021_02_60_16380_16500_Sample_199_16380_25.0.mp4,60
Person_1,no emotion,MYS_G000010_21052021_02_65_18604_18668_Sample_223_17700_25.0.mp4,23
Person_1,no emotion,MYS_G000010_21052021_02_82_20760_20880_Sample_267_20760_25.0.mp4,60
Person_1,no emotion,MYS_G000010_21052021_02_8_68940_69060_Sample_1034_68940_25.0.mp4,60
Person_1,no emotion,MYS_G000010_21052021_02_94_26160_26280_Sample_345_26160_25.0.mp4,60
Person_1,no emotion,MYS_G000010_21052021_02_95_2220_2460_Sample_36_2220_25.0.mp4,120
Person_1,no emotion,MYS_G000010_23042021_01_106_31170_31260_Sample_399_30660_25.0.mp4,49
Person_1,no emotion,MYS_G000010_23042021_01_107_31393_31437_Sample_399_30660_25.0.mp4,11
Person_1,no emotion,MYS_G000010_23042021_01_115_2520_2700_Sample_46_2520_25.0.mp4,90
Person_1,no emotion,MYS_G000010_23042021_01_154_41040_41280_Sample_562_41040_25.0.mp4,120
Person_1,no emotion,MYS_G000010_23042021_01_157_41820_42780_Sample_575_41820_25.0.mp4,480
Person_1,no emotion,MYS_G000010_23042021_01_167_43380_45000_Sample_601_43380_25.0.mp4,810
Person_1,no emotion,MYS_G000010_23042021_01_182_46500_47280_Sample_664_46500_25.0.mp4,390
Person_1,no emotion,MYS_G000010_23042021_01_189_47490_47541_Sample_681_47460_25.0.mp4,9
Person_1,no emotion,MYS_G000010_23042021_01_203_49500_49620_Sample_713_49500_25.0.mp4,60
Person_1,no emotion,MYS_G000010_23042021_01_42_16740_17520_Sample_236_16740_25.0.mp4,390
Person_1,no emotion,MYS_G000010_23042021_01_46_17820_17940_Sample_249_17820_25.0.mp4,60
Person_1,no emotion,MYS_G000010_23042021_01_48_18000_19140_Sample_250_18000_25.0.mp4,570
Person_1,no emotion,MYS_G000010_23042021_01_59_21540_21660_Sample_291_21540_25.0.mp4,60
Person_1,no emotion,MYS_G000010_23042021_02_120_48720_48774_Sample_627_48720_25.0.mp4,27
Person_1,no emotion,MYS_G000010_23042021_02_126_5574_5629_Sample_80_5280_25.0.mp4,29
Person_1,no emotion,MYS_G000010_23042021_02_73_17700_17734_Sample_285_17700_25.0.mp4,17
Person_1,no emotion,MYS_G000010_23042021_02_83_28387_28421_Sample_386_28380_25.0.mp4,17
Person_1,no emotion,MYS_G000010_23042021_03_101_44473_44641_Sample_686_44460_25.0.mp4,84
Person_1,no emotion,MYS_G000010_23042021_03_111_47318_47349_Sample_719_47100_25.0.mp4,15
Person_1,no emotion,MYS_G000010_23042021_03_12_9668_9711_Sample_179_9660_25.0.mp4,21
Person_1,no emotion,MYS_G000010_23042021_03_13_10268_10305_Sample_185_10260_25.0.mp4,18
Person_1,no emotion,MYS_G000010_23042021_03_141_120_151_Sample_7_120_25.0.mp4,15
Person_1,no emotion,MYS_G000010_23042021_03_15_10462_10517_Sample_189_10440_25.0.mp4,27
Person_1,no emotion,MYS_G000010_23042021_03_16_882_911_Sample_18_840_25.0.mp4,14
Person_1,no emotion,MYS_G000010_23042021_03_32_13154_13275_Sample_238_13020_25.0.mp4,60
Person_1,no emotion,MYS_G000010_23042021_03_39_14840_14960_Sample_258_14580_25.0.mp4,60
Person_1,no emotion,MYS_G000010_23042021_03_64_20408_20445_Sample_360_20400_25.0.mp4,18
Person_1,no emotion,MYS_G000010_23042021_03_75_37923_37970_Sample_577_37440_25.0.mp4,23
Person_1,no emotion,MYS_G000010_23042021_03_81_39486_39527_Sample_615_39420_25.0.mp4,23
Person_1,no emotion,MYS_G000010_23042021_03_82_41205_41283_Sample_620_39720_25.0.mp4,44
Person_1,no emotion,MYS_G000010_23042021_03_90_44243_44341_Sample_656_42480_25.0.mp4,49
Person_1,no emotion,MYS_G000010_23072021_01_105_27780_27960_Sample_212_27780_25.0.mp4,90
Person_1,no emotion,MYS_G000010_23072021_01_193_11400_11520_Sample_81_11400_25.0.mp4,60
Person_1,no emotion,MYS_G000010_23072021_01_37_21720_21960_Sample_130_21720_25.0.mp4,120
Person_1,no emotion,MYS_G000010_23072021_01_41_22247_22320_Sample_136_22020_25.0.mp4,37
Person_1,no emotion,MYS_G000010_23072021_01_64_24180_24600_Sample_170_24180_25.0.mp4,210
Person_1,no emotion,MYS_G000010_27082021_01_113_23820_25009_Sample_235_23820_25.0.mp4,594
Person_1,no emotion,MYS_G000010_27082021_01_158_37382_37506_Sample_407_37380_25.0.mp4,62
Person_1,no emotion,MYS_G000010_27082021_01_161_38596_38640_Sample_418_38400_25.0.mp4,22
Person_1,no emotion,MYS_G000010_27082021_01_164_3300_3775_Sample_42_3300_25.0.mp4,237
Person_1,no emotion,MYS_G000010_27082021_01_166_40200_40274_Sample_438_40200_25.0.mp4,37
Person_1,no emotion,MYS_G000010_27082021_01_170_40860_40990_Sample_447_40860_25.0.mp4,65
Person_1,no emotion,MYS_G000010_27082021_01_175_43080_43437_Sample_474_43080_25.0.mp4,178
Person_1,no emotion,MYS_G000010_27082021_01_178_43620_43705_Sample_480_43620_25.0.mp4,42
Person_1,no emotion,MYS_G000010_27082021_01_17_100800_100896_Sample_1057_100800_25.0.mp4,48
Person_1,no emotion,MYS_G000010_27082021_01_180_44337_44413_Sample_487_44280_25.0.mp4,38
Person_1,no emotion,MYS_G000010_27082021_01_191_52594_52648_Sample_553_52560_25.0.mp4,27
Person_1,no emotion,MYS_G000010_27082021_01_219_63540_63608_Sample_656_63540_25.0.mp4,34
Person_1,no emotion,MYS_G000010_27082021_01_227_66660_66812_Sample_689_66660_25.0.mp4,76
Person_1,no emotion,MYS_G000010_27082021_01_273_89100_89205_Sample_933_89100_25.0.mp4,52
Person_1,no emotion,MYS_G000010_27082021_01_276_89488_89577_Sample_936_89400_25.0.mp4,44
Person_1,no emotion,MYS_G000010_27082021_01_285_93399_93468_Sample_970_93360_25.0.mp4,34
Person_1,no emotion,MYS_G000010_27082021_01_33_104100_104279_Sample_1100_104100_25.0.mp4,89
Person_1,no emotion,MYS_G000010_27082021_01_38_104820_104962_Sample_1108_104820_25.0.mp4,71
Person_1,no emotion,MYS_G000010_27082021_01_49_108060_108140_Sample_1150_108060_25.0.mp4,40
Person_1,no emotion,MYS_G000010_27082021_01_59_111000_111119_Sample_1182_111000_25.0.mp4,59
Person_1,no emotion,MYS_G000010_27082021_01_65_111540_111780_Sample_1188_111540_25.0.mp4,120
Person_1,no emotion,MYS_G000010_27082021_01_69_112020_112313_Sample_1192_112020_25.0.mp4,146
Person_1,no emotion,MYS_G000010_27082021_01_8_98042_98067_Sample_1023_97860_25.0.mp4,11
Person_1,no emotion,MYS_G000010_30042021_01_30_66300_66600_Sample_1088_66300_25.0.mp4,150
Person_1,no emotion,MYS_G000010_30042021_01_36_67080_67500_Sample_1103_67080_25.0.mp4,210
Person_1,no emotion,MYS_G000010_30042021_01_415_18840_19080_Sample_294_18840_25.0.mp4,120
Person_1,no emotion,MYS_G000010_30042021_01_420_19440_19740_Sample_312_19440_25.0.mp4,150
Person_1,no emotion,MYS_G000010_30042021_01_424_19860_20040_Sample_319_19860_25.0.mp4,90
Person_1,no emotion,MYS_G000010_30042021_01_42_67980_68100_Sample_1118_67980_25.0.mp4,60
Person_1,no emotion,MYS_G000010_30042021_01_442_23280_23460_Sample_365_23280_25.0.mp4,90
Person_1,no emotion,MYS_G000010_30042021_01_455_24840_25080_Sample_390_24840_25.0.mp4,120
Person_1,no emotion,MYS_G000010_30042021_01_457_25140_25560_Sample_393_25140_25.0.mp4,210
Person_1,no emotion,MYS_G000010_30042021_01_470_27540_27660_Sample_426_27540_25.0.mp4,60
Person_1,no emotion,MYS_G000010_30042021_01_471_27720_27900_Sample_427_27720_25.0.mp4,90
Person_1,no emotion,MYS_G000010_30042021_01_472_27900_28200_Sample_431_27900_25.0.mp4,150
Person_1,no emotion,MYS_G000010_30042021_01_488_30540_30660_Sample_471_30540_25.0.mp4,60
Person_1,no emotion,MYS_G000010_30042021_01_494_31860_32040_Sample_489_31860_25.0.mp4,90
Person_1,no emotion,MYS_G000010_30042021_01_505_33000_33420_Sample_512_33000_25.0.mp4,210
Person_1,no emotion,MYS_G000010_30042021_01_529_36360_36480_Sample_563_36360_25.0.mp4,60
Person_1,no emotion,MYS_G000010_30042021_01_537_37140_37260_Sample_575_37140_25.0.mp4,60
Person_1,no emotion,MYS_G000010_30042021_01_538_37320_37500_Sample_578_37320_25.0.mp4,90
Person_1,no emotion,MYS_G000010_30042021_01_544_38220_38460_Sample_594_38220_25.0.mp4,120
Person_1,no emotion,MYS_G000010_30042021_01_551_39240_39420_Sample_614_39240_25.0.mp4,90
Person_1,no emotion,MYS_G000010_30042021_01_559_39840_39960_Sample_629_39840_25.0.mp4,60
Person_1,no emotion,MYS_G000010_30042021_01_562_40140_40560_Sample_633_40140_25.0.mp4,210
Person_1,no emotion,MYS_G000010_30042021_01_565_40620_41760_Sample_640_40620_25.0.mp4,570
Person_1,no emotion,MYS_G000010_30042021_01_572_42000_42120_Sample_661_42000_25.0.mp4,60
Person_1,no emotion,MYS_G000010_30042021_01_574_42600_42840_Sample_676_42600_25.0.mp4,120
Person_1,no emotion,MYS_G000010_30042021_01_576_43260_44640_Sample_693_43260_25.0.mp4,690
Person_1,no emotion,MYS_G000010_30042021_01_579_4500_4800_Sample_70_4500_25.0.mp4,150
Person_1,no emotion,MYS_G000010_30042021_01_57_71700_72300_Sample_1184_71700_25.0.mp4,300
Person_1,no emotion,MYS_G000010_30042021_01_587_44760_44880_Sample_720_44760_25.0.mp4,60
Person_1,no emotion,MYS_G000010_30042021_01_589_45000_46260_Sample_724_45000_25.0.mp4,630
Person_1,no emotion,MYS_G000010_30042021_01_609_5040_5160_Sample_81_5040_25.0.mp4,60
Person_1,no emotion,MYS_G000010_30042021_01_618_51180_51300_Sample_845_51180_25.0.mp4,60
Person_1,no emotion,MYS_G000010_30042021_01_621_51720_52260_Sample_856_51720_25.0.mp4,270
Person_1,no emotion,MYS_G000010_30042021_01_71_80400_80640_Sample_1299_80400_25.0.mp4,120
Person_1,no emotion,MYS_G000010_30042021_01_80_84720_85080_Sample_1366_84720_25.0.mp4,180
Person_1,no emotion,MYS_G000010_30042021_01_96_91500_91680_Sample_1454_91500_25.0.mp4,90
Person_1,no emotion,MYS_G000011_05022021_03_11_10320_11040_Sample_126_10320_25.0.mp4,360
Person_1,no emotion,MYS_G000011_05022021_03_16_11172_12179_Sample_139_11160_25.0.mp4,503
Person_1,no emotion,MYS_G000011_05022021_03_28_14100_14760_Sample_174_14100_25.0.mp4,330
Person_1,no emotion,MYS_G000011_05022021_03_33_14820_14940_Sample_180_14820_25.0.mp4,60
Person_1,no emotion,MYS_G000011_05022021_03_34_15000_16440_Sample_183_15000_25.0.mp4,720
Person_1,no emotion,MYS_G000011_05022021_03_38_16620_17520_Sample_196_16620_25.0.mp4,450
Person_1,no emotion,MYS_G000011_05022021_03_3_34080_34200_Sample_431_34080_25.0.mp4,60
Person_1,no emotion,MYS_G000011_05022021_03_41_17580_17880_Sample_208_17580_25.0.mp4,150
Person_1,no emotion,MYS_G000011_05022021_03_45_17940_18060_Sample_213_17940_25.0.mp4,60
Person_1,no emotion,MYS_G000011_05022021_03_47_18240_18900_Sample_218_18240_25.0.mp4,330
Person_1,no emotion,MYS_G000011_05022021_03_48_18960_19200_Sample_223_18960_25.0.mp4,120
Person_1,no emotion,MYS_G000011_05022021_03_4_8880_10320_Sample_107_8880_25.0.mp4,720
Person_1,no emotion,MYS_G000011_05022021_03_52_19320_19680_Sample_228_19320_25.0.mp4,180
Person_1,no emotion,MYS_G000011_05022021_03_56_20460_20577_Sample_238_20460_25.0.mp4,58
Person_1,no emotion,MYS_G000011_05022021_03_61_21180_21300_Sample_248_21180_25.0.mp4,60
Person_1,no emotion,MYS_G000011_05022021_03_62_21420_22020_Sample_251_21420_25.0.mp4,300
Person_1,no emotion,MYS_G000011_05022021_03_63_51660_51780_Sample_659_51660_25.0.mp4,60
Person_1,no emotion,MYS_G000011_05022021_03_67_22380_22680_Sample_272_22380_25.0.mp4,150
Person_1,no emotion,MYS_G000011_05022021_03_67_52320_52440_Sample_671_52320_25.0.mp4,60
Person_1,no emotion,MYS_G000011_05022021_03_70_28440_29459_Sample_357_28440_25.0.mp4,509
Person_1,no emotion,MYS_G000011_05022021_03_72_52980_53220_Sample_678_52980_25.0.mp4,120
Person_1,no emotion,MYS_G000011_05022021_03_83_29760_30300_Sample_375_29760_25.0.mp4,270
Person_1,no emotion,MYS_G000011_05022021_03_85_7086_7120_Sample_85_6840_25.0.mp4,9
Person_1,no emotion,MYS_G000011_05022021_03_92_31320_31440_Sample_390_31320_25.0.mp4,60
Person_1,no emotion,MYS_G000011_05022021_03_94_31680_31860_Sample_398_31680_25.0.mp4,90
Person_1,no emotion,MYS_G000011_05022021_03_98_32078_32108_Sample_404_32040_25.0.mp4,11
Person_1,no emotion,MYS_G000011_05022021_04_10_3551_3638_Sample_30_3540_25.0.mp4,43
Person_1,no emotion,MYS_G000011_05022021_04_11_13980_14391_Sample_140_13980_25.0.mp4,205
Person_1,no emotion,MYS_G000011_05022021_04_11_28873_29015_Sample_315_28740_25.0.mp4,71
Person_1,no emotion,MYS_G000011_05022021_04_19_16651_16908_Sample_160_15960_25.0.mp4,128
Person_1,no emotion,MYS_G000011_05022021_04_19_44419_44760_Sample_493_44340_25.0.mp4,170
Person_1,no emotion,MYS_G000011_05022021_04_20_17082_17119_Sample_160_15960_25.0.mp4,31
Person_1,no emotion,MYS_G000011_05022021_04_34_20286_20412_Sample_209_20100_25.0.mp4,63
Person_1,no emotion,MYS_G000011_05022021_04_34_47202_47250_Sample_526_47160_25.0.mp4,24
Person_1,no emotion,MYS_G000011_05022021_04_35_20280_20609_Sample_210_20280_25.0.mp4,164
Person_1,no emotion,MYS_G000011_05022021_04_37_47528_47696_Sample_530_47520_25.0.mp4,84
Person_1,no emotion,MYS_G000011_05022021_04_44_22680_22838_Sample_235_22680_25.0.mp4,79
Person_1,no emotion,MYS_G000011_05022021_04_56_24473_24796_Sample_255_24420_25.0.mp4,161
Person_1,no emotion,MYS_G000011_05022021_04_59_40281_40363_Sample_438_40020_25.0.mp4,41
Person_1,no emotion,MYS_G000011_05022021_04_60_24915_25079_Sample_260_24900_25.0.mp4,82
Person_1,no emotion,MYS_G000011_05022021_04_66_40551_40588_Sample_445_40500_25.0.mp4,18
Person_1,no emotion,MYS_G000011_15022021_01_17_0_120_Sample_51.mp4,59
Person_1,no emotion,MYS_G000011_15022021_01_18_0_180_Sample_128.mp4,89
Person_1,no emotion,MYS_G000011_15022021_01_1_0_120_Sample_31.mp4,59
Person_1,no emotion,MYS_G000011_15022021_01_2_0_540_Sample_104.mp4,269
Person_1,no emotion,MYS_G000011_15022021_01_33_0_180_Sample_93.mp4,89
Person_1,no emotion,MYS_G000011_15022021_01_49_0_120_Sample_178.mp4,59
Person_1,no emotion,MYS_G000011_15022021_01_63_0_357_Sample_212.mp4,178
Person_1,no emotion,MYS_G000011_15022021_01_6_0_180_Sample_112.mp4,89
Person_1,no emotion,MYS_G000011_15022021_01_78_0_120_Sample_270.mp4,60
Person_1,no emotion,MYS_G000011_15022021_01_80_0_240_Sample_275.mp4,120
Person_1,no emotion,MYS_G000011_15022021_01_87_0_660_Sample_297.mp4,329
Person_1,no emotion,MYS_G000011_15022021_01_88_0_480_Sample_298.mp4,239
Person_1,no emotion,MYS_G000011_15022021_02_11_0_1020_Sample_150.mp4,509
Person_1,no emotion,MYS_G000011_15022021_02_11_0_360_Sample_381.mp4,179
Person_1,no emotion,MYS_G000011_15022021_02_13_0_120_Sample_160.mp4,60
Person_1,no emotion,MYS_G000011_15022021_02_15_0_120_Sample_388.mp4,59
Person_1,no emotion,MYS_G000011_15022021_02_19_0_180_Sample_398.mp4,89
Person_1,no emotion,MYS_G000011_15022021_02_1_0_180_Sample_119.mp4,89
Person_1,no emotion,MYS_G000011_15022021_02_23_0_540_Sample_183.mp4,269
Person_1,no emotion,MYS_G000011_15022021_02_2_0_120_Sample_120.mp4,60
Person_1,no emotion,MYS_G000011_15022021_02_30_0_120_Sample_413.mp4,59
Person_1,no emotion,MYS_G000011_15022021_02_30_2_181_Sample_19.mp4,89
Person_1,no emotion,MYS_G000011_15022021_02_35_0_180_Sample_211.mp4,89
Person_1,no emotion,MYS_G000011_15022021_02_38_0_120_Sample_217.mp4,59
Person_1,no emotion,MYS_G000011_15022021_02_38_0_120_Sample_438.mp4,59
Person_1,no emotion,MYS_G000011_15022021_02_39_0_120_Sample_219.mp4,59
Person_1,no emotion,MYS_G000011_15022021_02_3_0_120_Sample_354.mp4,59
Person_1,no emotion,MYS_G000011_15022021_02_3_108_120_Sample_123.mp4,10
Person_1,no emotion,MYS_G000011_15022021_02_43_0_180_Sample_447.mp4,89
Person_1,no emotion,MYS_G000011_15022021_02_43_0_240_Sample_230.mp4,120
Person_1,no emotion,MYS_G000011_15022021_02_47_0_360_Sample_463.mp4,179
Person_1,no emotion,MYS_G000011_15022021_02_4_0_300_Sample_357.mp4,150
Person_1,no emotion,MYS_G000011_15022021_02_55_0_120_Sample_271.mp4,59
Person_1,no emotion,MYS_G000011_15022021_02_57_0_240_Sample_276.mp4,119
Person_1,no emotion,MYS_G000011_15022021_02_58_0_120_Sample_509.mp4,59
Person_1,no emotion,MYS_G000011_15022021_02_58_0_780_Sample_280.mp4,390
Person_1,no emotion,MYS_G000011_15022021_02_59_0_240_Sample_510.mp4,120
Person_1,no emotion,MYS_G000011_15022021_02_5_0_180_Sample_361.mp4,89
Person_1,no emotion,MYS_G000011_15022021_02_63_0_180_Sample_297.mp4,89
Person_1,no emotion,MYS_G000011_15022021_02_64_1_41_Sample_314.mp4,17
Person_1,no emotion,MYS_G000011_15022021_02_67_0_120_Sample_324.mp4,59
Person_1,no emotion,MYS_G000011_15022021_02_70_0_300_Sample_64.mp4,150
Person_1,no emotion,MYS_G000011_15022021_02_72_0_120_Sample_335.mp4,60
Person_1,no emotion,MYS_G000011_15022021_02_72_7_125_Sample_7.mp4,60
Person_1,no emotion,MYS_G000011_15022021_02_75_0_180_Sample_75.mp4,90
Person_1,no emotion,MYS_G000011_15022021_02_76_0_120_Sample_340.mp4,60
Person_1,no emotion,MYS_G000011_15022021_02_77_0_120_Sample_351.mp4,59
Person_1,no emotion,MYS_G000011_15022021_03_106_114_281_Sample_70.mp4,83
Person_1,no emotion,MYS_G000011_15022021_03_53_0_26_Sample_478.mp4,12
Person_1,no emotion,MYS_G000011_15022021_03_83_158_212_Sample_294.mp4,26
Person_1,no emotion,MYS_G000011_15022021_03_94_0_120_Sample_551.mp4,59
Person_1,no emotion,MYS_G000011_15022021_03_96_0_300_Sample_553.mp4,150
Person_1,no emotion,MYS_G000011_15022021_03_99_0_158_Sample_556.mp4,79
Person_1,no emotion,MYS_G000011_15022021_04_11_0_180_Sample_119.mp4,89
Person_1,no emotion,MYS_G000011_15022021_04_13_0_480_Sample_125.mp4,240
Person_1,no emotion,MYS_G000011_15022021_04_17_0_125_Sample_139.mp4,62
Person_1,no emotion,MYS_G000011_15022021_04_23_2_782_Sample_37.mp4,389
Person_1,no emotion,MYS_G000011_15022021_04_25_46_179_Sample_42.mp4,66
Person_1,no emotion,MYS_G000011_15022021_04_26_2_572_Sample_45.mp4,285
Person_1,no emotion,MYS_G000011_15022021_04_35_1_179_Sample_84.mp4,89
Person_1,no emotion,MYS_G000011_15022021_04_39_199_1018_Sample_93.mp4,409
Person_1,no emotion,MYS_G000011_15022021_04_6_0_477_Sample_107.mp4,238
Person_1,no emotion,MYS_G000011_22012021_02_10_14400_14580_Sample_123_14400_25.0.mp4,90
Person_1,no emotion,MYS_G000011_22012021_02_14_18540_18660_Sample_160_18540_25.0.mp4,60
Person_1,no emotion,MYS_G000011_22012021_02_15_40320_40440_Sample_450_40320_25.0.mp4,60
Person_1,no emotion,MYS_G000011_22012021_02_17_19200_19380_Sample_166_19200_25.0.mp4,90
Person_1,no emotion,MYS_G000011_22012021_02_3_39180_39300_Sample_429_39180_25.0.mp4,60
Person_1,no emotion,MYS_G000011_22012021_02_45_2168_2192_Sample_23_2160_25.0.mp4,12
Person_1,no emotion,MYS_G000011_22012021_02_4_1020_1200_Sample_10_1020_25.0.mp4,90
Person_1,no emotion,MYS_G000011_22012021_02_62_29220_29580_Sample_280_29220_25.0.mp4,180
Person_1,no emotion,MYS_G000011_22012021_02_70_31260_31680_Sample_307_31260_25.0.mp4,210
Person_1,no emotion,MYS_G000011_22012021_02_7_39540_39720_Sample_436_39540_25.0.mp4,90
Person_1,no emotion,MYS_G000011_22012021_02_86_7620_7740_Sample_85_7620_25.0.mp4,60
Person_10,no emotion,MYS_G000029_26032021_01_12_23372_23432_Sample_132_23280_25.0.mp4,30
Person_10,no emotion,MYS_G000029_26032021_01_1_17425_17454_Sample_102_17340_25.0.mp4,14
Person_10,no emotion,MYS_G000029_26032021_01_2_17661_17695_Sample_104_17580_25.0.mp4,8
Person_10,no emotion,MYS_G000029_26032021_01_49_14524_14600_Sample_81_14520_25.0.mp4,38
Person_11,no emotion,MYS_G000010_05032021_02_36_34127_34178_Sample_227_34080_25.0.mp4,25
Person_11,no emotion,MYS_G000011_05022021_03_39_0_120_Sample_1_0_25.0.mp4,60
Person_11,no emotion,MYS_G000011_05022021_03_77_28980_29100_Sample_364_28980_25.0.mp4,60
Person_11,no emotion,MYS_G000011_05022021_04_33_4087_4134_Sample_35_4080_25.0.mp4,23
Person_11,no emotion,MYS_G000011_05022021_04_57_52937_53246_Sample_597_52920_25.0.mp4,154
Person_11,no emotion,MYS_G000011_22012021_02_20_41340_41460_Sample_459_41340_25.0.mp4,60
Person_11,no emotion,MYS_G000011_22012021_02_86_33720_33840_Sample_347_33720_25.0.mp4,60
Person_11,no emotion,MYS_G000011_26022021_04_108_1_120_Sample_92.mp4,59
Person_115,no emotion,MYS_G000120_01052021_10_63600_63840_Sample_428_63600_25.0.mp4,120
Person_115,no emotion,MYS_G000120_01052021_121_120480_120660_Sample_778_120480_25.0.mp4,90
Person_115,no emotion,MYS_G000120_01052021_12_63960_64080_Sample_432_63960_25.0.mp4,60
Person_115,no emotion,MYS_G000120_01052021_18_65940_66840_Sample_445_65940_25.0.mp4,450
Person_115,no emotion,MYS_G000120_01052021_202_150900_151980_Sample_972_150900_25.0.mp4,540
Person_115,no emotion,MYS_G000120_01052021_22_67380_68040_Sample_451_67380_25.0.mp4,330
Person_115,no emotion,MYS_G000120_01052021_30_17700_18180_Sample_114_17700_25.0.mp4,240
Person_115,no emotion,MYS_G000120_01052021_40_103860_103980_Sample_659_103860_25.0.mp4,60
Person_115,no emotion,MYS_G000120_01052021_49_69660_71280_Sample_469_69660_25.0.mp4,810
Person_115,no emotion,MYS_G000120_01052021_56_187980_188160_Sample_1178_187980_25.0.mp4,90
Person_115,no emotion,MYS_G000120_01052021_7_82560_83100_Sample_539_82560_25.0.mp4,270
Person_115,no emotion,MYS_G000120_01052021_88_30120_30360_Sample_200_30120_25.0.mp4,120
Person_115,no emotion,MYS_G000120_01052021_89_30600_31020_Sample_204_30600_25.0.mp4,210
Person_115,no emotion,MYS_G000120_01052021_93_31680_32520_Sample_209_31680_25.0.mp4,420
Person_115,no emotion,MYS_G000120_01052021_9_90960_91080_Sample_578_90960_25.0.mp4,60
Person_115,no emotion,MYS_G000120_03072021_185_69448_69491_Sample_348_68220_25.0.mp4,16
Person_115,no emotion,MYS_G000120_03072021_20_2040_2400_Sample_13_2040_25.0.mp4,180
Person_115,no emotion,MYS_G000120_03072021_223_72855_72880_Sample_396_72720_25.0.mp4,5
Person_115,no emotion,MYS_G000120_03072021_240_73268_73337_Sample_402_73140_25.0.mp4,5
Person_115,no emotion,MYS_G000120_03072021_245_74100_74117_Sample_409_74100_25.0.mp4,9
Person_115,no emotion,MYS_G000120_03072021_249_6300_6420_Sample_41_6300_25.0.mp4,60
Person_115,no emotion,MYS_G000120_03072021_265_6540_6720_Sample_44_6540_25.0.mp4,90
Person_115,no emotion,MYS_G000120_03072021_292_8460_8820_Sample_54_8460_25.0.mp4,180
Person_115,no emotion,MYS_G000120_03072021_295_9300_9540_Sample_59_9300_25.0.mp4,120
Person_115,no emotion,MYS_G000120_03072021_298_9780_10080_Sample_67_9780_25.0.mp4,150
Person_115,no emotion,MYS_G000120_03072021_304_10836_10889_Sample_72_10200_25.0.mp4,33
Person_115,no emotion,MYS_G000120_03072021_315_12300_12720_Sample_84_12300_25.0.mp4,210
Person_115,no emotion,MYS_G000120_03072021_323_13560_13740_Sample_92_13560_25.0.mp4,90
Person_115,no emotion,MYS_G000120_03072021_38_2640_2940_Sample_15_2640_25.0.mp4,150
Person_115,no emotion,MYS_G000120_09052021_54_43512_43580_Sample_308_43440_25.0.mp4,34
Person_115,no emotion,MYS_G000120_09052021_80_56463_56494_Sample_403_56460_25.0.mp4,15
Person_115,no emotion,MYS_G000120_11072021_121_38429_38488_Sample_249_38400_25.0.mp4,29
Person_115,no emotion,MYS_G000120_11072021_125_39288_39321_Sample_258_39240_25.0.mp4,16
Person_115,no emotion,MYS_G000120_11072021_126_39727_39789_Sample_263_39720_25.0.mp4,31
Person_115,no emotion,MYS_G000120_11072021_127_41645_41720_Sample_268_40320_25.0.mp4,37
Person_115,no emotion,MYS_G000120_11072021_13_131353_131422_Sample_1039_131340_25.0.mp4,34
Person_115,no emotion,MYS_G000120_11072021_14_131587_131651_Sample_1040_131580_25.0.mp4,32
Person_115,no emotion,MYS_G000120_11072021_16_131820_131871_Sample_1042_131820_25.0.mp4,25
Person_115,no emotion,MYS_G000120_11072021_214_6848_6925_Sample_47_6840_25.0.mp4,38
Person_115,no emotion,MYS_G000120_11072021_233_75303_75337_Sample_543_75300_25.0.mp4,17
Person_115,no emotion,MYS_G000120_11072021_36_137595_137637_Sample_1077_137460_25.0.mp4,21
Person_115,no emotion,MYS_G000120_11072021_37_138356_138417_Sample_1078_137880_25.0.mp4,30
Person_115,no emotion,MYS_G000120_11072021_39_138736_138803_Sample_1082_138480_25.0.mp4,33
Person_115,no emotion,MYS_G000120_11072021_41_139417_139466_Sample_1089_139380_25.0.mp4,24
Person_115,no emotion,MYS_G000120_11072021_72_158655_158738_Sample_1214_158520_25.0.mp4,41
Person_115,no emotion,MYS_G000120_11072021_8_129596_129650_Sample_1023_129540_25.0.mp4,27
Person_115,no emotion,MYS_G000120_11072021_94_22518_22601_Sample_152_22080_25.0.mp4,41
Person_115,no emotion,MYS_G000120_15052021_108_6801_6832_Sample_40_6780_25.0.mp4,15
Person_115,no emotion,MYS_G000120_15052021_124_83218_83257_Sample_467_83040_25.0.mp4,19
Person_115,no emotion,MYS_G000120_15052021_136_97106_97144_Sample_502_97020_25.0.mp4,19
Person_115,no emotion,MYS_G000120_15052021_139_8052_8120_Sample_58_8040_25.0.mp4,34
Person_115,no emotion,MYS_G000120_15052021_25_29639_29676_Sample_190_29580_25.0.mp4,18
Person_115,no emotion,MYS_G000120_15052021_26_29958_29991_Sample_191_29880_25.0.mp4,16
Person_115,no emotion,MYS_G000120_15052021_76_53622_53683_Sample_294_53220_25.0.mp4,30
Person_115,no emotion,MYS_G000120_15052021_80_59423_59487_Sample_313_59280_25.0.mp4,32
Person_115,no emotion,MYS_G000120_15052021_96_6341_6452_Sample_36_5820_25.0.mp4,55
Person_115,no emotion,MYS_G000120_24042021_146_96420_96540_Sample_485_96420_25.0.mp4,60
Person_115,no emotion,MYS_G000120_24042021_151_97500_97860_Sample_494_97500_25.0.mp4,180
Person_115,no emotion,MYS_G000120_24072021_109_30197_30226_Sample_277_30120_25.0.mp4,14
Person_115,no emotion,MYS_G000120_24072021_111_30300_30333_Sample_279_30300_25.0.mp4,16
Person_115,no emotion,MYS_G000120_24072021_125_34462_34528_Sample_311_34440_25.0.mp4,33
Person_115,no emotion,MYS_G000120_24072021_126_35700_35759_Sample_326_35700_25.0.mp4,29
Person_115,no emotion,MYS_G000120_24072021_141_8682_8758_Sample_73_8220_25.0.mp4,38
Person_115,no emotion,MYS_G000120_24072021_146_424_473_Sample_7_180_25.0.mp4,24
Person_115,no emotion,MYS_G000120_24072021_15_46359_46414_Sample_400_46080_25.0.mp4,27
Person_115,no emotion,MYS_G000120_24072021_17_46841_46916_Sample_404_46740_25.0.mp4,37
Person_115,no emotion,MYS_G000120_24072021_1_42128_42180_Sample_371_42060_25.0.mp4,26
Person_115,no emotion,MYS_G000120_24072021_21_14059_14110_Sample_130_13980_25.0.mp4,25
Person_115,no emotion,MYS_G000120_24072021_28_965_1029_Sample_13_960_25.0.mp4,32
Person_115,no emotion,MYS_G000120_24072021_31_16706_16737_Sample_146_16620_25.0.mp4,15
Person_115,no emotion,MYS_G000120_24072021_32_17026_17084_Sample_147_16800_25.0.mp4,29
Person_115,no emotion,MYS_G000120_24072021_35_17686_17727_Sample_151_17640_25.0.mp4,20
Person_115,no emotion,MYS_G000120_24072021_39_50295_50323_Sample_434_50160_25.0.mp4,14
Person_115,no emotion,MYS_G000120_24072021_42_50709_50748_Sample_440_50580_25.0.mp4,19
Person_115,no emotion,MYS_G000120_24072021_44_51010_51055_Sample_443_51000_25.0.mp4,22
Person_115,no emotion,MYS_G000120_24072021_45_51751_51817_Sample_445_51240_25.0.mp4,33
Person_115,no emotion,MYS_G000120_24072021_49_20940_21030_Sample_177_20280_25.0.mp4,45
Person_115,no emotion,MYS_G000120_24072021_54_21120_21202_Sample_186_21120_25.0.mp4,41
Person_115,no emotion,MYS_G000120_24072021_5_11613_11637_Sample_105_11520_25.0.mp4,12
Person_115,no emotion,MYS_G000120_24072021_60_22382_22424_Sample_199_22380_25.0.mp4,21
Person_115,no emotion,MYS_G000120_24072021_64_22961_23018_Sample_203_22680_25.0.mp4,28
Person_115,no emotion,MYS_G000120_24072021_68_23314_23366_Sample_208_23220_25.0.mp4,26
Person_115,no emotion,MYS_G000120_24072021_6_42975_43046_Sample_378_42960_25.0.mp4,35
Person_115,no emotion,MYS_G000120_24072021_70_23536_23570_Sample_210_23460_25.0.mp4,17
Person_115,no emotion,MYS_G000120_24072021_73_23829_23880_Sample_214_23820_25.0.mp4,25
Person_115,no emotion,MYS_G000120_24072021_75_24297_24347_Sample_216_24120_25.0.mp4,25
Person_115,no emotion,MYS_G000120_24072021_7_43446_43502_Sample_379_43380_25.0.mp4,28
Person_115,no emotion,MYS_G000120_24072021_81_25090_25137_Sample_226_25020_25.0.mp4,23
Person_115,no emotion,MYS_G000120_24072021_82_25400_25440_Sample_228_25320_25.0.mp4,20
Person_115,no emotion,MYS_G000120_24072021_86_25721_25767_Sample_235_25620_25.0.mp4,23
Person_115,no emotion,MYS_G000120_24072021_89_26414_26490_Sample_238_26220_25.0.mp4,38
Person_115,no emotion,MYS_G000120_24072021_97_27244_27275_Sample_250_27240_25.0.mp4,15
Person_115,no emotion,MYS_G000120_24072021_9_778_833_Sample_10_540_25.0.mp4,27
Person_118,no emotion,MYS_G000120_03072021_18_18720_18960_Sample_136_18720_25.0.mp4,120
Person_118,no emotion,MYS_G000120_03072021_193_68340_68460_Sample_349_68340_25.0.mp4,60
Person_118,no emotion,MYS_G000120_03072021_197_69420_69600_Sample_362_69420_25.0.mp4,90
Person_118,no emotion,MYS_G000120_03072021_198_69660_70080_Sample_363_69660_25.0.mp4,210
Person_118,no emotion,MYS_G000120_03072021_21_19740_20040_Sample_140_19740_25.0.mp4,150
Person_118,no emotion,MYS_G000120_03072021_22_20100_20220_Sample_142_20100_25.0.mp4,60
Person_118,no emotion,MYS_G000120_03072021_23_20760_20940_Sample_145_20760_25.0.mp4,90
Person_118,no emotion,MYS_G000120_03072021_27_21000_21300_Sample_148_21000_25.0.mp4,150
Person_118,no emotion,MYS_G000120_03072021_29_21360_21540_Sample_150_21360_25.0.mp4,90
Person_118,no emotion,MYS_G000120_03072021_62_50940_51060_Sample_208_50940_25.0.mp4,60
Person_118,no emotion,MYS_G000120_09052021_21_28023_28072_Sample_187_28020_25.0.mp4,24
Person_118,no emotion,MYS_G000120_09052021_25_28916_28963_Sample_195_28860_25.0.mp4,23
Person_118,no emotion,MYS_G000120_09052021_28_30814_30886_Sample_210_30540_25.0.mp4,36
Person_118,no emotion,MYS_G000120_09052021_29_32501_32544_Sample_220_32400_25.0.mp4,7
Person_118,no emotion,MYS_G000120_09052021_30_32709_32807_Sample_221_32640_25.0.mp4,49
Person_118,no emotion,MYS_G000120_09052021_34_35674_35738_Sample_238_35460_25.0.mp4,32
Person_118,no emotion,MYS_G000120_09052021_36_36163_36205_Sample_243_36000_25.0.mp4,21
Person_118,no emotion,MYS_G000120_09052021_42_37949_38003_Sample_260_37920_25.0.mp4,27
Person_118,no emotion,MYS_G000120_09052021_46_38662_38699_Sample_274_38640_25.0.mp4,18
Person_118,no emotion,MYS_G000120_09052021_51_98136_98166_Sample_714_98100_25.0.mp4,15
Person_118,no emotion,MYS_G000120_09052021_52_42725_42764_Sample_303_42720_25.0.mp4,19
Person_118,no emotion,MYS_G000120_09052021_53_43513_43648_Sample_306_43140_25.0.mp4,67
Person_118,no emotion,MYS_G000120_09052021_56_100989_101037_Sample_737_100740_25.0.mp4,24
Person_118,no emotion,MYS_G000120_09052021_58_44728_44804_Sample_318_44700_25.0.mp4,38
Person_118,no emotion,MYS_G000120_09052021_5_18902_18923_Sample_117_18900_25.0.mp4,10
Person_118,no emotion,MYS_G000120_09052021_62_45907_45954_Sample_326_45900_25.0.mp4,23
Person_118,no emotion,MYS_G000120_09052021_63_11796_11869_Sample_76_11700_25.0.mp4,36
Person_118,no emotion,MYS_G000120_09052021_63_46620_46679_Sample_333_46620_25.0.mp4,29
Person_118,no emotion,MYS_G000120_09052021_64_12000_12054_Sample_77_12000_25.0.mp4,27
Person_118,no emotion,MYS_G000120_09052021_64_47350_47389_Sample_337_47280_25.0.mp4,19
Person_118,no emotion,MYS_G000120_09052021_65_12430_12480_Sample_78_12420_25.0.mp4,25
Person_118,no emotion,MYS_G000120_09052021_66_12900_12930_Sample_80_12900_25.0.mp4,15
Person_118,no emotion,MYS_G000120_09052021_66_47982_48020_Sample_343_47940_25.0.mp4,19
Person_118,no emotion,MYS_G000120_09052021_68_14168_14232_Sample_85_14100_25.0.mp4,32
Person_118,no emotion,MYS_G000120_09052021_70_49473_49644_Sample_353_49380_25.0.mp4,85
Person_118,no emotion,MYS_G000120_09052021_72_15242_15307_Sample_90_15240_25.0.mp4,32
Person_118,no emotion,MYS_G000120_09052021_73_15801_15839_Sample_93_15660_25.0.mp4,19
Person_118,no emotion,MYS_G000120_09052021_76_16725_16784_Sample_97_16620_25.0.mp4,29
Person_118,no emotion,MYS_G000120_09052021_77_16914_16961_Sample_99_16860_25.0.mp4,23
Person_118,no emotion,MYS_G000120_11072021_110_31620_31677_Sample_215_31620_25.0.mp4,28
Person_118,no emotion,MYS_G000120_11072021_114_32826_32882_Sample_225_32820_25.0.mp4,28
Person_118,no emotion,MYS_G000120_11072021_116_35482_35515_Sample_234_35340_25.0.mp4,16
Person_118,no emotion,MYS_G000120_11072021_130_41578_41628_Sample_275_41520_25.0.mp4,25
Person_118,no emotion,MYS_G000120_11072021_132_43063_43225_Sample_285_42840_25.0.mp4,81
Person_118,no emotion,MYS_G000120_11072021_137_44739_44785_Sample_299_44700_25.0.mp4,23
Person_118,no emotion,MYS_G000120_11072021_141_45415_45530_Sample_302_45180_25.0.mp4,57
Person_118,no emotion,MYS_G000120_11072021_143_46342_46439_Sample_312_46320_25.0.mp4,48
Person_118,no emotion,MYS_G000120_11072021_154_51120_51137_Sample_339_51120_25.0.mp4,8
Person_118,no emotion,MYS_G000120_11072021_156_52140_52220_Sample_345_52140_25.0.mp4,40
Person_118,no emotion,MYS_G000120_11072021_159_53160_53237_Sample_350_53160_25.0.mp4,38
Person_118,no emotion,MYS_G000120_11072021_161_53580_53626_Sample_354_53580_25.0.mp4,23
Person_118,no emotion,MYS_G000120_11072021_163_55020_55105_Sample_366_55020_25.0.mp4,42
Person_118,no emotion,MYS_G000120_11072021_168_56113_56141_Sample_378_56100_25.0.mp4,14
Person_118,no emotion,MYS_G000120_11072021_170_56340_56393_Sample_380_56340_25.0.mp4,26
Person_118,no emotion,MYS_G000120_11072021_173_56926_56979_Sample_384_56820_25.0.mp4,23
Person_118,no emotion,MYS_G000120_11072021_176_58027_58062_Sample_396_57900_25.0.mp4,12
Person_118,no emotion,MYS_G000120_11072021_186_60936_61076_Sample_419_60600_25.0.mp4,70
Person_118,no emotion,MYS_G000120_11072021_195_62313_62470_Sample_433_61560_25.0.mp4,78
Person_118,no emotion,MYS_G000120_11072021_199_63060_63126_Sample_446_63060_25.0.mp4,33
Person_118,no emotion,MYS_G000120_11072021_200_63660_63776_Sample_449_63660_25.0.mp4,58
Person_118,no emotion,MYS_G000120_11072021_207_66869_66912_Sample_466_66720_25.0.mp4,21
Person_118,no emotion,MYS_G000120_11072021_215_68658_68715_Sample_482_68400_25.0.mp4,28
Person_118,no emotion,MYS_G000120_11072021_228_74205_74326_Sample_529_73560_25.0.mp4,60
Person_118,no emotion,MYS_G000120_11072021_239_76605_76687_Sample_550_76440_25.0.mp4,41
Person_118,no emotion,MYS_G000120_11072021_246_103098_103119_Sample_793_103020_25.0.mp4,10
Person_118,no emotion,MYS_G000120_11072021_247_103455_103663_Sample_795_103200_25.0.mp4,104
Person_118,no emotion,MYS_G000120_11072021_256_108603_108645_Sample_837_108600_25.0.mp4,21
Person_118,no emotion,MYS_G000120_11072021_260_112428_112483_Sample_879_112260_25.0.mp4,27
Person_118,no emotion,MYS_G000120_11072021_263_114923_115013_Sample_913_114840_25.0.mp4,45
Person_118,no emotion,MYS_G000120_11072021_265_115440_115488_Sample_919_115380_25.0.mp4,24
Person_118,no emotion,MYS_G000120_11072021_266_119502_119614_Sample_948_119460_25.0.mp4,56
Person_118,no emotion,MYS_G000120_11072021_269_120633_120670_Sample_956_120600_25.0.mp4,18
Person_118,no emotion,MYS_G000120_11072021_274_123406_123529_Sample_974_122280_25.0.mp4,61
Person_118,no emotion,MYS_G000120_11072021_279_124592_124992_Sample_988_124260_25.0.mp4,200
Person_118,no emotion,MYS_G000120_11072021_32_137192_137273_Sample_1072_137160_25.0.mp4,40
Person_118,no emotion,MYS_G000120_11072021_52_145051_145141_Sample_1123_145020_25.0.mp4,45
Person_118,no emotion,MYS_G000120_11072021_62_155110_155201_Sample_1188_155100_25.0.mp4,45
Person_118,no emotion,MYS_G000120_11072021_78_160030_160065_Sample_1226_160020_25.0.mp4,17
Person_118,no emotion,MYS_G000120_15052021_119_79871_79904_Sample_457_79860_25.0.mp4,16
Person_118,no emotion,MYS_G000120_15052021_131_90450_90472_Sample_481_90360_25.0.mp4,11
Person_118,no emotion,MYS_G000120_15052021_132_91231_91266_Sample_483_91200_25.0.mp4,17
Person_118,no emotion,MYS_G000120_15052021_16_1913_2028_Sample_15_1860_25.0.mp4,57
Person_118,no emotion,MYS_G000120_15052021_75_52239_52269_Sample_287_52200_25.0.mp4,15
Person_118,no emotion,MYS_G000120_15052021_84_63310_63367_Sample_339_63300_25.0.mp4,28
Person_118,no emotion,MYS_G000120_24072021_103_100228_100250_Sample_627_100200_25.0.mp4,10
Person_118,no emotion,MYS_G000120_24072021_116_103988_104123_Sample_648_103380_25.0.mp4,67
Person_118,no emotion,MYS_G000120_24072021_70_90073_90155_Sample_572_89700_25.0.mp4,41
Person_118,no emotion,MYS_G000120_24072021_86_94768_94820_Sample_598_94680_25.0.mp4,26
Person_119,no emotion,MYS_G000122_24072021_02_11_21361_21392_Sample_153_21360_25.0.mp4,8
Person_119,no emotion,MYS_G000122_24072021_02_16_23497_23525_Sample_158_22740_25.0.mp4,12
Person_12,no emotion,MYS_G000010_02042021_01_109_43193_43797_Sample_491_42540_25.0.mp4,302
Person_12,no emotion,MYS_G000010_02042021_01_113_43920_44433_Sample_504_43920_25.0.mp4,256
Person_12,no emotion,MYS_G000010_02042021_01_11_11416_11640_Sample_123_10980_25.0.mp4,112
Person_12,no emotion,MYS_G000010_02042021_01_123_45455_45781_Sample_523_45420_25.0.mp4,163
Person_12,no emotion,MYS_G000010_02042021_01_129_46287_46508_Sample_533_46020_25.0.mp4,110
Person_12,no emotion,MYS_G000010_02042021_01_138_47054_47145_Sample_547_47040_25.0.mp4,45
Person_12,no emotion,MYS_G000010_02042021_01_152_48618_48715_Sample_571_48600_25.0.mp4,48
Person_12,no emotion,MYS_G000010_02042021_01_161_50622_50700_Sample_602_50580_25.0.mp4,39
Person_12,no emotion,MYS_G000010_02042021_01_162_50820_50908_Sample_605_50820_25.0.mp4,44
Person_12,no emotion,MYS_G000010_02042021_01_165_51600_51705_Sample_617_51600_25.0.mp4,52
Person_12,no emotion,MYS_G000010_02042021_01_179_54690_54837_Sample_660_54240_25.0.mp4,73
Person_12,no emotion,MYS_G000010_02042021_01_20_13140_13231_Sample_149_13140_25.0.mp4,45
Person_12,no emotion,MYS_G000010_02042021_01_29_15461_15545_Sample_171_15120_25.0.mp4,42
Person_12,no emotion,MYS_G000010_02042021_01_30_18608_18680_Sample_198_18600_25.0.mp4,36
Person_12,no emotion,MYS_G000010_02042021_01_31_19156_19296_Sample_202_18900_25.0.mp4,70
Person_12,no emotion,MYS_G000010_02042021_01_35_19441_19501_Sample_210_19440_25.0.mp4,30
Person_12,no emotion,MYS_G000010_02042021_01_38_20260_20393_Sample_213_19860_25.0.mp4,66
Person_12,no emotion,MYS_G000010_02042021_01_40_21028_21195_Sample_221_20580_25.0.mp4,83
Person_12,no emotion,MYS_G000010_02042021_01_56_25374_25535_Sample_280_25320_25.0.mp4,80
Person_12,no emotion,MYS_G000010_02042021_01_83_30886_31022_Sample_350_30780_25.0.mp4,68
Person_12,no emotion,MYS_G000010_02042021_01_88_31295_31433_Sample_358_31260_25.0.mp4,69
Person_12,no emotion,MYS_G000010_02042021_01_91_31598_31712_Sample_362_31560_25.0.mp4,57
Person_12,no emotion,MYS_G000010_02042021_01_97_41139_41232_Sample_470_40920_25.0.mp4,26
Person_12,no emotion,MYS_G000010_02042021_01_99_41803_42057_Sample_476_41400_25.0.mp4,127
Person_12,no emotion,MYS_G000010_02042021_02_11_10620_11220_Sample_137_10620_25.0.mp4,300
Person_12,no emotion,MYS_G000010_02042021_02_135_29820_30060_Sample_385_29820_25.0.mp4,120
Person_12,no emotion,MYS_G000010_02042021_02_139_30840_32460_Sample_397_30840_25.0.mp4,810
Person_12,no emotion,MYS_G000010_02042021_02_14_15060_15240_Sample_185_15060_25.0.mp4,90
Person_12,no emotion,MYS_G000010_02042021_02_151_32520_32700_Sample_417_32520_25.0.mp4,90
Person_12,no emotion,MYS_G000010_02042021_02_15_15300_15780_Sample_189_15300_25.0.mp4,240
Person_12,no emotion,MYS_G000010_02042021_02_191_5640_6120_Sample_54_5640_25.0.mp4,240
Person_12,no emotion,MYS_G000010_02042021_02_200_44280_44820_Sample_552_44280_25.0.mp4,270
Person_12,no emotion,MYS_G000010_02042021_02_205_6240_7140_Sample_64_6240_25.0.mp4,450
Person_12,no emotion,MYS_G000010_02042021_02_214_52620_53100_Sample_675_52620_25.0.mp4,240
Person_12,no emotion,MYS_G000010_02042021_02_22_15840_16080_Sample_197_15840_25.0.mp4,120
Person_12,no emotion,MYS_G000010_02042021_02_239_55020_55140_Sample_717_55020_25.0.mp4,60
Person_12,no emotion,MYS_G000010_02042021_02_242_7620_7740_Sample_78_7620_25.0.mp4,60
Person_12,no emotion,MYS_G000010_02042021_02_245_7860_8395_Sample_84_7860_25.0.mp4,267
Person_12,no emotion,MYS_G000010_02042021_02_24_0_360_Sample_2_0_25.0.mp4,180
Person_12,no emotion,MYS_G000010_02042021_02_30_16080_16200_Sample_200_16080_25.0.mp4,60
Person_12,no emotion,MYS_G000010_02042021_02_3_8580_8700_Sample_103_8580_25.0.mp4,60
Person_12,no emotion,MYS_G000010_02042021_02_4_13740_14040_Sample_163_13740_25.0.mp4,150
Person_12,no emotion,MYS_G000010_02042021_02_5_8760_9000_Sample_105_8760_25.0.mp4,120
Person_12,no emotion,MYS_G000010_02042021_02_60_19500_19800_Sample_242_19500_25.0.mp4,150
Person_12,no emotion,MYS_G000010_02042021_02_62_19860_20280_Sample_247_19860_25.0.mp4,210
Person_12,no emotion,MYS_G000010_02042021_02_84_22620_24000_Sample_286_22620_25.0.mp4,690
Person_12,no emotion,MYS_G000010_02042021_02_92_24060_24480_Sample_303_24060_25.0.mp4,210
Person_12,no emotion,MYS_G000010_02042021_03_110_51901_51953_Sample_720_51420_25.0.mp4,18
Person_12,no emotion,MYS_G000010_02042021_03_116_7860_8280_Sample_80_7860_25.0.mp4,210
Person_12,no emotion,MYS_G000010_02042021_03_37_23580_23760_Sample_308_23580_25.0.mp4,90
Person_12,no emotion,MYS_G000010_02042021_03_42_23880_24180_Sample_314_23880_25.0.mp4,150
Person_12,no emotion,MYS_G000010_02042021_03_45_26142_26212_Sample_346_26100_25.0.mp4,45
Person_12,no emotion,MYS_G000010_02042021_03_50_27260_27338_Sample_354_26580_25.0.mp4,45
Person_12,no emotion,MYS_G000010_02042021_03_77_45780_45900_Sample_636_45780_25.0.mp4,60
Person_12,no emotion,MYS_G000010_02042021_03_78_46140_46440_Sample_641_46140_25.0.mp4,150
Person_12,no emotion,MYS_G000010_02042021_03_84_46980_47100_Sample_655_46980_25.0.mp4,60
Person_12,no emotion,MYS_G000010_02042021_03_86_47258_47289_Sample_659_47220_25.0.mp4,12
Person_12,no emotion,MYS_G000010_02042021_03_98_49440_50040_Sample_687_49440_25.0.mp4,300
Person_12,no emotion,MYS_G000010_02042021_04_100_48668_48732_Sample_617_48660_25.0.mp4,32
Person_12,no emotion,MYS_G000010_02042021_04_104_50167_50419_Sample_630_50100_25.0.mp4,126
Person_12,no emotion,MYS_G000010_02042021_04_109_4418_4867_Sample_64_3960_25.0.mp4,224
Person_12,no emotion,MYS_G000010_02042021_04_113_52764_53037_Sample_656_52320_25.0.mp4,136
Person_12,no emotion,MYS_G000010_02042021_04_119_53220_53311_Sample_668_53220_25.0.mp4,45
Person_12,no emotion,MYS_G000010_02042021_04_120_53456_53564_Sample_674_53400_25.0.mp4,13
Person_12,no emotion,MYS_G000010_02042021_04_122_53663_53813_Sample_679_53640_25.0.mp4,75
Person_12,no emotion,MYS_G000010_02042021_04_136_5700_5848_Sample_90_5700_25.0.mp4,74
Person_12,no emotion,MYS_G000010_02042021_04_139_6253_6357_Sample_97_6180_25.0.mp4,52
Person_12,no emotion,MYS_G000010_02042021_04_13_24815_24912_Sample_329_24780_25.0.mp4,48
Person_12,no emotion,MYS_G000010_02042021_04_14_8791_8923_Sample_129_8580_25.0.mp4,66
Person_12,no emotion,MYS_G000010_02042021_04_18_25470_25510_Sample_335_25440_25.0.mp4,20
Person_12,no emotion,MYS_G000010_02042021_04_18_9094_9187_Sample_135_9060_25.0.mp4,46
Person_12,no emotion,MYS_G000010_02042021_04_20_26335_26793_Sample_339_25740_25.0.mp4,229
Person_12,no emotion,MYS_G000010_02042021_04_21_26420_26807_Sample_342_26400_25.0.mp4,193
Person_12,no emotion,MYS_G000010_02042021_04_22_27248_27308_Sample_346_27240_25.0.mp4,30
Person_12,no emotion,MYS_G000010_02042021_04_23_27501_27577_Sample_349_27480_25.0.mp4,38
Person_12,no emotion,MYS_G000010_02042021_04_24_10936_11179_Sample_178_10860_25.0.mp4,121
Person_12,no emotion,MYS_G000010_02042021_04_24_27606_27668_Sample_351_27600_25.0.mp4,31
Person_12,no emotion,MYS_G000010_02042021_04_28_28906_28956_Sample_374_28860_25.0.mp4,19
Person_12,no emotion,MYS_G000010_02042021_04_29_12793_13016_Sample_208_12720_25.0.mp4,111
Person_12,no emotion,MYS_G000010_02042021_04_29_29450_29975_Sample_378_29100_25.0.mp4,262
Person_12,no emotion,MYS_G000010_02042021_04_32_2390_2781_Sample_39_2160_25.0.mp4,195
Person_12,no emotion,MYS_G000010_02042021_04_34_13860_13976_Sample_217_13860_25.0.mp4,58
Person_12,no emotion,MYS_G000010_02042021_04_37_32280_32540_Sample_420_32280_25.0.mp4,130
Person_12,no emotion,MYS_G000010_02042021_04_41_14749_15450_Sample_228_14640_25.0.mp4,350
Person_12,no emotion,MYS_G000010_02042021_04_45_16275_16334_Sample_241_15960_25.0.mp4,36
Person_12,no emotion,MYS_G000010_02042021_04_47_18342_18625_Sample_247_16920_25.0.mp4,141
Person_12,no emotion,MYS_G000010_02042021_04_51_2990_3057_Sample_44_2820_25.0.mp4,33
Person_12,no emotion,MYS_G000010_02042021_04_58_20076_20160_Sample_282_20040_25.0.mp4,42
Person_12,no emotion,MYS_G000010_02042021_04_60_39190_39454_Sample_489_38100_25.0.mp4,132
Person_12,no emotion,MYS_G000010_02042021_04_6_22868_22916_Sample_317_22860_25.0.mp4,24
Person_12,no emotion,MYS_G000010_02042021_04_76_41408_41534_Sample_526_41400_25.0.mp4,63
Person_12,no emotion,MYS_G000010_02042021_04_78_41656_41714_Sample_529_41640_25.0.mp4,29
Person_12,no emotion,MYS_G000010_02042021_04_97_48235_48300_Sample_606_47940_25.0.mp4,13
Person_12,no emotion,MYS_G000010_02042021_04_9_23173_23359_Sample_320_23160_25.0.mp4,93
Person_12,no emotion,MYS_G000010_09042021_01_109_32160_32580_Sample_379_32160_25.0.mp4,210
Person_12,no emotion,MYS_G000010_09042021_01_112_33025_33102_Sample_385_32640_25.0.mp4,22
Person_12,no emotion,MYS_G000010_09042021_01_117_33300_33600_Sample_395_33300_25.0.mp4,150
Person_12,no emotion,MYS_G000010_09042021_01_120_33720_34260_Sample_402_33720_25.0.mp4,270
Person_12,no emotion,MYS_G000010_09042021_01_126_34380_34419_Sample_414_34380_25.0.mp4,15
Person_12,no emotion,MYS_G000010_09042021_01_130_35580_35880_Sample_422_35580_25.0.mp4,150
Person_12,no emotion,MYS_G000010_09042021_01_132_35940_37560_Sample_425_35940_25.0.mp4,810
Person_12,no emotion,MYS_G000010_09042021_01_141_37920_38100_Sample_455_37920_25.0.mp4,90
Person_12,no emotion,MYS_G000010_09042021_01_145_40872_41018_Sample_470_38520_25.0.mp4,36
Person_12,no emotion,MYS_G000010_09042021_01_159_41520_41700_Sample_513_41520_25.0.mp4,90
Person_12,no emotion,MYS_G000010_09042021_01_164_42720_42900_Sample_531_42720_25.0.mp4,90
Person_12,no emotion,MYS_G000010_09042021_01_166_43416_43479_Sample_535_43260_25.0.mp4,26
Person_12,no emotion,MYS_G000010_09042021_01_168_44337_44411_Sample_535_43260_25.0.mp4,12
Person_12,no emotion,MYS_G000010_09042021_01_16_780_900_Sample_13_780_25.0.mp4,60
Person_12,no emotion,MYS_G000010_09042021_01_170_45581_45724_Sample_535_43260_25.0.mp4,88
Person_12,no emotion,MYS_G000010_09042021_01_183_46928_46958_Sample_571_46620_25.0.mp4,12
Person_12,no emotion,MYS_G000010_09042021_01_186_47400_47820_Sample_587_47400_25.0.mp4,210
Person_12,no emotion,MYS_G000010_09042021_01_189_48030_48120_Sample_592_47880_25.0.mp4,59
Person_12,no emotion,MYS_G000010_09042021_01_192_48240_49080_Sample_597_48240_25.0.mp4,420
Person_12,no emotion,MYS_G000010_09042021_01_194_49140_49320_Sample_605_49140_25.0.mp4,90
Person_12,no emotion,MYS_G000010_09042021_01_26_10440_10560_Sample_144_10440_25.0.mp4,60
Person_12,no emotion,MYS_G000010_09042021_01_44_12660_13560_Sample_172_12660_25.0.mp4,450
Person_12,no emotion,MYS_G000010_09042021_01_51_13860_14400_Sample_187_13860_25.0.mp4,270
Person_12,no emotion,MYS_G000010_09042021_01_63_15540_16140_Sample_209_15540_25.0.mp4,300
Person_12,no emotion,MYS_G000010_09042021_03_104_23280_23341_Sample_336_23280_25.0.mp4,13
Person_12,no emotion,MYS_G000010_09042021_03_111_24038_24133_Sample_350_23880_25.0.mp4,47
Person_12,no emotion,MYS_G000010_09042021_03_123_25816_25848_Sample_382_25800_25.0.mp4,14
Person_12,no emotion,MYS_G000010_09042021_03_149_31140_31234_Sample_449_31140_25.0.mp4,47
Person_12,no emotion,MYS_G000010_09042021_03_151_32308_32360_Sample_465_32280_25.0.mp4,26
Person_12,no emotion,MYS_G000010_09042021_03_17_8470_8582_Sample_128_8460_25.0.mp4,56
Person_12,no emotion,MYS_G000010_09042021_03_86_19490_19560_Sample_288_19260_25.0.mp4,35
Person_12,no emotion,MYS_G000010_09042021_04_10_9960_10680_Sample_141_9960_25.0.mp4,360
Person_12,no emotion,MYS_G000010_09042021_04_120_38460_38580_Sample_433_38460_25.0.mp4,60
Person_12,no emotion,MYS_G000010_09042021_04_125_39540_40380_Sample_444_39540_25.0.mp4,420
Person_12,no emotion,MYS_G000010_09042021_04_126_40045_40065_Sample_449_39960_25.0.mp4,5
Person_12,no emotion,MYS_G000010_09042021_04_172_49920_51000_Sample_565_49920_25.0.mp4,540
Person_12,no emotion,MYS_G000010_09042021_04_178_51660_51780_Sample_584_51660_25.0.mp4,60
Person_12,no emotion,MYS_G000010_09042021_04_203_54660_55740_Sample_625_54660_25.0.mp4,540
Person_12,no emotion,MYS_G000010_09042021_04_6_8760_8940_Sample_125_8760_25.0.mp4,90
Person_12,no emotion,MYS_G000010_09042021_04_7_8940_9180_Sample_129_8940_25.0.mp4,120
Person_12,no emotion,MYS_G000010_09042021_04_91_32502_32602_Sample_362_32460_25.0.mp4,32
Person_12,no emotion,MYS_G000010_09042021_05_10_23040_23460_Sample_139_23040_25.0.mp4,210
Person_12,no emotion,MYS_G000010_09042021_05_18_24180_24480_Sample_150_24180_25.0.mp4,150
Person_12,no emotion,MYS_G000010_09042021_05_19_25080_25200_Sample_156_25080_25.0.mp4,60
Person_12,no emotion,MYS_G000010_09042021_05_32_27480_27531_Sample_178_27480_25.0.mp4,26
Person_12,no emotion,MYS_G000010_09042021_05_40_29220_29940_Sample_192_29220_25.0.mp4,360
Person_12,no emotion,MYS_G000010_09042021_05_41_0_300_Sample_2_0_25.0.mp4,150
Person_12,no emotion,MYS_G000010_09042021_05_45_3420_3720_Sample_21_3420_25.0.mp4,150
Person_12,no emotion,MYS_G000010_09042021_05_46_3780_3900_Sample_22_3780_25.0.mp4,60
Person_12,no emotion,MYS_G000010_09042021_05_47_4200_5280_Sample_24_4200_25.0.mp4,540
Person_12,no emotion,MYS_G000010_09042021_05_48_5280_5520_Sample_30_5280_25.0.mp4,120
Person_12,no emotion,MYS_G000010_09042021_05_74_600_1140_Sample_6_600_25.0.mp4,270
Person_12,no emotion,MYS_G000010_09042021_05_75_13320_13560_Sample_65_13320_25.0.mp4,120
Person_12,no emotion,MYS_G000010_09042021_05_80_15475_15531_Sample_83_15420_25.0.mp4,33
Person_12,no emotion,MYS_G000010_09042021_05_81_15516_15612_Sample_83_15420_25.0.mp4,23
Person_12,no emotion,MYS_G000010_09042021_05_8_21540_21720_Sample_121_21540_25.0.mp4,90
Person_12,no emotion,MYS_G000010_09072021_01_45_108900_109020_Sample_1399_108900_25.0.mp4,60
Person_12,no emotion,MYS_G000010_09072021_01_46_109140_109620_Sample_1400_109140_25.0.mp4,240
Person_12,no emotion,MYS_G000010_09072021_01_50_110040_110400_Sample_1404_110040_25.0.mp4,180
Person_12,no emotion,MYS_G000010_09072021_01_53_111360_111540_Sample_1415_111360_25.0.mp4,90
Person_12,no emotion,MYS_G000010_09072021_01_5_97239_97280_Sample_1330_96300_25.0.mp4,1
Person_12,no emotion,MYS_G000010_09072021_01_64_114960_115140_Sample_1437_114960_25.0.mp4,90
Person_12,no emotion,MYS_G000010_16072021_01_139_41137_41160_Sample_466_39960_25.0.mp4,11
Person_12,no emotion,MYS_G000010_16072021_01_173_45588_45897_Sample_536_45180_25.0.mp4,154
Person_12,no emotion,MYS_G000010_16072021_01_368_80040_80689_Sample_921_80040_25.0.mp4,324
Person_12,no emotion,MYS_G000010_20082021_01_154_29280_29520_Sample_459_29280_25.0.mp4,120
Person_12,no emotion,MYS_G000010_20082021_03_13_30960_31200_Sample_334_30960_25.0.mp4,120
Person_12,no emotion,MYS_G000010_21052021_01_29_0_69_Sample_1_0_25.0.mp4,34
Person_12,no emotion,MYS_G000010_23042021_03_1_122_171_Sample_0_0_25.0.mp4,24
Person_12,no emotion,MYS_G000010_23042021_03_6_8092_8158_Sample_144_7860_25.0.mp4,33
Person_12,no emotion,MYS_G000010_23042021_03_86_41784_41817_Sample_645_41760_25.0.mp4,16
Person_12,no emotion,MYS_G000010_30042021_01_561_40080_40260_Sample_632_40080_25.0.mp4,90
Person_12,no emotion,MYS_G000010_30042021_01_586_44460_44880_Sample_714_44460_25.0.mp4,210
Person_123,no emotion,MYS_G000141_04112021_01_26_11_279_Sample_191.mp4,133
Person_123,no emotion,MYS_G000141_04112021_01_30_1123_1214_Sample_207.mp4,45
Person_123,no emotion,MYS_G000141_04112021_01_34_126_321_Sample_215.mp4,97
Person_123,no emotion,MYS_G000141_04112021_01_39_17_34_Sample_219.mp4,8
Person_123,no emotion,MYS_G000141_04112021_01_44_5_48_Sample_233.mp4,21
Person_123,no emotion,MYS_G000141_04112021_01_4_31_78_Sample_166.mp4,23
Person_123,no emotion,MYS_G000141_04112021_01_6_559_782_Sample_169.mp4,111
Person_123,no emotion,MYS_G000141_11112021_01_105_662_723_Sample_186.mp4,55
Person_123,no emotion,MYS_G000141_11112021_01_107_919_937_Sample_186.mp4,13
Person_123,no emotion,MYS_G000141_11112021_01_108_1007_1043_Sample_186.mp4,23
Person_123,no emotion,MYS_G000141_11112021_01_116_2388_2416_Sample_186.mp4,26
Person_123,no emotion,MYS_G000141_11112021_01_126_352_362_Sample_199.mp4,4
Person_123,no emotion,MYS_G000141_11112021_01_136_2714_2783_Sample_199.mp4,35
Person_123,no emotion,MYS_G000141_11112021_01_137_3075_3093_Sample_199.mp4,19
Person_123,no emotion,MYS_G000141_11112021_01_13_0_57_Sample_116.mp4,28
Person_123,no emotion,MYS_G000141_11112021_01_145_6517_6536_Sample_199.mp4,3
Person_123,no emotion,MYS_G000141_11112021_01_148_976_999_Sample_2.mp4,9
Person_123,no emotion,MYS_G000141_11112021_01_180_1697_1713_Sample_47.mp4,11
Person_123,no emotion,MYS_G000141_11112021_01_19_0_114_Sample_125.mp4,57
Person_123,no emotion,MYS_G000141_11112021_01_203_0_344_Sample_99.mp4,172
Person_123,no emotion,MYS_G000141_11112021_01_20_0_344_Sample_127.mp4,172
Person_123,no emotion,MYS_G000141_11112021_01_21_0_689_Sample_129.mp4,344
Person_123,no emotion,MYS_G000141_11112021_01_25_0_344_Sample_137.mp4,172
Person_123,no emotion,MYS_G000141_11112021_01_44_1036_1071_Sample_151.mp4,19
Person_123,no emotion,MYS_G000141_11112021_01_45_1184_1206_Sample_151.mp4,4
Person_123,no emotion,MYS_G000141_11112021_01_58_918_936_Sample_158.mp4,13
Person_123,no emotion,MYS_G000141_11112021_01_6_1337_1370_Sample_104.mp4,18
Person_123,no emotion,MYS_G000141_11112021_01_7_1858_1978_Sample_104.mp4,90
Person_123,no emotion,MYS_G000141_11112021_01_86_290_307_Sample_172.mp4,14
Person_123,no emotion,MYS_G000141_11112021_01_99_0_57_Sample_182.mp4,28
Person_123,no emotion,MYS_G000141_18112021_01_1_5_50_Sample_18.mp4,22
Person_123,no emotion,MYS_G000141_18112021_01_21_5_45_Sample_43.mp4,20
Person_123,no emotion,MYS_G000141_18112021_01_2_2_277_Sample_2.mp4,137
Person_123,no emotion,MYS_G000141_18112021_01_4_0_38_Sample_22.mp4,19
Person_123,no emotion,MYS_G000141_18112021_01_5_54_101_Sample_25.mp4,23
Person_13,no emotion,MYS_G000010_05112021_02_3_10620_10740_Sample_112_10620_25.0.mp4,60
Person_13,no emotion,MYS_G000010_05112021_02_40_2142_2200_Sample_31_1920_25.0.mp4,14
Person_13,no emotion,MYS_G000010_05112021_02_41_2233_2301_Sample_31_1920_25.0.mp4,26
Person_13,no emotion,MYS_G000010_05112021_02_58_6180_6360_Sample_77_6180_25.0.mp4,90
Person_13,no emotion,MYS_G000010_05112021_02_77_9172_9211_Sample_92_8940_25.0.mp4,16
Person_13,no emotion,MYS_G000010_05112021_02_8_11261_11282_Sample_115_10920_25.0.mp4,9
Person_13,no emotion,MYS_G000010_06082021_01_11_15300_15480_Sample_238_15300_25.0.mp4,90
Person_13,no emotion,MYS_G000010_06082021_01_20_44760_45480_Sample_605_44760_25.0.mp4,360
Person_13,no emotion,MYS_G000010_06082021_01_23_17460_17640_Sample_269_17460_25.0.mp4,90
Person_13,no emotion,MYS_G000010_06082021_01_23_45727_45883_Sample_616_45480_25.0.mp4,15
Person_13,no emotion,MYS_G000010_06082021_01_24_25740_26040_Sample_387_25740_25.0.mp4,150
Person_13,no emotion,MYS_G000010_06082021_01_25_18000_18180_Sample_275_18000_25.0.mp4,90
Person_13,no emotion,MYS_G000010_06082021_01_27_18420_18600_Sample_279_18420_25.0.mp4,90
Person_13,no emotion,MYS_G000010_06082021_01_2_13981_14018_Sample_209_13980_25.0.mp4,8
Person_13,no emotion,MYS_G000010_06082021_01_32_19200_19560_Sample_288_19200_25.0.mp4,180
Person_13,no emotion,MYS_G000010_06082021_01_36_19620_20639_Sample_295_19620_25.0.mp4,509
Person_13,no emotion,MYS_G000010_06082021_01_37_9814_9840_Sample_140_9480_25.0.mp4,14
Person_13,no emotion,MYS_G000010_06082021_01_38_0_360_Sample_2_0_25.0.mp4,180
Person_13,no emotion,MYS_G000010_06082021_01_3_14220_14340_Sample_213_14220_25.0.mp4,60
Person_13,no emotion,MYS_G000010_06082021_01_3_7800_8280_Sample_112_7800_25.0.mp4,240
Person_13,no emotion,MYS_G000010_06082021_01_43_11100_11220_Sample_163_11100_25.0.mp4,60
Person_13,no emotion,MYS_G000010_06082021_01_43_20760_20880_Sample_311_20760_25.0.mp4,60
Person_13,no emotion,MYS_G000010_06082021_01_44_11340_11460_Sample_167_11340_25.0.mp4,60
Person_13,no emotion,MYS_G000010_06082021_01_45_4980_5340_Sample_66_4980_25.0.mp4,180
Person_13,no emotion,MYS_G000010_06082021_01_46_48660_49140_Sample_672_48660_25.0.mp4,240
Person_13,no emotion,MYS_G000010_06082021_01_46_840_1020_Sample_16_840_25.0.mp4,90
Person_13,no emotion,MYS_G000010_06082021_01_47_11520_11700_Sample_170_11520_25.0.mp4,90
Person_13,no emotion,MYS_G000010_06082021_01_47_29400_29640_Sample_449_29400_25.0.mp4,120
Person_13,no emotion,MYS_G000010_06082021_01_48_30240_30480_Sample_455_30240_25.0.mp4,120
Person_13,no emotion,MYS_G000010_06082021_01_50_11820_12120_Sample_174_11820_25.0.mp4,150
Person_13,no emotion,MYS_G000010_06082021_01_52_22556_22597_Sample_321_21120_25.0.mp4,8
Person_13,no emotion,MYS_G000010_06082021_01_56_32666_32700_Sample_472_32280_25.0.mp4,26
Person_13,no emotion,MYS_G000010_06082021_01_5_14340_14760_Sample_216_14340_25.0.mp4,210
Person_13,no emotion,MYS_G000010_06082021_01_61_32760_32940_Sample_477_32760_25.0.mp4,90
Person_13,no emotion,MYS_G000010_06082021_01_65_33180_33660_Sample_481_33180_25.0.mp4,240
Person_13,no emotion,MYS_G000010_06082021_01_68_33780_33960_Sample_488_33780_25.0.mp4,90
Person_13,no emotion,MYS_G000010_06082021_01_71_34200_34380_Sample_495_34200_25.0.mp4,90
Person_13,no emotion,MYS_G000010_06082021_01_74_35108_35240_Sample_499_34500_25.0.mp4,45
Person_13,no emotion,MYS_G000010_06082021_01_79_3861_3895_Sample_50_3780_25.0.mp4,10
Person_13,no emotion,MYS_G000010_06082021_03_25_3781_3960_Sample_24_3780_25.0.mp4,89
Person_13,no emotion,MYS_G000010_06082021_03_30_6189_6476_Sample_49_6180_25.0.mp4,143
Person_13,no emotion,MYS_G000010_06082021_03_32_6542_6660_Sample_51_6540_25.0.mp4,59
Person_13,no emotion,MYS_G000010_06082021_03_33_6720_6960_Sample_53_6720_25.0.mp4,120
Person_13,no emotion,MYS_G000010_06082021_03_35_384_758_Sample_5_180_25.0.mp4,187
Person_13,no emotion,MYS_G000010_06082021_03_36_7387_7797_Sample_60_7380_25.0.mp4,205
Person_13,no emotion,MYS_G000010_09072021_01_10_95624_95654_Sample_1313_95400_25.0.mp4,12
Person_13,no emotion,MYS_G000010_09072021_01_118_11580_12720_Sample_166_11580_25.0.mp4,570
Person_13,no emotion,MYS_G000010_09072021_01_122_12780_13140_Sample_182_12780_25.0.mp4,180
Person_13,no emotion,MYS_G000010_09072021_01_14_98880_99000_Sample_1347_98880_25.0.mp4,60
Person_13,no emotion,MYS_G000010_09072021_01_15_94363_94409_Sample_1216_88740_25.0.mp4,11
Person_13,no emotion,MYS_G000010_09072021_01_160_17160_19140_Sample_236_17160_25.0.mp4,990
Person_13,no emotion,MYS_G000010_09072021_01_175_20700_20820_Sample_274_20700_25.0.mp4,60
Person_13,no emotion,MYS_G000010_09072021_01_17_99360_99480_Sample_1352_99360_25.0.mp4,60
Person_13,no emotion,MYS_G000010_09072021_01_181_21360_21840_Sample_287_21360_25.0.mp4,240
Person_13,no emotion,MYS_G000010_09072021_01_188_21900_23580_Sample_298_21900_25.0.mp4,840
Person_13,no emotion,MYS_G000010_09072021_01_18_99600_99840_Sample_1353_99600_25.0.mp4,120
Person_13,no emotion,MYS_G000010_09072021_01_208_24120_24240_Sample_323_24120_25.0.mp4,60
Person_13,no emotion,MYS_G000010_09072021_01_210_24420_24540_Sample_329_24420_25.0.mp4,60
Person_13,no emotion,MYS_G000010_09072021_01_213_24840_25080_Sample_338_24840_25.0.mp4,120
Person_13,no emotion,MYS_G000010_09072021_01_21_101220_101700_Sample_1366_101220_25.0.mp4,240
Person_13,no emotion,MYS_G000010_09072021_01_228_26220_26400_Sample_372_26220_25.0.mp4,90
Person_13,no emotion,MYS_G000010_09072021_01_235_26580_26700_Sample_378_26580_25.0.mp4,60
Person_13,no emotion,MYS_G000010_09072021_01_238_26940_27480_Sample_383_26940_25.0.mp4,270
Person_13,no emotion,MYS_G000010_09072021_01_23_77323_77364_Sample_1032_77280_25.0.mp4,24
Person_13,no emotion,MYS_G000010_09072021_01_23_98880_99000_Sample_1347_98880_25.0.mp4,60
Person_13,no emotion,MYS_G000010_09072021_01_242_27600_27960_Sample_394_27600_25.0.mp4,180
Person_13,no emotion,MYS_G000010_09072021_01_253_28080_28260_Sample_402_28080_25.0.mp4,90
Person_13,no emotion,MYS_G000010_09072021_01_28_101700_101880_Sample_1370_101700_25.0.mp4,90
Person_13,no emotion,MYS_G000010_09072021_01_291_32880_33120_Sample_474_32880_25.0.mp4,120
Person_13,no emotion,MYS_G000010_09072021_01_308_35280_37140_Sample_505_35280_25.0.mp4,930
Person_13,no emotion,MYS_G000010_09072021_01_31_102180_103320_Sample_1373_102180_25.0.mp4,570
Person_13,no emotion,MYS_G000010_09072021_01_341_4200_4620_Sample_57_4200_25.0.mp4,210
Person_13,no emotion,MYS_G000010_09072021_01_363_43380_43620_Sample_629_43380_25.0.mp4,120
Person_13,no emotion,MYS_G000010_09072021_01_367_43800_44460_Sample_636_43800_25.0.mp4,330
Person_13,no emotion,MYS_G000010_09072021_01_376_44880_45000_Sample_654_44880_25.0.mp4,60
Person_13,no emotion,MYS_G000010_09072021_01_377_45060_45240_Sample_657_45060_25.0.mp4,90
Person_13,no emotion,MYS_G000010_09072021_01_381_45360_45600_Sample_666_45360_25.0.mp4,120
Person_13,no emotion,MYS_G000010_09072021_01_384_45900_46260_Sample_673_45900_25.0.mp4,180
Person_13,no emotion,MYS_G000010_09072021_01_388_46320_46500_Sample_682_46320_25.0.mp4,90
Person_13,no emotion,MYS_G000010_09072021_01_390_46860_47100_Sample_692_46860_25.0.mp4,120
Person_13,no emotion,MYS_G000010_09072021_01_391_47237_47255_Sample_699_47220_25.0.mp4,7
Person_13,no emotion,MYS_G000010_09072021_01_395_48000_48420_Sample_712_48000_25.0.mp4,210
Person_13,no emotion,MYS_G000010_09072021_01_398_48540_50400_Sample_718_48540_25.0.mp4,930
Person_13,no emotion,MYS_G000010_09072021_01_39_103320_103860_Sample_1385_103320_25.0.mp4,270
Person_13,no emotion,MYS_G000010_09072021_01_416_50520_50640_Sample_746_50520_25.0.mp4,60
Person_13,no emotion,MYS_G000010_09072021_01_418_56728_56788_Sample_754_56520_25.0.mp4,20
Person_13,no emotion,MYS_G000010_09072021_01_41_79800_80220_Sample_1070_79800_25.0.mp4,210
Person_13,no emotion,MYS_G000010_09072021_01_41_8820_9120_Sample_127_8820_25.0.mp4,150
Person_13,no emotion,MYS_G000010_09072021_01_424_5580_6240_Sample_76_5580_25.0.mp4,330
Person_13,no emotion,MYS_G000010_09072021_01_425_57720_57840_Sample_772_57720_25.0.mp4,60
Person_13,no emotion,MYS_G000010_09072021_01_42_107040_107940_Sample_1392_107040_25.0.mp4,450
Person_13,no emotion,MYS_G000010_09072021_01_449_60780_60960_Sample_784_60780_25.0.mp4,90
Person_13,no emotion,MYS_G000010_09072021_01_44_80340_80520_Sample_1077_80340_25.0.mp4,90
Person_13,no emotion,MYS_G000010_09072021_01_46_80887_80924_Sample_1082_80760_25.0.mp4,15
Person_13,no emotion,MYS_G000010_09072021_01_47_109570_109620_Sample_1401_109320_25.0.mp4,23
Person_13,no emotion,MYS_G000010_09072021_01_484_64440_66120_Sample_801_64440_25.0.mp4,840
Person_13,no emotion,MYS_G000010_09072021_01_48_109620_109860_Sample_1402_109620_25.0.mp4,120
Person_13,no emotion,MYS_G000010_09072021_01_49_109860_110220_Sample_1403_109860_25.0.mp4,180
Person_13,no emotion,MYS_G000010_09072021_01_500_67440_67620_Sample_841_67440_25.0.mp4,90
Person_13,no emotion,MYS_G000010_09072021_01_510_68160_69687_Sample_857_68160_25.0.mp4,763
Person_13,no emotion,MYS_G000010_09072021_01_51_110580_110760_Sample_1408_110580_25.0.mp4,90
Person_13,no emotion,MYS_G000010_09072021_01_52_110760_110880_Sample_1410_110760_25.0.mp4,60
Person_13,no emotion,MYS_G000010_09072021_01_52_81780_81960_Sample_1099_81780_25.0.mp4,90
Person_13,no emotion,MYS_G000010_09072021_01_53_7680_7800_Sample_109_7680_25.0.mp4,60
Person_13,no emotion,MYS_G000010_09072021_01_54_112620_113220_Sample_1423_112620_25.0.mp4,300
Person_13,no emotion,MYS_G000010_09072021_01_55_113220_113460_Sample_1425_113220_25.0.mp4,120
Person_13,no emotion,MYS_G000010_09072021_01_561_6780_6900_Sample_97_6780_25.0.mp4,60
Person_13,no emotion,MYS_G000010_09072021_01_58_82320_82620_Sample_1110_82320_25.0.mp4,150
Person_13,no emotion,MYS_G000010_09072021_01_62_113760_114600_Sample_1433_113760_25.0.mp4,420
Person_13,no emotion,MYS_G000010_09072021_01_63_83160_83340_Sample_1120_83160_25.0.mp4,90
Person_13,no emotion,MYS_G000010_09072021_01_65_114960_115080_Sample_1438_114960_25.0.mp4,60
Person_13,no emotion,MYS_G000010_09072021_01_67_115500_115920_Sample_1441_115500_25.0.mp4,210
Person_13,no emotion,MYS_G000010_09072021_01_84_85020_85560_Sample_1153_85020_25.0.mp4,270
Person_13,no emotion,MYS_G000010_09072021_01_9_88425_88447_Sample_1211_88380_25.0.mp4,15
Person_13,no emotion,MYS_G000010_13082021_03_109_3480_3546_Sample_50_3480_25.0.mp4,33
Person_13,no emotion,MYS_G000010_13082021_03_111_4020_4139_Sample_59_4020_25.0.mp4,59
Person_13,no emotion,MYS_G000010_13082021_03_118_4789_4857_Sample_73_4740_25.0.mp4,34
Person_13,no emotion,MYS_G000010_13082021_03_11_9203_9534_Sample_140_8820_25.0.mp4,165
Person_13,no emotion,MYS_G000010_13082021_03_120_4920_4972_Sample_77_4920_25.0.mp4,26
Person_13,no emotion,MYS_G000010_13082021_03_16_10140_10290_Sample_156_10140_25.0.mp4,75
Person_13,no emotion,MYS_G000010_13082021_03_22_11763_11807_Sample_181_11760_25.0.mp4,22
Person_13,no emotion,MYS_G000010_13082021_03_25_12360_12545_Sample_186_12360_25.0.mp4,92
Person_13,no emotion,MYS_G000010_13082021_03_28_12660_12777_Sample_191_12660_25.0.mp4,58
Person_13,no emotion,MYS_G000010_13082021_03_31_13140_13442_Sample_199_13140_25.0.mp4,151
Person_13,no emotion,MYS_G000010_13082021_03_37_13920_14127_Sample_211_13920_25.0.mp4,103
Person_13,no emotion,MYS_G000010_13082021_03_40_14520_14643_Sample_220_14520_25.0.mp4,61
Person_13,no emotion,MYS_G000010_13082021_03_42_15060_15141_Sample_231_15060_25.0.mp4,40
Person_13,no emotion,MYS_G000010_13082021_03_46_15780_15888_Sample_246_15780_25.0.mp4,54
Person_13,no emotion,MYS_G000010_13082021_03_49_16440_16620_Sample_254_16440_25.0.mp4,90
Person_13,no emotion,MYS_G000010_13082021_03_4_7260_7353_Sample_112_7260_25.0.mp4,46
Person_13,no emotion,MYS_G000010_13082021_03_51_16860_17037_Sample_261_16860_25.0.mp4,88
Person_13,no emotion,MYS_G000010_13082021_03_55_18425_18460_Sample_282_18300_25.0.mp4,17
Person_13,no emotion,MYS_G000010_13082021_03_56_18780_19137_Sample_288_18780_25.0.mp4,178
Person_13,no emotion,MYS_G000010_13082021_03_75_24862_24897_Sample_378_24780_25.0.mp4,17
Person_13,no emotion,MYS_G000010_13082021_03_77_25084_25255_Sample_383_24960_25.0.mp4,85
Person_13,no emotion,MYS_G000010_13082021_03_82_26839_26877_Sample_406_26760_25.0.mp4,19
Person_13,no emotion,MYS_G000010_13082021_03_84_26945_27297_Sample_409_26940_25.0.mp4,176
Person_13,no emotion,MYS_G000010_13082021_03_85_27480_27737_Sample_416_27480_25.0.mp4,128
Person_13,no emotion,MYS_G000010_13082021_03_88_28860_28977_Sample_434_28860_25.0.mp4,58
Person_13,no emotion,MYS_G000010_13082021_03_90_29340_29517_Sample_440_29340_25.0.mp4,88
Person_13,no emotion,MYS_G000010_13082021_03_92_30000_30477_Sample_447_30000_25.0.mp4,238
Person_13,no emotion,MYS_G000010_13082021_03_93_30540_30897_Sample_450_30540_25.0.mp4,178
Person_13,no emotion,MYS_G000010_13082021_03_96_31380_31666_Sample_459_31380_25.0.mp4,143
Person_13,no emotion,MYS_G000010_13082021_03_98_31680_31963_Sample_465_31680_25.0.mp4,141
Person_13,no emotion,MYS_G000010_16072021_01_103_36120_36712_Sample_387_34320_25.0.mp4,296
Person_13,no emotion,MYS_G000010_16072021_01_123_2464_2764_Sample_42_2280_25.0.mp4,150
Person_13,no emotion,MYS_G000010_16072021_01_146_41820_41880_Sample_482_41760_25.0.mp4,30
Person_13,no emotion,MYS_G000010_16072021_01_157_43500_43797_Sample_506_43500_25.0.mp4,148
Person_13,no emotion,MYS_G000010_16072021_01_15_8280_8657_Sample_135_8280_25.0.mp4,188
Person_13,no emotion,MYS_G000010_16072021_01_161_44035_44156_Sample_514_43860_25.0.mp4,60
Person_13,no emotion,MYS_G000010_16072021_01_182_46380_46557_Sample_552_46380_25.0.mp4,88
Person_13,no emotion,MYS_G000010_16072021_01_185_46740_47096_Sample_555_46740_25.0.mp4,178
Person_13,no emotion,MYS_G000010_16072021_01_189_47833_47937_Sample_568_47820_25.0.mp4,52
Person_13,no emotion,MYS_G000010_16072021_01_191_48093_48777_Sample_571_48060_25.0.mp4,342
Person_13,no emotion,MYS_G000010_16072021_01_195_48442_48579_Sample_578_48420_25.0.mp4,68
Person_13,no emotion,MYS_G000010_16072021_01_199_48903_48986_Sample_586_48840_25.0.mp4,41
Person_13,no emotion,MYS_G000010_16072021_01_21_18872_18960_Sample_192_18840_25.0.mp4,44
Person_13,no emotion,MYS_G000010_16072021_01_231_52792_53133_Sample_646_52680_25.0.mp4,170
Person_13,no emotion,MYS_G000010_16072021_01_245_54120_54297_Sample_669_54120_25.0.mp4,88
Person_13,no emotion,MYS_G000010_16072021_01_255_62038_62558_Sample_681_55140_25.0.mp4,260
Person_13,no emotion,MYS_G000010_16072021_01_285_5039_6219_Sample_73_4620_25.0.mp4,590
Person_13,no emotion,MYS_G000010_16072021_01_28_19970_20037_Sample_214_19740_25.0.mp4,33
Person_13,no emotion,MYS_G000010_16072021_01_298_67900_67920_Sample_773_67740_25.0.mp4,10
Person_13,no emotion,MYS_G000010_16072021_01_311_69726_69837_Sample_794_69660_25.0.mp4,55
Person_13,no emotion,MYS_G000010_16072021_01_32_20188_20359_Sample_219_20100_25.0.mp4,85
Person_13,no emotion,MYS_G000010_16072021_01_340_76879_76917_Sample_873_76800_25.0.mp4,19
Person_13,no emotion,MYS_G000010_16072021_01_341_76920_77089_Sample_875_76920_25.0.mp4,84
Person_13,no emotion,MYS_G000010_16072021_01_346_77642_77686_Sample_885_77580_25.0.mp4,22
Person_13,no emotion,MYS_G000010_16072021_01_351_79122_79200_Sample_894_78360_25.0.mp4,44
Person_13,no emotion,MYS_G000010_16072021_01_380_6300_6717_Sample_98_6300_25.0.mp4,208
Person_13,no emotion,MYS_G000010_16072021_01_41_21849_21954_Sample_242_21840_25.0.mp4,52
Person_13,no emotion,MYS_G000010_16072021_01_44_22560_23037_Sample_249_22560_25.0.mp4,238
Person_13,no emotion,MYS_G000010_16072021_01_46_23086_23353_Sample_254_23040_25.0.mp4,133
Person_13,no emotion,MYS_G000010_16072021_01_56_24623_25017_Sample_274_24180_25.0.mp4,197
Person_13,no emotion,MYS_G000010_16072021_01_62_25020_25340_Sample_283_25020_25.0.mp4,160
Person_13,no emotion,MYS_G000010_16072021_01_63_25457_25557_Sample_289_25380_25.0.mp4,50
Person_13,no emotion,MYS_G000010_16072021_01_65_25575_25814_Sample_292_25560_25.0.mp4,119
Person_13,no emotion,MYS_G000010_16072021_01_80_29703_29859_Sample_329_29700_25.0.mp4,78
Person_13,no emotion,MYS_G000010_16072021_01_82_30403_30523_Sample_332_29880_25.0.mp4,60
Person_13,no emotion,MYS_G000010_16072021_01_85_30600_31131_Sample_341_30600_25.0.mp4,265
Person_13,no emotion,MYS_G000010_16072021_01_86_31270_31677_Sample_347_31200_25.0.mp4,203
Person_13,no emotion,MYS_G000010_16072021_01_9_7680_8106_Sample_124_7680_25.0.mp4,213
Person_13,no emotion,MYS_G000010_16072021_02_113_40208_40557_Sample_431_40200_25.0.mp4,174
Person_13,no emotion,MYS_G000010_16072021_02_120_41460_41635_Sample_446_41460_25.0.mp4,87
Person_13,no emotion,MYS_G000010_16072021_02_132_3360_3536_Sample_46_3180_25.0.mp4,88
Person_13,no emotion,MYS_G000010_16072021_02_136_43440_43495_Sample_476_43440_25.0.mp4,27
Person_13,no emotion,MYS_G000010_16072021_02_143_45356_45551_Sample_498_44820_25.0.mp4,97
Person_13,no emotion,MYS_G000010_16072021_02_152_46056_46200_Sample_517_45900_25.0.mp4,72
Person_13,no emotion,MYS_G000010_16072021_02_154_47997_48252_Sample_525_46380_25.0.mp4,127
Person_13,no emotion,MYS_G000010_16072021_02_182_3840_4077_Sample_59_3840_25.0.mp4,118
Person_13,no emotion,MYS_G000010_16072021_02_184_52320_52630_Sample_604_52320_25.0.mp4,155
Person_13,no emotion,MYS_G000010_16072021_02_189_53144_53220_Sample_623_52920_25.0.mp4,38
Person_13,no emotion,MYS_G000010_16072021_02_195_4320_4440_Sample_65_4320_25.0.mp4,60
Person_13,no emotion,MYS_G000010_16072021_02_206_55439_55590_Sample_688_55380_25.0.mp4,75
Person_13,no emotion,MYS_G000010_16072021_02_207_4680_4975_Sample_68_4680_25.0.mp4,147
Person_13,no emotion,MYS_G000010_16072021_02_218_56854_56923_Sample_712_56580_25.0.mp4,34
Person_13,no emotion,MYS_G000010_16072021_02_221_57060_57138_Sample_716_57060_25.0.mp4,39
Person_13,no emotion,MYS_G000010_16072021_02_229_61700_61854_Sample_739_61500_25.0.mp4,77
Person_13,no emotion,MYS_G000010_16072021_02_230_61869_62334_Sample_743_61860_25.0.mp4,232
Person_13,no emotion,MYS_G000010_16072021_02_232_62760_62937_Sample_747_62760_25.0.mp4,88
Person_13,no emotion,MYS_G000010_16072021_02_234_63310_63548_Sample_751_63240_25.0.mp4,119
Person_13,no emotion,MYS_G000010_16072021_02_247_6240_6278_Sample_97_6240_25.0.mp4,8
Person_13,no emotion,MYS_G000010_16072021_02_248_6420_6597_Sample_99_6420_25.0.mp4,88
Person_13,no emotion,MYS_G000010_16072021_02_3_7275_7317_Sample_108_7140_25.0.mp4,21
Person_13,no emotion,MYS_G000010_16072021_02_45_28080_28185_Sample_240_28080_25.0.mp4,52
Person_13,no emotion,MYS_G000010_16072021_02_51_28440_28618_Sample_252_28440_25.0.mp4,89
Person_13,no emotion,MYS_G000010_16072021_02_63_1980_2234_Sample_29_1980_25.0.mp4,127
Person_13,no emotion,MYS_G000010_16072021_02_70_32388_32697_Sample_317_32280_25.0.mp4,154
Person_13,no emotion,MYS_G000010_16072021_02_73_2340_2431_Sample_31_2340_25.0.mp4,45
Person_13,no emotion,MYS_G000010_16072021_02_78_32930_32984_Sample_325_32880_25.0.mp4,27
Person_13,no emotion,MYS_G000010_16072021_02_7_11400_11528_Sample_127_11400_25.0.mp4,64
Person_13,no emotion,MYS_G000010_16072021_02_86_33866_34080_Sample_337_33780_25.0.mp4,107
Person_13,no emotion,MYS_G000010_16072021_02_89_34680_34764_Sample_347_34680_25.0.mp4,42
Person_13,no emotion,MYS_G000010_16072021_02_97_36720_36785_Sample_378_36720_25.0.mp4,32
Person_13,no emotion,MYS_G000010_16072021_02_99_36997_37057_Sample_381_36960_25.0.mp4,30
Person_13,no emotion,MYS_G000010_20082021_01_101_18201_18233_Sample_326_18180_25.0.mp4,14
Person_13,no emotion,MYS_G000010_20082021_01_104_1740_1920_Sample_32_1740_25.0.mp4,90
Person_13,no emotion,MYS_G000010_20082021_01_112_18960_19080_Sample_339_18960_25.0.mp4,60
Person_13,no emotion,MYS_G000010_20082021_01_113_19140_19320_Sample_342_19140_25.0.mp4,90
Person_13,no emotion,MYS_G000010_20082021_01_114_19440_19560_Sample_347_19440_25.0.mp4,60
Person_13,no emotion,MYS_G000010_20082021_01_115_20700_20940_Sample_371_20700_25.0.mp4,120
Person_13,no emotion,MYS_G000010_20082021_01_116_21120_21240_Sample_378_21120_25.0.mp4,60
Person_13,no emotion,MYS_G000010_20082021_01_117_21420_22080_Sample_383_21420_25.0.mp4,330
Person_13,no emotion,MYS_G000010_20082021_01_119_2100_2280_Sample_38_2100_25.0.mp4,90
Person_13,no emotion,MYS_G000010_20082021_01_121_22080_22200_Sample_393_22080_25.0.mp4,60
Person_13,no emotion,MYS_G000010_20082021_01_125_22260_22380_Sample_395_22260_25.0.mp4,60
Person_13,no emotion,MYS_G000010_20082021_01_126_22740_23280_Sample_399_22740_25.0.mp4,270
Person_13,no emotion,MYS_G000010_20082021_01_128_23640_23820_Sample_405_23640_25.0.mp4,90
Person_13,no emotion,MYS_G000010_20082021_01_131_23940_24240_Sample_407_23940_25.0.mp4,150
Person_13,no emotion,MYS_G000010_20082021_01_132_24300_24840_Sample_409_24300_25.0.mp4,270
Person_13,no emotion,MYS_G000010_20082021_01_139_26040_26520_Sample_428_26040_25.0.mp4,240
Person_13,no emotion,MYS_G000010_20082021_01_15_7620_7920_Sample_137_7620_25.0.mp4,150
Person_13,no emotion,MYS_G000010_20082021_01_17_8160_8940_Sample_148_8160_25.0.mp4,390
Person_13,no emotion,MYS_G000010_20082021_01_192_4380_4800_Sample_81_4380_25.0.mp4,210
Person_13,no emotion,MYS_G000010_20082021_01_195_4860_5100_Sample_87_4860_25.0.mp4,120
Person_13,no emotion,MYS_G000010_20082021_01_197_5340_5520_Sample_95_5340_25.0.mp4,90
Person_13,no emotion,MYS_G000010_20082021_01_36_660_1140_Sample_16_660_25.0.mp4,240
Person_13,no emotion,MYS_G000010_20082021_01_45_9960_10200_Sample_184_9960_25.0.mp4,120
Person_13,no emotion,MYS_G000010_20082021_01_5_6240_6420_Sample_108_6240_25.0.mp4,90
Person_13,no emotion,MYS_G000010_20082021_01_62_11460_11640_Sample_207_11460_25.0.mp4,90
Person_13,no emotion,MYS_G000010_20082021_01_76_1320_1560_Sample_26_1320_25.0.mp4,120
Person_13,no emotion,MYS_G000010_20082021_01_80_15120_15600_Sample_275_15120_25.0.mp4,240
Person_13,no emotion,MYS_G000010_20082021_01_94_17340_17520_Sample_308_17340_25.0.mp4,90
Person_13,no emotion,MYS_G000010_20082021_01_9_6600_6960_Sample_118_6600_25.0.mp4,180
Person_13,no emotion,MYS_G000010_20082021_02_104_11880_12550_Sample_93_11880_25.0.mp4,335
Person_13,no emotion,MYS_G000010_20082021_02_40_28500_28797_Sample_211_28500_25.0.mp4,148
Person_13,no emotion,MYS_G000010_20082021_02_41_28996_29025_Sample_214_28860_25.0.mp4,11
Person_13,no emotion,MYS_G000010_20082021_02_48_34563_34776_Sample_255_34440_25.0.mp4,106
Person_13,no emotion,MYS_G000010_20082021_02_49_34980_35098_Sample_257_34980_25.0.mp4,59
Person_13,no emotion,MYS_G000010_20082021_02_52_35700_35877_Sample_265_35700_25.0.mp4,88
Person_13,no emotion,MYS_G000010_20082021_02_53_36000_36119_Sample_268_36000_25.0.mp4,59
Person_13,no emotion,MYS_G000010_20082021_02_5_15730_16077_Sample_116_15480_25.0.mp4,173
Person_13,no emotion,MYS_G000010_20082021_02_61_38100_38487_Sample_285_38100_25.0.mp4,193
Person_13,no emotion,MYS_G000010_20082021_02_8_16140_16413_Sample_120_16140_25.0.mp4,136
Person_13,no emotion,MYS_G000010_20082021_02_99_11160_11467_Sample_82_11160_25.0.mp4,153
Person_13,no emotion,MYS_G000010_20082021_03_12_3900_4080_Sample_32_3900_25.0.mp4,90
Person_13,no emotion,MYS_G000010_20082021_03_16_4380_5399_Sample_37_4380_25.0.mp4,509
Person_13,no emotion,MYS_G000010_20082021_03_19_0_240_Sample_3_0_25.0.mp4,120
Person_13,no emotion,MYS_G000010_20082021_03_1_12780_13260_Sample_104_12780_25.0.mp4,240
Person_13,no emotion,MYS_G000010_20082021_03_21_5400_5760_Sample_42_5400_25.0.mp4,180
Person_13,no emotion,MYS_G000010_20082021_03_22_5880_6120_Sample_45_5880_25.0.mp4,120
Person_13,no emotion,MYS_G000010_20082021_03_24_6360_6480_Sample_48_6360_25.0.mp4,60
Person_13,no emotion,MYS_G000010_20082021_03_31_6900_7200_Sample_53_6900_25.0.mp4,150
Person_13,no emotion,MYS_G000010_20082021_03_33_300_900_Sample_5_300_25.0.mp4,300
Person_13,no emotion,MYS_G000010_20082021_03_34_7500_7620_Sample_60_7500_25.0.mp4,60
Person_13,no emotion,MYS_G000010_20082021_03_39_9420_9540_Sample_80_9420_25.0.mp4,60
Person_13,no emotion,MYS_G000010_20082021_03_43_12240_12420_Sample_99_12240_25.0.mp4,90
Person_13,no emotion,MYS_G000010_23072021_01_103_27240_27540_Sample_204_27240_25.0.mp4,150
Person_13,no emotion,MYS_G000010_23072021_01_114_4040_4084_Sample_21_4020_25.0.mp4,19
Person_13,no emotion,MYS_G000010_23072021_01_122_29686_29733_Sample_239_29640_25.0.mp4,26
Person_13,no emotion,MYS_G000010_23072021_01_127_30336_30366_Sample_239_29640_25.0.mp4,13
Person_13,no emotion,MYS_G000010_23072021_01_128_4260_4680_Sample_23_4260_25.0.mp4,210
Person_13,no emotion,MYS_G000010_23072021_01_130_4800_6300_Sample_28_4800_25.0.mp4,750
Person_13,no emotion,MYS_G000010_23072021_01_140_575_592_Sample_3_60_25.0.mp4,10
Person_13,no emotion,MYS_G000010_23072021_01_141_6616_6695_Sample_42_6600_25.0.mp4,16
Person_13,no emotion,MYS_G000010_23072021_01_142_6715_6757_Sample_42_6600_25.0.mp4,13
Person_13,no emotion,MYS_G000010_23072021_01_15_16140_19080_Sample_120_16140_25.0.mp4,1470
Person_13,no emotion,MYS_G000010_23072021_01_200_12797_12840_Sample_90_12660_25.0.mp4,13
Person_13,no emotion,MYS_G000010_23072021_01_204_1214_1282_Sample_9_1140_25.0.mp4,27
Person_13,no emotion,MYS_G000010_23072021_01_206_1864_1887_Sample_9_1140_25.0.mp4,7
Person_13,no emotion,MYS_G000010_23072021_01_208_2066_2112_Sample_9_1140_25.0.mp4,16
Person_13,no emotion,MYS_G000010_23072021_01_35_21835_21876_Sample_126_19140_25.0.mp4,13
Person_13,no emotion,MYS_G000010_23072021_01_40_22020_22260_Sample_135_22020_25.0.mp4,120
Person_13,no emotion,MYS_G000010_23072021_01_42_22320_22560_Sample_139_22320_25.0.mp4,120
Person_13,no emotion,MYS_G000010_23072021_01_46_22620_22920_Sample_143_22620_25.0.mp4,150
Person_13,no emotion,MYS_G000010_23072021_01_48_3455_3512_Sample_14_2760_25.0.mp4,27
Person_13,no emotion,MYS_G000010_23072021_01_57_24050_24193_Sample_167_24000_25.0.mp4,75
Person_13,no emotion,MYS_G000010_23072021_01_58_24189_24217_Sample_167_24000_25.0.mp4,13
Person_13,no emotion,MYS_G000010_23072021_01_69_24713_24748_Sample_176_24660_25.0.mp4,20
Person_13,no emotion,MYS_G000010_23072021_01_72_25857_25895_Sample_176_24660_25.0.mp4,20
Person_13,no emotion,MYS_G000010_23072021_01_73_25932_25980_Sample_176_24660_25.0.mp4,9
Person_13,no emotion,MYS_G000010_23072021_01_91_26094_26204_Sample_188_26040_25.0.mp4,12
Person_13,no emotion,MYS_G000010_23072021_05_11_9869_9957_Sample_134_9780_25.0.mp4,44
Person_13,no emotion,MYS_G000010_23072021_05_19_14220_14633_Sample_189_14220_25.0.mp4,206
Person_13,no emotion,MYS_G000010_23072021_05_29_17994_18057_Sample_230_17940_25.0.mp4,31
Person_13,no emotion,MYS_G000010_23072021_05_30_18120_18239_Sample_232_18120_25.0.mp4,59
Person_13,no emotion,MYS_G000010_23072021_05_31_18240_18595_Sample_235_18240_25.0.mp4,177
Person_13,no emotion,MYS_G000010_23072021_05_42_21609_21703_Sample_272_21600_25.0.mp4,47
Person_13,no emotion,MYS_G000010_23072021_05_48_22955_23100_Sample_292_22860_25.0.mp4,72
Person_13,no emotion,MYS_G000010_23072021_05_53_24300_24485_Sample_310_24300_25.0.mp4,92
Person_13,no emotion,MYS_G000010_23072021_05_54_24864_24936_Sample_316_24840_25.0.mp4,36
Person_13,no emotion,MYS_G000010_23072021_05_59_2220_2387_Sample_37_2220_25.0.mp4,83
Person_13,no emotion,MYS_G000010_23072021_05_62_2460_2578_Sample_39_2460_25.0.mp4,59
Person_13,no emotion,MYS_G000010_23072021_05_64_33408_33446_Sample_403_33300_25.0.mp4,19
Person_13,no emotion,MYS_G000010_23072021_05_77_6095_6117_Sample_85_6000_25.0.mp4,11
Person_13,no emotion,MYS_G000010_23072021_05_80_6337_6360_Sample_89_6240_25.0.mp4,11
Person_13,no emotion,MYS_G000010_27082021_01_100_18780_19197_Sample_184_18780_25.0.mp4,208
Person_13,no emotion,MYS_G000010_27082021_01_102_19260_19565_Sample_188_19260_25.0.mp4,152
Person_13,no emotion,MYS_G000010_27082021_01_103_1507_1560_Sample_18_1440_25.0.mp4,26
Person_13,no emotion,MYS_G000010_27082021_01_104_19680_19797_Sample_190_19680_25.0.mp4,58
Person_13,no emotion,MYS_G000010_27082021_01_108_21780_21844_Sample_216_21780_25.0.mp4,32
Person_13,no emotion,MYS_G000010_27082021_01_109_22371_22737_Sample_222_22320_25.0.mp4,183
Person_13,no emotion,MYS_G000010_27082021_01_110_22960_23097_Sample_225_22860_25.0.mp4,68
Person_13,no emotion,MYS_G000010_27082021_01_111_23160_23277_Sample_228_23160_25.0.mp4,58
Person_13,no emotion,MYS_G000010_27082021_01_112_23340_23459_Sample_230_23340_25.0.mp4,59
Person_13,no emotion,MYS_G000010_27082021_01_114_24120_24238_Sample_240_24120_25.0.mp4,59
Person_13,no emotion,MYS_G000010_27082021_01_123_27549_27600_Sample_282_27480_25.0.mp4,25
Person_13,no emotion,MYS_G000010_27082021_01_129_2400_2520_Sample_29_2400_25.0.mp4,60
Person_13,no emotion,MYS_G000010_27082021_01_135_29818_30000_Sample_314_29700_25.0.mp4,91
Person_13,no emotion,MYS_G000010_27082021_01_139_30847_30883_Sample_326_30840_25.0.mp4,18
Person_13,no emotion,MYS_G000010_27082021_01_143_31740_31787_Sample_335_31740_25.0.mp4,23
Person_13,no emotion,MYS_G000010_27082021_01_151_35294_35337_Sample_381_35220_25.0.mp4,21
Person_13,no emotion,MYS_G000010_27082021_01_153_35912_35997_Sample_388_35880_25.0.mp4,42
Person_13,no emotion,MYS_G000010_27082021_01_168_3513_3597_Sample_43_3300_25.0.mp4,42
Person_13,no emotion,MYS_G000010_27082021_01_177_43464_43608_Sample_479_43380_25.0.mp4,72
Person_13,no emotion,MYS_G000010_27082021_01_184_49987_50151_Sample_521_49920_25.0.mp4,82
Person_13,no emotion,MYS_G000010_27082021_01_185_50760_50937_Sample_530_50760_25.0.mp4,88
Person_13,no emotion,MYS_G000010_27082021_01_186_51000_51117_Sample_533_51000_25.0.mp4,58
Person_13,no emotion,MYS_G000010_27082021_01_187_51180_51358_Sample_537_51180_25.0.mp4,89
Person_13,no emotion,MYS_G000010_27082021_01_190_51905_52010_Sample_545_51840_25.0.mp4,52
Person_13,no emotion,MYS_G000010_27082021_01_192_53232_53802_Sample_558_52980_25.0.mp4,285
Person_13,no emotion,MYS_G000010_27082021_01_194_54700_54995_Sample_565_54660_25.0.mp4,147
Person_13,no emotion,MYS_G000010_27082021_01_195_55355_55437_Sample_566_55320_25.0.mp4,41
Person_13,no emotion,MYS_G000010_27082021_01_198_58145_58230_Sample_601_58020_25.0.mp4,42
Person_13,no emotion,MYS_G000010_27082021_01_19_100860_101097_Sample_1059_100860_25.0.mp4,118
Person_13,no emotion,MYS_G000010_27082021_01_205_59641_59700_Sample_614_59580_25.0.mp4,29
Person_13,no emotion,MYS_G000010_27082021_01_206_60960_61024_Sample_624_60960_25.0.mp4,32
Person_13,no emotion,MYS_G000010_27082021_01_207_61204_61232_Sample_626_61200_25.0.mp4,14
Person_13,no emotion,MYS_G000010_27082021_01_217_63240_63322_Sample_653_63240_25.0.mp4,41
Person_13,no emotion,MYS_G000010_27082021_01_220_63965_64116_Sample_658_63660_25.0.mp4,75
Person_13,no emotion,MYS_G000010_27082021_01_223_64362_64440_Sample_663_64260_25.0.mp4,39
Person_13,no emotion,MYS_G000010_27082021_01_224_66000_66109_Sample_677_66000_25.0.mp4,54
Person_13,no emotion,MYS_G000010_27082021_01_228_66720_66817_Sample_690_66720_25.0.mp4,48
Person_13,no emotion,MYS_G000010_27082021_01_22_101220_101339_Sample_1064_101220_25.0.mp4,59
Person_13,no emotion,MYS_G000010_27082021_01_230_69847_69939_Sample_723_69840_25.0.mp4,46
Person_13,no emotion,MYS_G000010_27082021_01_237_75075_75210_Sample_781_75060_25.0.mp4,67
Person_13,no emotion,MYS_G000010_27082021_01_241_76260_76361_Sample_792_76260_25.0.mp4,50
Person_13,no emotion,MYS_G000010_27082021_01_247_77640_77705_Sample_808_77640_25.0.mp4,32
Person_13,no emotion,MYS_G000010_27082021_01_248_77820_78056_Sample_811_77820_25.0.mp4,118
Person_13,no emotion,MYS_G000010_27082021_01_249_81540_81717_Sample_852_81540_25.0.mp4,88
Person_13,no emotion,MYS_G000010_27082021_01_24_101520_101991_Sample_1069_101520_25.0.mp4,235
Person_13,no emotion,MYS_G000010_27082021_01_252_82027_82088_Sample_856_82020_25.0.mp4,30
Person_13,no emotion,MYS_G000010_27082021_01_262_85694_85854_Sample_896_85620_25.0.mp4,80
Person_13,no emotion,MYS_G000010_27082021_01_271_88758_88857_Sample_926_88320_25.0.mp4,49
Person_13,no emotion,MYS_G000010_27082021_01_275_89282_89357_Sample_935_89280_25.0.mp4,37
Person_13,no emotion,MYS_G000010_27082021_01_36_104460_104960_Sample_1104_104460_25.0.mp4,250
Person_13,no emotion,MYS_G000010_27082021_01_45_107160_107314_Sample_1144_107160_25.0.mp4,85
Person_13,no emotion,MYS_G000010_27082021_01_46_107567_107612_Sample_1147_107400_25.0.mp4,13
Person_13,no emotion,MYS_G000010_27082021_01_47_108117_108717_Sample_1148_107880_25.0.mp4,300
Person_13,no emotion,MYS_G000010_27082021_01_48_12388_12421_Sample_114_12300_25.0.mp4,14
Person_13,no emotion,MYS_G000010_27082021_01_50_108840_109857_Sample_1158_108840_25.0.mp4,508
Person_13,no emotion,MYS_G000010_27082021_01_54_110174_110277_Sample_1169_109920_25.0.mp4,51
Person_13,no emotion,MYS_G000010_27082021_01_56_110340_110458_Sample_1175_110340_25.0.mp4,59
Person_13,no emotion,MYS_G000010_27082021_01_57_110580_110698_Sample_1177_110580_25.0.mp4,59
Person_13,no emotion,MYS_G000010_27082021_01_67_12900_12959_Sample_118_12900_25.0.mp4,29
Person_13,no emotion,MYS_G000010_27082021_01_6_97140_97257_Sample_1013_97140_25.0.mp4,58
Person_13,no emotion,MYS_G000010_27082021_01_70_112141_112317_Sample_1193_112140_25.0.mp4,88
Person_13,no emotion,MYS_G000010_27082021_01_71_13140_13233_Sample_121_13140_25.0.mp4,46
Person_13,no emotion,MYS_G000010_27082021_01_77_13860_14067_Sample_130_13860_25.0.mp4,103
Person_13,no emotion,MYS_G000010_27082021_01_78_13920_14038_Sample_131_13920_25.0.mp4,59
Person_13,no emotion,MYS_G000010_27082021_01_79_14667_14760_Sample_137_14520_25.0.mp4,46
Person_13,no emotion,MYS_G000010_27082021_01_82_1080_1176_Sample_13_1080_25.0.mp4,48
Person_13,no emotion,MYS_G000010_27082021_01_83_14820_14977_Sample_140_14820_25.0.mp4,78
Person_13,no emotion,MYS_G000010_27082021_01_85_15784_15845_Sample_155_15720_25.0.mp4,30
Person_13,no emotion,MYS_G000010_27082021_01_91_16980_17099_Sample_173_16980_25.0.mp4,59
Person_13,no emotion,MYS_G000010_27082021_01_98_18532_18540_Sample_182_18420_25.0.mp4,8
Person_13,no emotion,MYS_G000010_27082021_01_99_18600_18753_Sample_183_18600_25.0.mp4,76
Person_134,no emotion,MYS_G000141_04112021_01_24_0_113_Sample_187.mp4,56
Person_134,no emotion,MYS_G000141_04112021_01_25_5_51_Sample_189.mp4,22
Person_134,no emotion,MYS_G000141_04112021_01_31_24_49_Sample_208.mp4,11
Person_134,no emotion,MYS_G000141_04112021_01_32_11_81_Sample_211.mp4,34
Person_134,no emotion,MYS_G000141_04112021_01_3_4_60_Sample_13.mp4,28
Person_134,no emotion,MYS_G000141_04112021_01_40_0_50_Sample_221.mp4,25
Person_134,no emotion,MYS_G000141_04112021_01_45_25_56_Sample_236.mp4,15
Person_134,no emotion,MYS_G000141_04112021_01_54_561_592_Sample_6.mp4,14
Person_134,no emotion,MYS_G000141_11112021_01_10_0_58_Sample_11.mp4,28
Person_134,no emotion,MYS_G000141_11112021_01_118_0_57_Sample_188.mp4,28
Person_134,no emotion,MYS_G000141_11112021_01_11_0_57_Sample_112.mp4,28
Person_134,no emotion,MYS_G000141_11112021_01_121_0_57_Sample_191.mp4,28
Person_134,no emotion,MYS_G000141_11112021_01_150_0_57_Sample_201.mp4,28
Person_134,no emotion,MYS_G000141_11112021_01_154_0_57_Sample_204.mp4,28
Person_134,no emotion,MYS_G000141_11112021_01_160_0_57_Sample_210.mp4,28
Person_134,no emotion,MYS_G000141_11112021_01_163_0_172_Sample_213.mp4,86
Person_134,no emotion,MYS_G000141_11112021_01_164_0_57_Sample_214.mp4,28
Person_134,no emotion,MYS_G000141_11112021_01_167_0_57_Sample_220.mp4,28
Person_134,no emotion,MYS_G000141_11112021_01_16_0_172_Sample_120.mp4,86
Person_134,no emotion,MYS_G000141_11112021_01_171_0_57_Sample_225.mp4,28
Person_134,no emotion,MYS_G000141_11112021_01_174_0_114_Sample_228.mp4,57
Person_134,no emotion,MYS_G000141_11112021_01_177_0_57_Sample_233.mp4,28
Person_134,no emotion,MYS_G000141_11112021_01_17_0_229_Sample_123.mp4,114
Person_134,no emotion,MYS_G000141_11112021_01_189_0_229_Sample_60.mp4,114
Person_134,no emotion,MYS_G000141_11112021_01_18_0_918_Sample_124.mp4,459
Person_134,no emotion,MYS_G000141_11112021_01_190_0_57_Sample_63.mp4,28
Person_134,no emotion,MYS_G000141_11112021_01_196_0_114_Sample_86.mp4,57
Person_134,no emotion,MYS_G000141_11112021_01_197_0_57_Sample_90.mp4,28
Person_134,no emotion,MYS_G000141_11112021_01_1_9_180_Sample_1.mp4,85
Person_134,no emotion,MYS_G000141_11112021_01_23_0_57_Sample_134.mp4,28
Person_134,no emotion,MYS_G000141_11112021_01_24_0_287_Sample_136.mp4,143
Person_134,no emotion,MYS_G000141_11112021_01_26_0_57_Sample_139.mp4,28
Person_134,no emotion,MYS_G000141_11112021_01_27_0_57_Sample_141.mp4,28
Person_134,no emotion,MYS_G000141_11112021_01_28_0_114_Sample_142.mp4,57
Person_134,no emotion,MYS_G000141_11112021_01_47_0_57_Sample_154.mp4,28
Person_134,no emotion,MYS_G000141_11112021_01_64_0_57_Sample_16.mp4,28
Person_134,no emotion,MYS_G000141_18112021_01_12_44_50_Sample_34.mp4,4
Person_134,no emotion,MYS_G000141_18112021_01_19_52_101_Sample_4.mp4,24
Person_134,no emotion,MYS_G000141_18112021_01_3_2_44_Sample_20.mp4,21
Person_134,no emotion,MYS_G000141_18112021_01_40_27_50_Sample_66.mp4,11
Person_134,no emotion,MYS_G000141_18112021_01_44_0_27_Sample_79.mp4,13
Person_134,no emotion,MYS_G000141_18112021_01_45_0_42_Sample_8.mp4,20
Person_14,no emotion,MYS_G000010_06082021_01_23_25740_25860_Sample_385_25740_25.0.mp4,60
Person_14,no emotion,MYS_G000010_06082021_01_25_25920_26700_Sample_390_25920_25.0.mp4,390
Person_14,no emotion,MYS_G000010_06082021_01_3_21900_22140_Sample_330_21900_25.0.mp4,120
Person_14,no emotion,MYS_G000010_06082021_01_44_20940_21420_Sample_314_20940_25.0.mp4,240
Person_14,no emotion,MYS_G000010_06082021_01_4_14340_17700_Sample_215_14340_25.0.mp4,1680
Person_14,no emotion,MYS_G000010_06082021_01_5_7980_8100_Sample_118_7980_25.0.mp4,60
Person_14,no emotion,MYS_G000010_06082021_03_28_5480_5678_Sample_43_5460_25.0.mp4,99
Person_14,no emotion,MYS_G000010_06082021_03_38_7977_8127_Sample_64_7860_25.0.mp4,75
Person_14,no emotion,MYS_G000010_07052021_01_11_905_1003_Sample_19_840_25.0.mp4,49
Person_14,no emotion,MYS_G000010_07052021_01_5_7593_7635_Sample_111_7140_25.0.mp4,7
Person_14,no emotion,MYS_G000010_09072021_01_132_16718_16954_Sample_196_13740_25.0.mp4,118
Person_14,no emotion,MYS_G000010_09072021_01_186_22306_22440_Sample_296_21900_25.0.mp4,91
Person_14,no emotion,MYS_G000010_09072021_01_192_2408_2909_Sample_2_0_25.0.mp4,96
Person_14,no emotion,MYS_G000010_09072021_01_196_22546_23416_Sample_301_22440_25.0.mp4,139
Person_14,no emotion,MYS_G000010_09072021_01_1_86711_86773_Sample_1177_86580_25.0.mp4,25
Person_14,no emotion,MYS_G000010_09072021_01_218_25500_25740_Sample_356_25500_25.0.mp4,120
Person_14,no emotion,MYS_G000010_09072021_01_23_101340_102359_Sample_1368_101340_25.0.mp4,509
Person_14,no emotion,MYS_G000010_09072021_01_245_28112_28734_Sample_398_27900_25.0.mp4,88
Person_14,no emotion,MYS_G000010_09072021_01_247_29730_29806_Sample_398_27900_25.0.mp4,22
Person_14,no emotion,MYS_G000010_09072021_01_251_2061_2228_Sample_3_0_25.0.mp4,104
Person_14,no emotion,MYS_G000010_09072021_01_313_36300_36900_Sample_523_36300_25.0.mp4,300
Person_14,no emotion,MYS_G000010_09072021_01_319_37200_37320_Sample_540_37200_25.0.mp4,60
Person_14,no emotion,MYS_G000010_09072021_01_33_102420_102660_Sample_1375_102420_25.0.mp4,120
Person_14,no emotion,MYS_G000010_09072021_01_36_102900_103020_Sample_1379_102900_25.0.mp4,60
Person_14,no emotion,MYS_G000010_09072021_01_37_103020_103500_Sample_1381_103020_25.0.mp4,240
Person_14,no emotion,MYS_G000010_09072021_01_387_46260_46560_Sample_680_46260_25.0.mp4,150
Person_14,no emotion,MYS_G000010_09072021_01_45_80400_81180_Sample_1079_80400_25.0.mp4,390
Person_14,no emotion,MYS_G000010_09072021_01_485_65940_66480_Sample_814_65940_25.0.mp4,270
Person_14,no emotion,MYS_G000010_09072021_01_492_66480_66600_Sample_825_66480_25.0.mp4,60
Person_14,no emotion,MYS_G000010_09072021_01_523_69900_70020_Sample_887_69900_25.0.mp4,60
Person_14,no emotion,MYS_G000010_09072021_01_85_85260_85440_Sample_1155_85260_25.0.mp4,90
Person_14,no emotion,MYS_G000010_09072021_01_97_127251_127296_Sample_1490_127020_25.0.mp4,18
Person_14,no emotion,MYS_G000010_09072021_01_98_127442_127526_Sample_1490_127020_25.0.mp4,28
Person_14,no emotion,MYS_G000010_13082021_03_104_32160_32257_Sample_476_32160_25.0.mp4,48
Person_14,no emotion,MYS_G000010_13082021_03_2_7080_7349_Sample_109_7080_25.0.mp4,134
Person_14,no emotion,MYS_G000010_16072021_01_23_0_321_Sample_1_0_25.0.mp4,160
Person_14,no emotion,MYS_G000010_16072021_01_253_5945_6076_Sample_67_4260_25.0.mp4,19
Person_14,no emotion,MYS_G000010_16072021_01_265_62330_63013_Sample_695_61980_25.0.mp4,341
Person_14,no emotion,MYS_G000010_16072021_01_274_63180_63358_Sample_713_63180_25.0.mp4,89
Person_14,no emotion,MYS_G000010_16072021_01_281_63960_64077_Sample_728_63960_25.0.mp4,58
Person_14,no emotion,MYS_G000010_16072021_01_287_64560_64979_Sample_742_64560_25.0.mp4,209
Person_14,no emotion,MYS_G000010_16072021_01_296_67274_67317_Sample_766_67080_25.0.mp4,21
Person_14,no emotion,MYS_G000010_16072021_01_353_79360_80810_Sample_899_78660_25.0.mp4,725
Person_14,no emotion,MYS_G000010_16072021_01_40_21660_22222_Sample_239_21660_25.0.mp4,281
Person_14,no emotion,MYS_G000010_16072021_01_61_24900_26096_Sample_281_24900_25.0.mp4,598
Person_14,no emotion,MYS_G000010_16072021_01_66_26160_26660_Sample_297_26160_25.0.mp4,250
Person_14,no emotion,MYS_G000010_16072021_01_68_26760_26816_Sample_302_26760_25.0.mp4,28
Person_14,no emotion,MYS_G000010_16072021_01_70_26940_27321_Sample_304_26940_25.0.mp4,190
Person_14,no emotion,MYS_G000010_16072021_01_72_27574_27645_Sample_308_27420_25.0.mp4,35
Person_14,no emotion,MYS_G000010_16072021_02_117_41396_41697_Sample_441_40920_25.0.mp4,150
Person_14,no emotion,MYS_G000010_16072021_02_145_45633_45746_Sample_503_45420_25.0.mp4,56
Person_14,no emotion,MYS_G000010_16072021_02_151_45946_46187_Sample_516_45900_25.0.mp4,120
Person_14,no emotion,MYS_G000010_16072021_02_164_48300_48525_Sample_539_48300_25.0.mp4,112
Person_14,no emotion,MYS_G000010_16072021_02_169_48540_51021_Sample_544_48540_25.0.mp4,1240
Person_14,no emotion,MYS_G000010_16072021_02_1_7092_7352_Sample_105_6780_25.0.mp4,130
Person_14,no emotion,MYS_G000010_16072021_02_243_5640_6576_Sample_86_5520_25.0.mp4,468
Person_14,no emotion,MYS_G000010_16072021_02_28_25890_26017_Sample_198_25800_25.0.mp4,63
Person_14,no emotion,MYS_G000010_16072021_02_35_26142_26234_Sample_205_26100_25.0.mp4,46
Person_14,no emotion,MYS_G000010_20082021_01_100_19637_19707_Sample_323_18180_25.0.mp4,29
Person_14,no emotion,MYS_G000010_20082021_01_144_3027_3071_Sample_43_2460_25.0.mp4,21
Person_14,no emotion,MYS_G000010_20082021_01_191_180_420_Sample_7_180_25.0.mp4,120
Person_14,no emotion,MYS_G000010_20082021_01_44_780_960_Sample_17_780_25.0.mp4,90
Person_14,no emotion,MYS_G000010_20082021_01_51_11824_11858_Sample_189_10320_25.0.mp4,11
Person_14,no emotion,MYS_G000010_20082021_01_74_1320_1440_Sample_25_1320_25.0.mp4,60
Person_14,no emotion,MYS_G000010_20082021_01_75_14700_15000_Sample_266_14700_25.0.mp4,150
Person_14,no emotion,MYS_G000010_20082021_01_89_1500_1800_Sample_28_1500_25.0.mp4,150
Person_14,no emotion,MYS_G000010_20082021_01_92_17340_17880_Sample_306_17340_25.0.mp4,270
Person_14,no emotion,MYS_G000010_21052021_01_11_11501_11550_Sample_129_11460_25.0.mp4,24
Person_14,no emotion,MYS_G000010_21052021_01_17_12574_13071_Sample_146_12540_25.0.mp4,248
Person_14,no emotion,MYS_G000010_21052021_01_69_24960_25026_Sample_319_24960_25.0.mp4,33
Person_14,no emotion,MYS_G000010_21052021_01_71_27428_27513_Sample_344_27420_25.0.mp4,42
Person_14,no emotion,MYS_G000010_21052021_01_84_2835_2865_Sample_37_2820_25.0.mp4,15
Person_14,no emotion,MYS_G000010_21052021_02_166_49740_49920_Sample_719_49740_25.0.mp4,90
Person_14,no emotion,MYS_G000010_21052021_02_194_54299_54366_Sample_771_52920_25.0.mp4,34
Person_14,no emotion,MYS_G000010_21052021_02_210_55620_56340_Sample_820_55620_25.0.mp4,360
Person_14,no emotion,MYS_G000010_21052021_02_211_56820_57240_Sample_844_56820_25.0.mp4,210
Person_14,no emotion,MYS_G000010_21052021_02_28_73643_73671_Sample_1057_70440_25.0.mp4,7
Person_14,no emotion,MYS_G000010_21052021_02_53_13740_13920_Sample_163_13740_25.0.mp4,90
Person_14,no emotion,MYS_G000010_21052021_02_70_19320_19500_Sample_242_19320_25.0.mp4,90
Person_14,no emotion,MYS_G000010_21052021_02_83_21360_21480_Sample_274_21360_25.0.mp4,60
Person_14,no emotion,MYS_G000010_21052021_02_87_21540_21720_Sample_278_21540_25.0.mp4,90
Person_14,no emotion,MYS_G000010_21052021_02_88_22020_22260_Sample_284_22020_25.0.mp4,120
Person_14,no emotion,MYS_G000010_23072021_01_160_8669_8711_Sample_56_8220_25.0.mp4,27
Person_14,no emotion,MYS_G000010_23072021_01_24_24525_24599_Sample_124_19020_25.0.mp4,31
Person_14,no emotion,MYS_G000010_23072021_05_12_10320_10523_Sample_142_10320_25.0.mp4,101
Person_14,no emotion,MYS_G000010_23072021_05_1_7412_7478_Sample_101_7380_25.0.mp4,33
Person_14,no emotion,MYS_G000010_23072021_05_2_7500_7620_Sample_104_7500_25.0.mp4,60
Person_14,no emotion,MYS_G000010_23072021_05_70_5100_5217_Sample_69_5100_25.0.mp4,58
Person_14,no emotion,MYS_G000010_23072021_05_76_5700_5900_Sample_83_5700_25.0.mp4,100
Person_14,no emotion,MYS_G000010_23072021_05_8_8580_10247_Sample_122_8580_25.0.mp4,833
Person_14,no emotion,MYS_G000010_27082021_01_133_29575_30481_Sample_311_29520_25.0.mp4,453
Person_14,no emotion,MYS_G000010_27082021_01_148_34080_36087_Sample_368_34080_25.0.mp4,1003
Person_14,no emotion,MYS_G000010_27082021_01_209_61878_62273_Sample_635_61860_25.0.mp4,197
Person_14,no emotion,MYS_G000010_27082021_01_20_11100_11217_Sample_105_11100_25.0.mp4,58
Person_14,no emotion,MYS_G000010_27082021_01_226_66600_66809_Sample_687_66600_25.0.mp4,104
Person_14,no emotion,MYS_G000010_27082021_01_282_93173_93515_Sample_963_93000_25.0.mp4,171
Person_14,no emotion,MYS_G000010_27082021_01_31_11400_11577_Sample_108_11400_25.0.mp4,88
Person_14,no emotion,MYS_G000010_27082021_01_55_12871_13017_Sample_116_12780_25.0.mp4,73
Person_14,no emotion,MYS_G000010_27082021_01_72_13140_13530_Sample_122_13140_25.0.mp4,195
Person_14,no emotion,MYS_G000010_27082021_01_76_13800_14439_Sample_129_13800_25.0.mp4,319
Person_14,no emotion,MYS_G000010_27082021_01_81_14667_14817_Sample_139_14580_25.0.mp4,75
Person_14,no emotion,MYS_G000010_27082021_01_84_15677_15735_Sample_153_15660_25.0.mp4,10
Person_14,no emotion,MYS_G000010_27082021_01_86_15900_16030_Sample_157_15900_25.0.mp4,65
Person_14,no emotion,MYS_G000010_30042021_01_310_15240_16440_Sample_248_15240_25.0.mp4,600
Person_14,no emotion,MYS_G000010_30042021_01_319_153600_153840_Sample_2542_153600_25.0.mp4,120
Person_14,no emotion,MYS_G000010_30042021_01_346_160980_161220_Sample_2664_160980_25.0.mp4,120
Person_14,no emotion,MYS_G000010_30042021_01_356_162360_163080_Sample_2695_162360_25.0.mp4,360
Person_14,no emotion,MYS_G000010_30042021_01_385_166320_166500_Sample_2772_166320_25.0.mp4,90
Person_14,no emotion,MYS_G000010_30042021_01_394_167100_167220_Sample_2787_167100_25.0.mp4,60
Person_14,no emotion,MYS_G000010_30042021_01_39_6900_7020_Sample_111_6900_25.0.mp4,60
Person_14,no emotion,MYS_G000010_30042021_01_416_18900_19020_Sample_295_18900_25.0.mp4,60
Person_14,no emotion,MYS_G000010_30042021_01_423_19620_19800_Sample_317_19620_25.0.mp4,90
Person_14,no emotion,MYS_G000010_30042021_01_425_19920_20400_Sample_320_19920_25.0.mp4,240
Person_14,no emotion,MYS_G000010_30042021_01_461_26520_26640_Sample_410_26520_25.0.mp4,60
Person_14,no emotion,MYS_G000010_30042021_01_46_69540_69660_Sample_1149_69540_25.0.mp4,60
Person_14,no emotion,MYS_G000010_30042021_01_47_7080_7560_Sample_115_7080_25.0.mp4,240
Person_14,no emotion,MYS_G000010_30042021_01_492_31320_31560_Sample_481_31320_25.0.mp4,120
Person_14,no emotion,MYS_G000010_30042021_01_502_32880_33000_Sample_510_32880_25.0.mp4,60
Person_14,no emotion,MYS_G000010_30042021_01_508_33360_33720_Sample_519_33360_25.0.mp4,180
Person_14,no emotion,MYS_G000010_30042021_01_521_34860_35040_Sample_541_34860_25.0.mp4,90
Person_14,no emotion,MYS_G000010_30042021_01_531_36540_36660_Sample_565_36540_25.0.mp4,60
Person_14,no emotion,MYS_G000010_30042021_01_543_38158_38193_Sample_591_38040_25.0.mp4,19
Person_14,no emotion,MYS_G000010_30042021_01_557_39600_39900_Sample_624_39600_25.0.mp4,150
Person_14,no emotion,MYS_G000010_30042021_01_569_41460_41580_Sample_653_41460_25.0.mp4,60
Person_14,no emotion,MYS_G000010_30042021_01_581_43800_44100_Sample_703_43800_25.0.mp4,150
Person_14,no emotion,MYS_G000010_30042021_01_58_71820_72000_Sample_1187_71820_25.0.mp4,90
Person_14,no emotion,MYS_G000010_30042021_01_606_48720_48900_Sample_804_48720_25.0.mp4,90
Person_14,no emotion,MYS_G000010_30042021_01_615_50580_50880_Sample_836_50580_25.0.mp4,150
Person_14,no emotion,MYS_G000010_30042021_01_628_53580_55380_Sample_881_53580_25.0.mp4,900
Person_14,no emotion,MYS_G000010_30042021_01_642_56880_57600_Sample_927_56880_25.0.mp4,360
Person_14,no emotion,MYS_G000010_30042021_01_657_60840_61200_Sample_987_60840_25.0.mp4,180
Person_14,no emotion,MYS_G000010_30042021_01_77_84000_85620_Sample_1356_84000_25.0.mp4,810
Person_14,no emotion,MYS_G000010_30042021_01_93_91380_94500_Sample_1448_91380_25.0.mp4,1560
Person_14,no emotion,MYS_G000115_02052021_10_101880_102300_Sample_439_101880_25.0.mp4,210
Person_14,no emotion,MYS_G000115_02052021_119_67200_67680_Sample_314_67200_25.0.mp4,240
Person_14,no emotion,MYS_G000115_02052021_11_102840_103200_Sample_443_102840_25.0.mp4,180
Person_14,no emotion,MYS_G000115_02052021_11_25980_26160_Sample_117_25980_25.0.mp4,90
Person_14,no emotion,MYS_G000115_02052021_13_26280_26700_Sample_120_26280_25.0.mp4,210
Person_14,no emotion,MYS_G000115_02052021_142_74100_74280_Sample_348_74100_25.0.mp4,90
Person_14,no emotion,MYS_G000115_02052021_143_74580_74700_Sample_351_74580_25.0.mp4,60
Person_14,no emotion,MYS_G000115_02052021_147_75180_75300_Sample_357_75180_25.0.mp4,60
Person_14,no emotion,MYS_G000115_02052021_148_77460_79260_Sample_362_77460_25.0.mp4,900
Person_14,no emotion,MYS_G000115_02052021_156_87000_87120_Sample_389_87000_25.0.mp4,60
Person_14,no emotion,MYS_G000115_02052021_157_87780_88020_Sample_391_87780_25.0.mp4,120
Person_14,no emotion,MYS_G000115_02052021_158_88380_88500_Sample_392_88380_25.0.mp4,60
Person_14,no emotion,MYS_G000115_02052021_162_91320_91440_Sample_405_91320_25.0.mp4,60
Person_14,no emotion,MYS_G000115_02052021_17_105600_106260_Sample_456_105600_25.0.mp4,330
Person_14,no emotion,MYS_G000115_02052021_17_27300_27420_Sample_125_27300_25.0.mp4,60
Person_14,no emotion,MYS_G000115_02052021_19_27780_27900_Sample_127_27780_25.0.mp4,60
Person_14,no emotion,MYS_G000115_02052021_23_29280_30420_Sample_134_29280_25.0.mp4,570
Person_14,no emotion,MYS_G000115_02052021_24_30480_30900_Sample_135_30480_25.0.mp4,210
Person_14,no emotion,MYS_G000115_02052021_25_34992_35178_Sample_136_30960_25.0.mp4,109
Person_14,no emotion,MYS_G000115_02052021_26_35427_35555_Sample_136_30960_25.0.mp4,53
Person_14,no emotion,MYS_G000115_02052021_27_109205_109261_Sample_468_108240_25.0.mp4,14
Person_14,no emotion,MYS_G000115_02052021_28_2460_4140_Sample_14_2460_25.0.mp4,840
Person_14,no emotion,MYS_G000115_02052021_29_110353_110403_Sample_468_108240_25.0.mp4,28
Person_14,no emotion,MYS_G000115_02052021_2_92880_93240_Sample_414_92880_25.0.mp4,180
Person_14,no emotion,MYS_G000115_02052021_31_110567_110611_Sample_468_108240_25.0.mp4,18
Person_14,no emotion,MYS_G000115_02052021_37_36420_36720_Sample_163_36420_25.0.mp4,150
Person_14,no emotion,MYS_G000115_02052021_38_37020_37680_Sample_165_37020_25.0.mp4,330
Person_14,no emotion,MYS_G000115_02052021_3_93360_93540_Sample_415_93360_25.0.mp4,90
Person_14,no emotion,MYS_G000115_02052021_45_37740_38940_Sample_170_37740_25.0.mp4,600
Person_14,no emotion,MYS_G000115_02052021_46_39120_39360_Sample_177_39120_25.0.mp4,120
Person_14,no emotion,MYS_G000115_02052021_47_42074_42101_Sample_181_39720_25.0.mp4,14
Person_14,no emotion,MYS_G000115_02052021_4_93660_95520_Sample_416_93660_25.0.mp4,930
Person_14,no emotion,MYS_G000115_02052021_53_42300_42480_Sample_200_42300_25.0.mp4,90
Person_14,no emotion,MYS_G000115_02052021_55_42780_42900_Sample_203_42780_25.0.mp4,60
Person_14,no emotion,MYS_G000115_02052021_5_95640_95760_Sample_417_95640_25.0.mp4,60
Person_14,no emotion,MYS_G000115_02052021_61_4200_4320_Sample_21_4200_25.0.mp4,60
Person_14,no emotion,MYS_G000115_02052021_63_45600_45780_Sample_214_45600_25.0.mp4,90
Person_14,no emotion,MYS_G000115_02052021_64_45840_46080_Sample_215_45840_25.0.mp4,120
Person_14,no emotion,MYS_G000115_02052021_67_1440_1560_Sample_7_1440_25.0.mp4,60
Person_14,no emotion,MYS_G000115_02052021_6_96180_96660_Sample_418_96180_25.0.mp4,240
Person_14,no emotion,MYS_G000115_02052021_78_4740_5340_Sample_23_4740_25.0.mp4,300
Person_14,no emotion,MYS_G000115_02052021_79_50280_50460_Sample_233_50280_25.0.mp4,90
Person_14,no emotion,MYS_G000115_02052021_7_97980_98100_Sample_427_97980_25.0.mp4,60
Person_14,no emotion,MYS_G000115_02052021_8_99066_99088_Sample_428_98940_25.0.mp4,8
Person_14,no emotion,MYS_G000115_02052021_9_101700_102060_Sample_438_101700_25.0.mp4,180
Person_14,no emotion,MYS_G000115_09052021_101_109520_109969_Sample_359_106440_25.0.mp4,224
Person_14,no emotion,MYS_G000115_09052021_112_112860_113789_Sample_382_112860_25.0.mp4,464
Person_14,no emotion,MYS_G000115_09052021_123_126497_126580_Sample_413_126480_25.0.mp4,41
Person_14,no emotion,MYS_G000115_09052021_124_127033_127203_Sample_414_126900_25.0.mp4,85
Person_14,no emotion,MYS_G000115_09052021_126_127510_127627_Sample_416_127500_25.0.mp4,58
Person_14,no emotion,MYS_G000115_09052021_127_130100_130200_Sample_418_128580_25.0.mp4,50
Person_14,no emotion,MYS_G000115_09052021_129_130522_130952_Sample_425_130440_25.0.mp4,215
Person_14,no emotion,MYS_G000115_09052021_12_34022_34068_Sample_123_34020_25.0.mp4,23
Person_14,no emotion,MYS_G000115_09052021_131_8306_8479_Sample_42_7680_25.0.mp4,86
Person_14,no emotion,MYS_G000115_09052021_133_136191_136383_Sample_433_132120_25.0.mp4,96
Person_14,no emotion,MYS_G000115_09052021_138_9893_9983_Sample_44_9600_25.0.mp4,45
Person_14,no emotion,MYS_G000115_09052021_13_35462_35927_Sample_124_34200_25.0.mp4,232
Person_14,no emotion,MYS_G000115_09052021_146_11400_11433_Sample_46_11400_25.0.mp4,16
Person_14,no emotion,MYS_G000115_09052021_149_141600_141650_Sample_474_141600_25.0.mp4,25
Person_14,no emotion,MYS_G000115_09052021_151_11908_12165_Sample_47_11880_25.0.mp4,128
Person_14,no emotion,MYS_G000115_09052021_157_148686_148732_Sample_500_148500_25.0.mp4,23
Person_14,no emotion,MYS_G000115_09052021_158_148920_149463_Sample_502_148920_25.0.mp4,271
Person_14,no emotion,MYS_G000115_09052021_170_16238_16445_Sample_55_15060_25.0.mp4,103
Person_14,no emotion,MYS_G000115_09052021_171_19265_19557_Sample_57_17340_25.0.mp4,146
Person_14,no emotion,MYS_G000115_09052021_172_20411_20525_Sample_63_20400_25.0.mp4,57
Person_14,no emotion,MYS_G000115_09052021_173_21863_21897_Sample_65_21600_25.0.mp4,17
Person_14,no emotion,MYS_G000115_09052021_174_22345_22639_Sample_66_22080_25.0.mp4,147
Person_14,no emotion,MYS_G000115_09052021_176_25678_25789_Sample_77_25140_25.0.mp4,55
Person_14,no emotion,MYS_G000115_09052021_20_38401_38422_Sample_133_38400_25.0.mp4,10
Person_14,no emotion,MYS_G000115_09052021_22_39371_39479_Sample_139_38940_25.0.mp4,54
Person_14,no emotion,MYS_G000115_09052021_25_39671_39718_Sample_142_39660_25.0.mp4,23
Person_14,no emotion,MYS_G000115_09052021_26_40581_40710_Sample_143_40560_25.0.mp4,64
Person_14,no emotion,MYS_G000115_09052021_27_41400_41506_Sample_147_41400_25.0.mp4,53
Person_14,no emotion,MYS_G000115_09052021_2_30393_30489_Sample_102_29820_25.0.mp4,48
Person_14,no emotion,MYS_G000115_09052021_33_46684_46818_Sample_159_46500_25.0.mp4,67
Person_14,no emotion,MYS_G000115_09052021_39_49890_49924_Sample_170_49860_25.0.mp4,17
Person_14,no emotion,MYS_G000115_09052021_45_55067_55132_Sample_184_54900_25.0.mp4,32
Person_14,no emotion,MYS_G000115_09052021_4_30815_31009_Sample_105_30720_25.0.mp4,97
Person_14,no emotion,MYS_G000115_09052021_57_59977_60042_Sample_205_59880_25.0.mp4,32
Person_14,no emotion,MYS_G000115_09052021_58_60533_61422_Sample_208_60240_25.0.mp4,444
Person_14,no emotion,MYS_G000115_09052021_62_63547_63623_Sample_220_63420_25.0.mp4,38
Person_14,no emotion,MYS_G000115_09052021_63_64743_64784_Sample_230_64740_25.0.mp4,20
Person_14,no emotion,MYS_G000115_09052021_64_66032_66133_Sample_234_65880_25.0.mp4,50
Person_14,no emotion,MYS_G000115_09052021_66_3308_3357_Sample_23_3300_25.0.mp4,24
Person_14,no emotion,MYS_G000115_09052021_67_67209_67304_Sample_241_67200_25.0.mp4,47
Person_14,no emotion,MYS_G000115_09052021_68_68579_68715_Sample_243_67500_25.0.mp4,68
Person_14,no emotion,MYS_G000115_09052021_70_69073_69124_Sample_248_69060_25.0.mp4,25
Person_14,no emotion,MYS_G000115_09052021_74_72429_72513_Sample_259_72360_25.0.mp4,42
Person_14,no emotion,MYS_G000115_09052021_75_3675_3780_Sample_25_3480_25.0.mp4,17
Person_14,no emotion,MYS_G000115_09052021_76_73419_73528_Sample_264_73260_25.0.mp4,54
Person_14,no emotion,MYS_G000115_09052021_77_74044_74201_Sample_265_73800_25.0.mp4,78
Person_14,no emotion,MYS_G000115_09052021_7_33266_33513_Sample_116_32160_25.0.mp4,123
Person_14,no emotion,MYS_G000115_09052021_80_77025_77886_Sample_271_75600_25.0.mp4,430
Person_14,no emotion,MYS_G000115_09052021_91_90820_90877_Sample_314_90720_25.0.mp4,28
Person_14,no emotion,MYS_G000115_09052021_92_91283_91552_Sample_315_91020_25.0.mp4,134
Person_14,no emotion,MYS_G000115_09052021_93_93864_93933_Sample_320_93720_25.0.mp4,34
Person_14,no emotion,MYS_G000115_09052021_94_94343_94609_Sample_321_94320_25.0.mp4,133
Person_14,no emotion,MYS_G000115_09052021_95_96430_96477_Sample_324_96300_25.0.mp4,23
Person_14,no emotion,MYS_G000115_09052021_96_96720_96810_Sample_326_96540_25.0.mp4,45
Person_14,no emotion,MYS_G000115_09052021_99_101585_101659_Sample_344_101460_25.0.mp4,37
Person_14,no emotion,MYS_G000115_16052021_21_36000_36092_Sample_193_36000_25.0.mp4,46
Person_14,no emotion,MYS_G000115_16052021_23_37090_37169_Sample_198_36780_25.0.mp4,39
Person_14,no emotion,MYS_G000115_16052021_25_37942_38024_Sample_206_37740_25.0.mp4,41
Person_14,no emotion,MYS_G000115_16052021_29_39239_39278_Sample_216_39180_25.0.mp4,19
Person_14,no emotion,MYS_G000115_16052021_55_8478_8595_Sample_40_7740_25.0.mp4,58
Person_14,no emotion,MYS_G000115_16052021_62_127865_127965_Sample_561_125700_25.0.mp4,50
Person_14,no emotion,MYS_G000115_18072021_52_18460_18490_Sample_184_17760_25.0.mp4,10
Person_14,no emotion,MYS_G000120_01052021_102_21360_21660_Sample_136_21360_25.0.mp4,150
Person_14,no emotion,MYS_G000120_01052021_103_115560_116940_Sample_740_115560_25.0.mp4,690
Person_14,no emotion,MYS_G000120_01052021_10_8700_10020_Sample_55_8700_25.0.mp4,660
Person_14,no emotion,MYS_G000120_01052021_130_37860_39240_Sample_248_37860_25.0.mp4,690
Person_14,no emotion,MYS_G000120_01052021_13_3840_4260_Sample_32_3840_25.0.mp4,210
Person_14,no emotion,MYS_G000120_01052021_143_131700_131820_Sample_848_131700_25.0.mp4,60
Person_14,no emotion,MYS_G000120_01052021_149_132300_132767_Sample_852_132300_25.0.mp4,233
Person_14,no emotion,MYS_G000120_01052021_14_93360_93480_Sample_585_93360_25.0.mp4,60
Person_14,no emotion,MYS_G000120_01052021_150_132840_132960_Sample_853_132840_25.0.mp4,60
Person_14,no emotion,MYS_G000120_01052021_15_93720_94380_Sample_587_93720_25.0.mp4,330
Person_14,no emotion,MYS_G000120_01052021_17_48660_48780_Sample_324_48660_25.0.mp4,60
Person_14,no emotion,MYS_G000120_01052021_18_94560_95340_Sample_589_94560_25.0.mp4,390
Person_14,no emotion,MYS_G000120_01052021_1_45960_47340_Sample_301_45960_25.0.mp4,690
Person_14,no emotion,MYS_G000120_01052021_29_49440_49620_Sample_330_49440_25.0.mp4,90
Person_14,no emotion,MYS_G000120_01052021_30_164100_166260_Sample_1072_164100_25.0.mp4,1080
Person_14,no emotion,MYS_G000120_01052021_3_61260_62040_Sample_410_61260_25.0.mp4,390
Person_14,no emotion,MYS_G000120_01052021_41_17700_19920_Sample_116_17700_25.0.mp4,1110
Person_14,no emotion,MYS_G000120_01052021_70_29100_29280_Sample_190_29100_25.0.mp4,90
Person_14,no emotion,MYS_G000120_01052021_74_190200_190800_Sample_1203_190200_25.0.mp4,300
Person_14,no emotion,MYS_G000120_01052021_9_63540_63720_Sample_427_63540_25.0.mp4,90
Person_14,no emotion,MYS_G000120_03072021_19_19440_20940_Sample_137_19440_25.0.mp4,750
Person_14,no emotion,MYS_G000120_03072021_215_71520_72180_Sample_383_71520_25.0.mp4,330
Person_14,no emotion,MYS_G000120_03072021_24_21076_21101_Sample_147_21000_25.0.mp4,17
Person_14,no emotion,MYS_G000120_03072021_25_22297_22370_Sample_147_21000_25.0.mp4,35
Person_14,no emotion,MYS_G000120_03072021_260_76560_76693_Sample_430_76560_25.0.mp4,13
Person_14,no emotion,MYS_G000120_03072021_270_80640_81000_Sample_466_80640_25.0.mp4,180
Person_14,no emotion,MYS_G000120_03072021_272_81060_81420_Sample_472_81060_25.0.mp4,180
Person_14,no emotion,MYS_G000120_03072021_301_10140_10260_Sample_71_10140_25.0.mp4,60
Person_14,no emotion,MYS_G000120_03072021_306_10500_10920_Sample_73_10500_25.0.mp4,210
Person_14,no emotion,MYS_G000120_03072021_310_11040_11400_Sample_78_11040_25.0.mp4,180
Person_14,no emotion,MYS_G000120_03072021_326_13860_14160_Sample_99_13860_25.0.mp4,150
Person_14,no emotion,MYS_G000120_03072021_36_22567_22649_Sample_157_22560_25.0.mp4,56
Person_14,no emotion,MYS_G000120_03072021_37_22800_23220_Sample_158_22800_25.0.mp4,210
Person_14,no emotion,MYS_G000120_03072021_39_23280_23520_Sample_160_23280_25.0.mp4,120
Person_14,no emotion,MYS_G000120_03072021_74_52800_53160_Sample_229_52800_25.0.mp4,180
Person_14,no emotion,MYS_G000120_03072021_93_55685_55706_Sample_250_55680_25.0.mp4,11
Person_14,no emotion,MYS_G000120_03072021_96_56075_56131_Sample_250_55680_25.0.mp4,29
Person_14,no emotion,MYS_G000120_09052021_10_61927_61973_Sample_437_61920_25.0.mp4,23
Person_14,no emotion,MYS_G000120_09052021_18_27381_27450_Sample_182_27360_25.0.mp4,34
Person_14,no emotion,MYS_G000120_09052021_19_72888_72936_Sample_526_72720_25.0.mp4,24
Person_14,no emotion,MYS_G000120_09052021_22_28332_28377_Sample_190_28320_25.0.mp4,22
Person_14,no emotion,MYS_G000120_09052021_23_28443_28485_Sample_191_28440_25.0.mp4,21
Person_14,no emotion,MYS_G000120_09052021_26_75203_75241_Sample_550_75180_25.0.mp4,19
Person_14,no emotion,MYS_G000120_09052021_43_94436_94478_Sample_681_94320_25.0.mp4,21
Person_14,no emotion,MYS_G000120_09052021_44_94689_94726_Sample_685_94680_25.0.mp4,18
Person_14,no emotion,MYS_G000120_09052021_45_38300_38340_Sample_269_38280_25.0.mp4,20
Person_14,no emotion,MYS_G000120_09052021_47_95252_95326_Sample_690_94980_25.0.mp4,37
Person_14,no emotion,MYS_G000120_09052021_49_96266_96321_Sample_698_95940_25.0.mp4,20
Person_14,no emotion,MYS_G000120_09052021_55_43765_43910_Sample_310_43620_25.0.mp4,72
Person_14,no emotion,MYS_G000120_09052021_61_45953_45987_Sample_325_45900_25.0.mp4,17
Person_14,no emotion,MYS_G000120_09052021_67_48380_48526_Sample_348_48360_25.0.mp4,73
Person_14,no emotion,MYS_G000120_09052021_69_49438_49545_Sample_352_49140_25.0.mp4,53
Person_14,no emotion,MYS_G000120_09052021_73_50772_50856_Sample_367_50580_25.0.mp4,42
Person_14,no emotion,MYS_G000120_09052021_7_20301_20334_Sample_127_20220_25.0.mp4,16
Person_14,no emotion,MYS_G000120_11072021_100_34979_35964_Sample_184_26820_25.0.mp4,492
Person_14,no emotion,MYS_G000120_11072021_134_43905_44020_Sample_288_43140_25.0.mp4,57
Person_14,no emotion,MYS_G000120_11072021_153_51905_51984_Sample_338_50940_25.0.mp4,39
Person_14,no emotion,MYS_G000120_11072021_172_56744_56793_Sample_383_56640_25.0.mp4,24
Person_14,no emotion,MYS_G000120_11072021_175_57880_57975_Sample_393_57660_25.0.mp4,47
Person_14,no emotion,MYS_G000120_11072021_178_58440_58483_Sample_400_58440_25.0.mp4,21
Person_14,no emotion,MYS_G000120_11072021_179_58740_58785_Sample_404_58740_25.0.mp4,22
Person_14,no emotion,MYS_G000120_11072021_184_60257_60311_Sample_417_60240_25.0.mp4,27
Person_14,no emotion,MYS_G000120_11072021_229_73936_73987_Sample_533_73920_25.0.mp4,25
Person_14,no emotion,MYS_G000120_11072021_232_74404_74425_Sample_540_74400_25.0.mp4,10
Person_14,no emotion,MYS_G000120_11072021_237_75780_75804_Sample_549_75780_25.0.mp4,12
Person_14,no emotion,MYS_G000120_11072021_79_17715_17760_Sample_122_17640_25.0.mp4,22
Person_14,no emotion,MYS_G000120_11072021_92_20735_20860_Sample_144_20640_25.0.mp4,62
Person_14,no emotion,MYS_G000120_11072021_96_26175_26267_Sample_176_26040_25.0.mp4,46
Person_14,no emotion,MYS_G000120_15052021_110_76727_76842_Sample_414_75300_25.0.mp4,57
Person_14,no emotion,MYS_G000120_15052021_134_905_1015_Sample_4_0_25.0.mp4,55
Person_14,no emotion,MYS_G000120_15052021_138_7861_8015_Sample_56_7860_25.0.mp4,77
Person_14,no emotion,MYS_G000120_15052021_67_46270_46332_Sample_270_46200_25.0.mp4,31
Person_14,no emotion,MYS_G000120_24042021_113_83160_83520_Sample_420_83160_25.0.mp4,180
Person_14,no emotion,MYS_G000120_24042021_114_83700_83820_Sample_422_83700_25.0.mp4,60
Person_14,no emotion,MYS_G000120_24042021_117_84300_84480_Sample_425_84300_25.0.mp4,90
Person_14,no emotion,MYS_G000120_24042021_119_85080_85440_Sample_429_85080_25.0.mp4,180
Person_14,no emotion,MYS_G000120_24042021_123_85980_86160_Sample_432_85980_25.0.mp4,90
Person_14,no emotion,MYS_G000120_24042021_132_90000_90360_Sample_449_90000_25.0.mp4,180
Person_14,no emotion,MYS_G000120_24042021_133_90540_90900_Sample_452_90540_25.0.mp4,180
Person_14,no emotion,MYS_G000120_24042021_134_90960_92040_Sample_454_90960_25.0.mp4,540
Person_14,no emotion,MYS_G000120_24042021_135_92100_96420_Sample_458_92100_25.0.mp4,2160
Person_14,no emotion,MYS_G000120_24042021_152_97860_98400_Sample_495_97860_25.0.mp4,270
Person_14,no emotion,MYS_G000120_24042021_157_98460_98580_Sample_497_98460_25.0.mp4,60
Person_14,no emotion,MYS_G000120_24042021_160_99240_99420_Sample_499_99240_25.0.mp4,90
Person_14,no emotion,MYS_G000120_24042021_169_99480_101280_Sample_500_99480_25.0.mp4,900
Person_14,no emotion,MYS_G000120_24042021_173_113700_114600_Sample_550_113700_25.0.mp4,450
Person_14,no emotion,MYS_G000120_24042021_175_114660_115800_Sample_553_114660_25.0.mp4,570
Person_14,no emotion,MYS_G000120_24042021_195_126840_127380_Sample_589_126840_25.0.mp4,270
Person_14,no emotion,MYS_G000120_24042021_196_10620_10860_Sample_64_10620_25.0.mp4,120
Person_14,no emotion,MYS_G000120_24042021_198_154380_154920_Sample_646_154380_25.0.mp4,270
Person_14,no emotion,MYS_G000120_24042021_199_10920_11880_Sample_65_10920_25.0.mp4,480
Person_14,no emotion,MYS_G000120_24042021_19_2700_2820_Sample_17_2700_25.0.mp4,60
Person_14,no emotion,MYS_G000120_24042021_202_156540_156900_Sample_663_156540_25.0.mp4,180
Person_14,no emotion,MYS_G000120_24042021_204_158460_158700_Sample_673_158460_25.0.mp4,120
Person_14,no emotion,MYS_G000120_24042021_205_159300_159420_Sample_680_159300_25.0.mp4,60
Person_14,no emotion,MYS_G000120_24042021_206_161640_161820_Sample_696_161640_25.0.mp4,90
Person_14,no emotion,MYS_G000120_24042021_209_162840_162960_Sample_702_162840_25.0.mp4,60
Person_14,no emotion,MYS_G000120_24042021_210_163740_164220_Sample_709_163740_25.0.mp4,240
Person_14,no emotion,MYS_G000120_24042021_211_164640_164760_Sample_713_164640_25.0.mp4,60
Person_14,no emotion,MYS_G000120_24042021_73_77880_78060_Sample_394_77880_25.0.mp4,90
Person_14,no emotion,MYS_G000120_24042021_75_78600_78720_Sample_398_78600_25.0.mp4,60
Person_14,no emotion,MYS_G000120_24042021_84_8760_8880_Sample_40_8760_25.0.mp4,60
Person_14,no emotion,MYS_G000120_24072021_104_28626_28760_Sample_264_28620_25.0.mp4,67
Person_14,no emotion,MYS_G000120_24072021_11_12670_12713_Sample_115_12300_25.0.mp4,21
Person_14,no emotion,MYS_G000120_24072021_120_32999_33137_Sample_302_32880_25.0.mp4,69
Person_14,no emotion,MYS_G000120_24072021_127_35760_35881_Sample_328_35760_25.0.mp4,60
Person_14,no emotion,MYS_G000120_24072021_136_41047_41111_Sample_362_41040_25.0.mp4,32
Person_14,no emotion,MYS_G000120_24072021_138_42524_43489_Sample_367_41460_25.0.mp4,482
Person_14,no emotion,MYS_G000120_24072021_17_13551_13616_Sample_125_13500_25.0.mp4,32
Person_14,no emotion,MYS_G000120_24072021_19_13825_13868_Sample_128_13800_25.0.mp4,21
Person_14,no emotion,MYS_G000120_24072021_1_11563_11681_Sample_100_11100_25.0.mp4,59
Person_14,no emotion,MYS_G000120_24072021_25_14809_14937_Sample_135_14220_25.0.mp4,64
Person_14,no emotion,MYS_G000120_24072021_25_47580_47667_Sample_413_47580_25.0.mp4,43
Person_14,no emotion,MYS_G000120_24072021_30_16634_16783_Sample_143_16140_25.0.mp4,74
Person_14,no emotion,MYS_G000120_24072021_30_48896_48939_Sample_418_48300_25.0.mp4,18
Person_14,no emotion,MYS_G000120_24072021_40_18342_18424_Sample_160_18300_25.0.mp4,41
Person_14,no emotion,MYS_G000120_24072021_43_19348_19441_Sample_167_19140_25.0.mp4,46
Person_14,no emotion,MYS_G000120_24072021_47_19810_19943_Sample_172_19560_25.0.mp4,66
Person_14,no emotion,MYS_G000120_24072021_50_20716_20989_Sample_178_20340_25.0.mp4,136
Person_14,no emotion,MYS_G000120_24072021_51_52549_52623_Sample_457_52320_25.0.mp4,37
Person_14,no emotion,MYS_G000120_24072021_52_52740_52785_Sample_458_52740_25.0.mp4,22
Person_14,no emotion,MYS_G000120_24072021_53_53029_53137_Sample_459_52920_25.0.mp4,54
Person_14,no emotion,MYS_G000120_24072021_56_56228_56250_Sample_469_56220_25.0.mp4,11
Person_14,no emotion,MYS_G000120_24072021_57_57391_57525_Sample_470_56400_25.0.mp4,67
Person_14,no emotion,MYS_G000120_24072021_58_58626_58826_Sample_474_57960_25.0.mp4,100
Person_14,no emotion,MYS_G000120_24072021_65_22829_22877_Sample_204_22800_25.0.mp4,24
Person_14,no emotion,MYS_G000120_24072021_67_23253_23296_Sample_206_23100_25.0.mp4,21
Person_14,no emotion,MYS_G000120_24072021_71_23730_23830_Sample_211_23520_25.0.mp4,50
Person_14,no emotion,MYS_G000120_24072021_78_26013_26112_Sample_221_24720_25.0.mp4,49
Person_14,no emotion,MYS_G000120_24072021_90_26243_26289_Sample_239_26220_25.0.mp4,23
Person_14,no emotion,MYS_G000120_24072021_93_26824_26857_Sample_244_26820_25.0.mp4,16
Person_14,no emotion,MYS_G000120_24072021_99_28195_28538_Sample_252_27360_25.0.mp4,171
Person_14,no emotion,MYS_G000120_24072021_9_43965_44091_Sample_382_43620_25.0.mp4,63
Person_15,no emotion,MYS_G000122_24072021_02_23_27180_27360_Sample_174_27180_25.0.mp4,90
Person_16,no emotion,MYS_G000122_24072021_02_24_29820_30660_Sample_192_29820_25.0.mp4,420
Person_16,no emotion,MYS_G000122_24072021_02_26_30780_30960_Sample_201_30780_25.0.mp4,90
Person_16,no emotion,MYS_G000122_24072021_02_28_31380_31800_Sample_204_31380_25.0.mp4,210
Person_16,no emotion,MYS_G000122_24072021_02_2_15900_15926_Sample_115_15900_25.0.mp4,1
Person_16,no emotion,MYS_G000122_24072021_02_33_32340_32580_Sample_210_32340_25.0.mp4,120
Person_16,no emotion,MYS_G000122_24072021_02_34_33610_33699_Sample_219_33420_25.0.mp4,53
Person_16,no emotion,MYS_G000122_24072021_02_40_40320_40560_Sample_286_40320_25.0.mp4,120
Person_16,no emotion,MYS_G000122_24072021_02_43_41580_41700_Sample_304_41580_25.0.mp4,60
Person_16,no emotion,MYS_G000122_24072021_02_59_7740_7920_Sample_40_7740_25.0.mp4,90
Person_16,no emotion,MYS_G000122_24072021_02_60_51840_52260_Sample_408_51840_25.0.mp4,210
Person_16,no emotion,MYS_G000122_24072021_02_62_52500_52620_Sample_415_52500_25.0.mp4,60
Person_16,no emotion,MYS_G000122_24072021_02_63_52680_52920_Sample_417_52680_25.0.mp4,120
Person_16,no emotion,MYS_G000122_24072021_02_6_16860_16980_Sample_126_16860_25.0.mp4,60
Person_17,no emotion,MYS_G000141_04112021_01_2_5_114_Sample_12.mp4,54
Person_17,no emotion,MYS_G000141_04112021_01_38_0_564_Sample_218.mp4,281
Person_17,no emotion,MYS_G000141_04112021_01_52_3_57_Sample_3.mp4,27
Person_17,no emotion,MYS_G000141_04112021_01_56_1_114_Sample_7.mp4,56
Person_17,no emotion,MYS_G000141_11112021_01_122_0_172_Sample_194.mp4,86
Person_17,no emotion,MYS_G000141_11112021_01_149_0_57_Sample_200.mp4,28
Person_17,no emotion,MYS_G000141_11112021_01_153_0_57_Sample_203.mp4,28
Person_17,no emotion,MYS_G000141_11112021_01_15_0_115_Sample_12.mp4,57
Person_17,no emotion,MYS_G000141_11112021_01_22_0_57_Sample_131.mp4,28
Person_17,no emotion,MYS_G000141_11112021_01_38_0_115_Sample_15.mp4,57
Person_17,no emotion,MYS_G000141_11112021_01_4_0_57_Sample_103.mp4,28
Person_17,no emotion,MYS_G000141_11112021_01_8_0_114_Sample_105.mp4,57
Person_19,no emotion,MYS_G000010_07052021_01_21_3314_3394_Sample_54_3300_25.0.mp4,40
Person_19,no emotion,MYS_G000010_21052021_01_107_38820_38966_Sample_485_38820_25.0.mp4,73
Person_19,no emotion,MYS_G000010_21052021_01_118_43055_43225_Sample_521_43020_25.0.mp4,85
Person_19,no emotion,MYS_G000010_21052021_01_130_46920_46964_Sample_559_46920_25.0.mp4,22
Person_19,no emotion,MYS_G000010_21052021_01_132_47257_47333_Sample_564_47220_25.0.mp4,38
Person_19,no emotion,MYS_G000010_21052021_01_136_47640_47713_Sample_568_47640_25.0.mp4,36
Person_19,no emotion,MYS_G000010_21052021_01_139_48719_48780_Sample_574_48660_25.0.mp4,30
Person_19,no emotion,MYS_G000010_21052021_01_141_48939_48964_Sample_577_48900_25.0.mp4,12
Person_19,no emotion,MYS_G000010_21052021_01_145_49586_49755_Sample_588_49320_25.0.mp4,84
Person_19,no emotion,MYS_G000010_21052021_01_151_49923_49969_Sample_596_49920_25.0.mp4,23
Person_19,no emotion,MYS_G000010_21052021_01_27_15480_15544_Sample_188_15480_25.0.mp4,32
Person_19,no emotion,MYS_G000010_21052021_01_34_16878_17253_Sample_208_16860_25.0.mp4,187
Person_19,no emotion,MYS_G000010_21052021_01_64_24204_24238_Sample_309_24180_25.0.mp4,17
Person_19,no emotion,MYS_G000010_21052021_01_67_24660_24725_Sample_317_24660_25.0.mp4,32
Person_19,no emotion,MYS_G000010_21052021_01_70_27420_27491_Sample_343_27420_25.0.mp4,35
Person_19,no emotion,MYS_G000010_21052021_01_74_28616_28907_Sample_352_28080_25.0.mp4,145
Person_19,no emotion,MYS_G000010_21052021_01_8_10388_10573_Sample_115_10320_25.0.mp4,92
Person_19,no emotion,MYS_G000010_21052021_02_104_28680_28980_Sample_398_28680_25.0.mp4,150
Person_19,no emotion,MYS_G000010_21052021_02_116_29580_29940_Sample_416_29580_25.0.mp4,180
Person_19,no emotion,MYS_G000010_21052021_02_117_2520_2820_Sample_42_2520_25.0.mp4,150
Person_19,no emotion,MYS_G000010_21052021_02_120_30322_30401_Sample_430_30300_25.0.mp4,12
Person_19,no emotion,MYS_G000010_21052021_02_127_32640_32760_Sample_471_32640_25.0.mp4,60
Person_19,no emotion,MYS_G000010_21052021_02_130_33480_33720_Sample_481_33480_25.0.mp4,120
Person_19,no emotion,MYS_G000010_21052021_02_131_3240_3420_Sample_49_3240_25.0.mp4,90
Person_19,no emotion,MYS_G000010_21052021_02_133_35460_35880_Sample_518_35460_25.0.mp4,210
Person_19,no emotion,MYS_G000010_21052021_02_137_36540_36660_Sample_533_36540_25.0.mp4,60
Person_19,no emotion,MYS_G000010_21052021_02_138_3540_4080_Sample_54_3540_25.0.mp4,270
Person_19,no emotion,MYS_G000010_21052021_02_139_37020_37440_Sample_540_37020_25.0.mp4,210
Person_19,no emotion,MYS_G000010_21052021_02_17_69660_70320_Sample_1046_69660_25.0.mp4,330
Person_19,no emotion,MYS_G000010_21052021_02_187_5400_5520_Sample_76_5400_25.0.mp4,60
Person_19,no emotion,MYS_G000010_21052021_02_189_52664_52710_Sample_763_52440_25.0.mp4,26
Person_19,no emotion,MYS_G000010_21052021_02_198_54300_54420_Sample_793_54300_25.0.mp4,60
Person_19,no emotion,MYS_G000010_21052021_02_208_55270_55328_Sample_807_55260_25.0.mp4,15
Person_19,no emotion,MYS_G000010_21052021_02_220_62280_62520_Sample_927_62280_25.0.mp4,120
Person_19,no emotion,MYS_G000010_21052021_02_40_73593_73620_Sample_1097_73080_25.0.mp4,9
Person_19,no emotion,MYS_G000010_21052021_02_43_73800_73920_Sample_1106_73800_25.0.mp4,60
Person_19,no emotion,MYS_G000010_21052021_02_69_18000_18180_Sample_226_18000_25.0.mp4,90
Person_19,no emotion,MYS_G000010_21052021_02_99_2220_2400_Sample_38_2220_25.0.mp4,90
Person_19,no emotion,MYS_G000010_23042021_01_118_36240_36360_Sample_476_36240_25.0.mp4,60
Person_19,no emotion,MYS_G000010_23042021_01_120_36540_36720_Sample_483_36540_25.0.mp4,90
Person_19,no emotion,MYS_G000010_23042021_01_123_36840_37140_Sample_490_36840_25.0.mp4,150
Person_19,no emotion,MYS_G000010_23042021_01_132_38280_38460_Sample_513_38280_25.0.mp4,90
Person_19,no emotion,MYS_G000010_23042021_01_149_40330_40387_Sample_548_40320_25.0.mp4,13
Person_19,no emotion,MYS_G000010_23042021_01_155_41640_41820_Sample_571_41640_25.0.mp4,90
Person_19,no emotion,MYS_G000010_23042021_01_163_42780_42960_Sample_591_42780_25.0.mp4,90
Person_19,no emotion,MYS_G000010_23042021_01_165_42960_43380_Sample_595_42960_25.0.mp4,210
Person_19,no emotion,MYS_G000010_23042021_01_170_44040_44400_Sample_616_44040_25.0.mp4,180
Person_19,no emotion,MYS_G000010_23042021_01_172_44658_44844_Sample_626_44520_25.0.mp4,31
Person_19,no emotion,MYS_G000010_23042021_01_177_45900_46020_Sample_649_45900_25.0.mp4,60
Person_19,no emotion,MYS_G000010_23042021_01_180_46380_46560_Sample_659_46380_25.0.mp4,90
Person_19,no emotion,MYS_G000010_23042021_01_185_46620_46860_Sample_667_46620_25.0.mp4,120
Person_19,no emotion,MYS_G000010_23042021_01_187_3840_3960_Sample_68_3840_25.0.mp4,60
Person_19,no emotion,MYS_G000010_23042021_01_188_47460_48120_Sample_680_47460_25.0.mp4,330
Person_19,no emotion,MYS_G000010_23042021_01_194_48180_48360_Sample_692_48180_25.0.mp4,90
Person_19,no emotion,MYS_G000010_23042021_01_205_49620_49800_Sample_716_49620_25.0.mp4,90
Person_19,no emotion,MYS_G000010_23042021_01_207_4200_4380_Sample_72_4200_25.0.mp4,90
Person_19,no emotion,MYS_G000010_23042021_01_44_17400_17580_Sample_245_17400_25.0.mp4,90
Person_19,no emotion,MYS_G000010_23042021_01_45_17640_18480_Sample_247_17640_25.0.mp4,420
Person_19,no emotion,MYS_G000010_23042021_01_49_18660_18780_Sample_255_18660_25.0.mp4,60
Person_19,no emotion,MYS_G000010_23042021_01_52_20886_20953_Sample_268_19680_25.0.mp4,15
Person_19,no emotion,MYS_G000010_23042021_01_53_21038_21112_Sample_268_19680_25.0.mp4,46
Person_19,no emotion,MYS_G000010_23042021_01_58_21490_21527_Sample_287_21240_25.0.mp4,11
Person_19,no emotion,MYS_G000010_23042021_01_69_23100_23280_Sample_315_23100_25.0.mp4,90
Person_19,no emotion,MYS_G000010_23042021_01_72_25200_25320_Sample_340_25200_25.0.mp4,60
Person_19,no emotion,MYS_G000010_23042021_01_77_26460_27060_Sample_354_26460_25.0.mp4,300
Person_19,no emotion,MYS_G000010_23042021_02_106_42448_42509_Sample_533_42180_25.0.mp4,30
Person_19,no emotion,MYS_G000010_23042021_02_10_7655_7688_Sample_126_7620_25.0.mp4,16
Person_19,no emotion,MYS_G000010_23042021_02_110_43389_43476_Sample_546_43320_25.0.mp4,43
Person_19,no emotion,MYS_G000010_23042021_02_111_3540_3687_Sample_54_3420_25.0.mp4,73
Person_19,no emotion,MYS_G000010_23042021_02_114_44589_44689_Sample_561_44520_25.0.mp4,50
Person_19,no emotion,MYS_G000010_23042021_02_119_48553_48593_Sample_624_48540_25.0.mp4,20
Person_19,no emotion,MYS_G000010_23042021_02_121_48793_48879_Sample_628_48780_25.0.mp4,43
Person_19,no emotion,MYS_G000010_23042021_02_13_8610_8700_Sample_131_7920_25.0.mp4,45
Person_19,no emotion,MYS_G000010_23042021_02_18_9300_9365_Sample_145_9300_25.0.mp4,32
Person_19,no emotion,MYS_G000010_23042021_02_34_12120_12182_Sample_186_12120_25.0.mp4,31
Person_19,no emotion,MYS_G000010_23042021_02_42_13740_13791_Sample_213_13740_25.0.mp4,25
Person_19,no emotion,MYS_G000010_23042021_02_57_15984_16006_Sample_253_15900_25.0.mp4,11
Person_19,no emotion,MYS_G000010_23042021_02_60_16306_16355_Sample_258_16260_25.0.mp4,24
Person_19,no emotion,MYS_G000010_23042021_02_65_16912_16955_Sample_267_16860_25.0.mp4,21
Person_19,no emotion,MYS_G000010_23042021_02_80_23100_23152_Sample_345_23100_25.0.mp4,26
Person_19,no emotion,MYS_G000010_23042021_02_86_29280_29361_Sample_396_29280_25.0.mp4,40
Person_19,no emotion,MYS_G000010_23042021_02_87_29062_29108_Sample_394_29040_25.0.mp4,23
Person_19,no emotion,MYS_G000010_23042021_02_88_29700_29758_Sample_400_29700_25.0.mp4,29
Person_19,no emotion,MYS_G000010_23042021_02_94_39022_39054_Sample_489_38880_25.0.mp4,16
Person_19,no emotion,MYS_G000010_23042021_02_95_2949_2985_Sample_48_2820_25.0.mp4,18
Person_19,no emotion,MYS_G000010_23042021_02_96_39139_39285_Sample_491_39120_25.0.mp4,73
Person_19,no emotion,MYS_G000010_23042021_03_137_4500_4588_Sample_78_4080_25.0.mp4,44
Person_19,no emotion,MYS_G000010_23042021_03_146_5580_5637_Sample_97_5220_25.0.mp4,28
Person_19,no emotion,MYS_G000010_23042021_03_20_10990_11020_Sample_199_10980_25.0.mp4,15
Person_19,no emotion,MYS_G000010_23042021_03_22_11194_11246_Sample_203_11160_25.0.mp4,26
Person_19,no emotion,MYS_G000010_23042021_03_68_28865_28892_Sample_466_28860_25.0.mp4,13
Person_19,no emotion,MYS_G000010_23042021_03_70_36091_36112_Sample_557_36060_25.0.mp4,6
Person_19,no emotion,MYS_G000010_23042021_03_78_38524_38571_Sample_600_38520_25.0.mp4,23
Person_19,no emotion,MYS_G000010_30042021_01_334_159600_159780_Sample_2634_159600_25.0.mp4,90
Person_19,no emotion,MYS_G000010_30042021_01_337_159960_160200_Sample_2641_159960_25.0.mp4,120
Person_19,no emotion,MYS_G000010_30042021_01_34_66600_66900_Sample_1095_66600_25.0.mp4,150
Person_19,no emotion,MYS_G000010_30042021_01_376_165080_165152_Sample_2746_164940_25.0.mp4,35
Person_19,no emotion,MYS_G000010_30042021_01_390_17760_17880_Sample_278_17760_25.0.mp4,60
Person_19,no emotion,MYS_G000010_30042021_01_407_17940_18060_Sample_282_17940_25.0.mp4,60
Person_19,no emotion,MYS_G000010_30042021_01_417_18900_19080_Sample_296_18900_25.0.mp4,90
Person_19,no emotion,MYS_G000010_30042021_01_419_19200_19560_Sample_307_19200_25.0.mp4,180
Person_19,no emotion,MYS_G000010_30042021_01_427_20426_20448_Sample_328_20400_25.0.mp4,7
Person_19,no emotion,MYS_G000010_30042021_01_459_25500_25620_Sample_399_25500_25.0.mp4,60
Person_19,no emotion,MYS_G000010_30042021_01_501_32640_32760_Sample_504_32640_25.0.mp4,60
Person_19,no emotion,MYS_G000010_30042021_01_50_70440_70740_Sample_1162_70440_25.0.mp4,150
Person_19,no emotion,MYS_G000010_30042021_01_522_36126_36182_Sample_545_35100_25.0.mp4,18
Person_19,no emotion,MYS_G000010_30042021_01_52_70920_71160_Sample_1170_70920_25.0.mp4,120
Person_19,no emotion,MYS_G000010_30042021_01_550_39060_39180_Sample_612_39060_25.0.mp4,60
Person_19,no emotion,MYS_G000010_30042021_01_552_39240_39480_Sample_615_39240_25.0.mp4,120
Person_19,no emotion,MYS_G000010_30042021_01_554_4080_5040_Sample_62_4080_25.0.mp4,480
Person_19,no emotion,MYS_G000010_30042021_01_563_40500_40620_Sample_637_40500_25.0.mp4,60
Person_19,no emotion,MYS_G000010_30042021_01_567_41040_41220_Sample_648_41040_25.0.mp4,90
Person_19,no emotion,MYS_G000010_30042021_01_570_41580_41820_Sample_656_41580_25.0.mp4,120
Person_19,no emotion,MYS_G000010_30042021_01_582_43860_43980_Sample_704_43860_25.0.mp4,60
Person_19,no emotion,MYS_G000010_30042021_01_588_44820_45120_Sample_721_44820_25.0.mp4,150
Person_19,no emotion,MYS_G000010_30042021_01_590_45180_45360_Sample_729_45180_25.0.mp4,90
Person_19,no emotion,MYS_G000010_30042021_01_597_46560_46680_Sample_760_46560_25.0.mp4,60
Person_19,no emotion,MYS_G000010_30042021_01_59_72300_72420_Sample_1193_72300_25.0.mp4,60
Person_19,no emotion,MYS_G000010_30042021_01_600_47340_47820_Sample_774_47340_25.0.mp4,240
Person_19,no emotion,MYS_G000010_30042021_01_607_49020_49140_Sample_808_49020_25.0.mp4,60
Person_19,no emotion,MYS_G000010_30042021_01_60_8185_8239_Sample_121_7320_25.0.mp4,33
Person_19,no emotion,MYS_G000010_30042021_01_613_50040_50400_Sample_826_50040_25.0.mp4,180
Person_19,no emotion,MYS_G000010_30042021_01_616_50700_51660_Sample_838_50700_25.0.mp4,480
Person_19,no emotion,MYS_G000010_30042021_01_619_5220_6959_Sample_85_5220_25.0.mp4,869
Person_19,no emotion,MYS_G000010_30042021_01_626_53220_53460_Sample_876_53220_25.0.mp4,120
Person_19,no emotion,MYS_G000010_30042021_01_632_54420_54600_Sample_896_54420_25.0.mp4,90
Person_19,no emotion,MYS_G000010_30042021_01_637_55931_56004_Sample_911_55620_25.0.mp4,49
Person_19,no emotion,MYS_G000010_30042021_01_651_58980_60120_Sample_964_58980_25.0.mp4,570
Person_19,no emotion,MYS_G000010_30042021_01_654_60780_60900_Sample_983_60780_25.0.mp4,60
Person_19,no emotion,MYS_G000010_30042021_01_97_91680_91920_Sample_1458_91680_25.0.mp4,120
Person_2,no emotion,MYS_G000010_02042021_01_101_41914_42354_Sample_478_41520_25.0.mp4,220
Person_2,no emotion,MYS_G000010_02042021_01_115_44049_44155_Sample_506_44040_25.0.mp4,53
Person_2,no emotion,MYS_G000010_02042021_01_121_44981_45057_Sample_518_44820_25.0.mp4,38
Person_2,no emotion,MYS_G000010_02042021_01_124_45593_45693_Sample_525_45480_25.0.mp4,50
Person_2,no emotion,MYS_G000010_02042021_01_132_3480_3547_Sample_53_3480_25.0.mp4,33
Person_2,no emotion,MYS_G000010_02042021_01_158_49689_49896_Sample_591_49500_25.0.mp4,103
Person_2,no emotion,MYS_G000010_02042021_01_164_51240_51576_Sample_611_51240_25.0.mp4,168
Person_2,no emotion,MYS_G000010_02042021_01_169_51840_51980_Sample_626_51840_25.0.mp4,70
Person_2,no emotion,MYS_G000010_02042021_01_175_53250_53393_Sample_648_53220_25.0.mp4,71
Person_2,no emotion,MYS_G000010_02042021_01_42_21665_21740_Sample_239_21660_25.0.mp4,37
Person_2,no emotion,MYS_G000010_02042021_01_59_26412_26495_Sample_293_26400_25.0.mp4,41
Person_2,no emotion,MYS_G000010_02042021_01_93_2774_2871_Sample_42_2760_25.0.mp4,48
Person_2,no emotion,MYS_G000010_02042021_01_94_3164_3336_Sample_44_2880_25.0.mp4,86
Person_2,no emotion,MYS_G000010_02042021_01_95_41230_41457_Sample_468_40920_25.0.mp4,113
Person_2,no emotion,MYS_G000010_02042021_02_123_27660_28140_Sample_356_27660_25.0.mp4,240
Person_2,no emotion,MYS_G000010_02042021_02_125_28200_29340_Sample_365_28200_25.0.mp4,570
Person_2,no emotion,MYS_G000010_02042021_02_131_29460_30060_Sample_380_29460_25.0.mp4,300
Person_2,no emotion,MYS_G000010_02042021_02_136_30300_31080_Sample_389_30300_25.0.mp4,390
Person_2,no emotion,MYS_G000010_02042021_02_13_14880_15660_Sample_182_14880_25.0.mp4,390
Person_2,no emotion,MYS_G000010_02042021_02_146_33743_33777_Sample_408_31620_25.0.mp4,11
Person_2,no emotion,MYS_G000010_02042021_02_161_34500_35160_Sample_436_34500_25.0.mp4,330
Person_2,no emotion,MYS_G000010_02042021_02_163_35640_35760_Sample_449_35640_25.0.mp4,60
Person_2,no emotion,MYS_G000010_02042021_02_172_37380_38880_Sample_473_37380_25.0.mp4,750
Person_2,no emotion,MYS_G000010_02042021_02_181_39483_39582_Sample_492_39000_25.0.mp4,50
Person_2,no emotion,MYS_G000010_02042021_02_188_39840_40020_Sample_502_39840_25.0.mp4,90
Person_2,no emotion,MYS_G000010_02042021_02_189_40020_40680_Sample_504_40020_25.0.mp4,330
Person_2,no emotion,MYS_G000010_02042021_02_192_43680_44100_Sample_542_43680_25.0.mp4,210
Person_2,no emotion,MYS_G000010_02042021_02_196_44160_44880_Sample_549_44160_25.0.mp4,360
Person_2,no emotion,MYS_G000010_02042021_02_202_6120_6240_Sample_61_6120_25.0.mp4,60
Person_2,no emotion,MYS_G000010_02042021_02_210_6780_7320_Sample_67_6780_25.0.mp4,270
Person_2,no emotion,MYS_G000010_02042021_02_246_7860_8400_Sample_85_7860_25.0.mp4,270
Person_2,no emotion,MYS_G000010_02042021_02_4_8580_9000_Sample_104_8580_25.0.mp4,210
Person_2,no emotion,MYS_G000010_02042021_02_61_19740_20100_Sample_246_19740_25.0.mp4,180
Person_2,no emotion,MYS_G000010_02042021_02_77_21720_21840_Sample_270_21720_25.0.mp4,60
Person_2,no emotion,MYS_G000010_02042021_02_79_21900_22560_Sample_274_21900_25.0.mp4,330
Person_2,no emotion,MYS_G000010_02042021_02_83_22560_23340_Sample_282_22560_25.0.mp4,390
Person_2,no emotion,MYS_G000010_02042021_02_86_23801_23836_Sample_293_23340_25.0.mp4,21
Person_2,no emotion,MYS_G000010_02042021_02_93_24420_24960_Sample_305_24420_25.0.mp4,270
Person_2,no emotion,MYS_G000010_02042021_02_9_10500_11940_Sample_133_10500_25.0.mp4,720
Person_2,no emotion,MYS_G000010_02042021_03_118_7921_7953_Sample_84_7920_25.0.mp4,14
Person_2,no emotion,MYS_G000010_02042021_03_12_11400_11580_Sample_126_11400_25.0.mp4,90
Person_2,no emotion,MYS_G000010_02042021_03_130_9338_9360_Sample_98_8940_25.0.mp4,13
Person_2,no emotion,MYS_G000010_02042021_03_15_12180_12900_Sample_135_12180_25.0.mp4,360
Person_2,no emotion,MYS_G000010_02042021_03_23_13560_13860_Sample_153_13560_25.0.mp4,150
Person_2,no emotion,MYS_G000010_02042021_03_34_23340_23580_Sample_305_23340_25.0.mp4,120
Person_2,no emotion,MYS_G000010_02042021_03_38_23640_23820_Sample_309_23640_25.0.mp4,90
Person_2,no emotion,MYS_G000010_02042021_03_40_23880_24000_Sample_312_23880_25.0.mp4,60
Person_2,no emotion,MYS_G000010_02042021_04_103_50138_50220_Sample_629_50100_25.0.mp4,41
Person_2,no emotion,MYS_G000010_02042021_04_10_23168_23270_Sample_321_23160_25.0.mp4,51
Person_2,no emotion,MYS_G000010_02042021_04_128_4335_4437_Sample_68_4260_25.0.mp4,51
Person_2,no emotion,MYS_G000010_02042021_04_133_5081_5190_Sample_77_4860_25.0.mp4,54
Person_2,no emotion,MYS_G000010_02042021_04_137_6147_6206_Sample_95_6120_25.0.mp4,29
Person_2,no emotion,MYS_G000010_02042021_04_20_840_1017_Sample_16_840_25.0.mp4,88
Person_2,no emotion,MYS_G000010_02042021_04_23_10984_11283_Sample_176_10800_25.0.mp4,149
Person_2,no emotion,MYS_G000010_02042021_04_25_27608_27693_Sample_352_27600_25.0.mp4,42
Person_2,no emotion,MYS_G000010_02042021_04_31_13899_14157_Sample_212_13380_25.0.mp4,129
Person_2,no emotion,MYS_G000010_02042021_04_33_31766_32250_Sample_411_31500_25.0.mp4,242
Person_2,no emotion,MYS_G000010_02042021_04_37_15079_16259_Sample_223_14220_25.0.mp4,590
Person_2,no emotion,MYS_G000010_02042021_04_54_19380_19510_Sample_275_19380_25.0.mp4,65
Person_2,no emotion,MYS_G000010_02042021_04_5_7251_7721_Sample_109_7200_25.0.mp4,235
Person_2,no emotion,MYS_G000010_02042021_04_61_38482_38573_Sample_491_38400_25.0.mp4,45
Person_2,no emotion,MYS_G000010_02042021_04_66_21360_21918_Sample_297_21360_25.0.mp4,279
Person_2,no emotion,MYS_G000010_02042021_04_79_41733_41772_Sample_530_41700_25.0.mp4,19
Person_2,no emotion,MYS_G000010_02042021_04_85_3700_3893_Sample_55_3660_25.0.mp4,96
Person_2,no emotion,MYS_G000010_05032021_01_101_9604_9721_Sample_72_9600_25.0.mp4,58
Person_2,no emotion,MYS_G000010_05032021_01_12_17835_17994_Sample_127_17760_25.0.mp4,79
Person_2,no emotion,MYS_G000010_05032021_01_23_24996_25200_Sample_179_24960_25.0.mp4,102
Person_2,no emotion,MYS_G000010_05032021_01_55_4287_4327_Sample_27_3960_25.0.mp4,9
Person_2,no emotion,MYS_G000010_05032021_01_64_45033_45099_Sample_315_44880_25.0.mp4,33
Person_2,no emotion,MYS_G000010_05032021_02_100_51853_52012_Sample_372_51780_25.0.mp4,79
Person_2,no emotion,MYS_G000010_05032021_02_102_52260_52318_Sample_375_52260_25.0.mp4,29
Person_2,no emotion,MYS_G000010_05032021_02_109_54298_54605_Sample_391_54060_25.0.mp4,153
Person_2,no emotion,MYS_G000010_05032021_02_113_55059_55132_Sample_397_54960_25.0.mp4,36
Person_2,no emotion,MYS_G000010_05032021_02_1_20913_21063_Sample_111_20880_25.0.mp4,75
Person_2,no emotion,MYS_G000010_05032021_02_46_37600_37971_Sample_249_37500_25.0.mp4,185
Person_2,no emotion,MYS_G000010_05032021_02_49_38190_38221_Sample_252_38100_25.0.mp4,15
Person_2,no emotion,MYS_G000010_05032021_02_53_38983_39051_Sample_258_38880_25.0.mp4,34
Person_2,no emotion,MYS_G000010_05032021_02_69_43174_43250_Sample_297_43080_25.0.mp4,38
Person_2,no emotion,MYS_G000010_05032021_02_8_25172_25239_Sample_157_25140_25.0.mp4,33
Person_2,no emotion,MYS_G000010_05032021_02_96_49438_49469_Sample_358_49320_25.0.mp4,15
Person_2,no emotion,MYS_G000010_05032021_02_99_51387_51611_Sample_369_51000_25.0.mp4,112
Person_2,no emotion,MYS_G000010_06082021_01_10_41581_41641_Sample_586_41580_25.0.mp4,16
Person_2,no emotion,MYS_G000010_06082021_01_12_1801_1840_Sample_23_1800_25.0.mp4,22
Person_2,no emotion,MYS_G000010_06082021_01_13_1838_1893_Sample_23_1800_25.0.mp4,16
Person_2,no emotion,MYS_G000010_06082021_01_13_42401_42420_Sample_586_41580_25.0.mp4,10
Person_2,no emotion,MYS_G000010_06082021_01_17_43668_43710_Sample_597_43620_25.0.mp4,19
Person_2,no emotion,MYS_G000010_06082021_01_22_45514_45539_Sample_612_45300_25.0.mp4,11
Person_2,no emotion,MYS_G000010_06082021_01_26_26020_26088_Sample_391_25920_25.0.mp4,50
Person_2,no emotion,MYS_G000010_06082021_01_27_46015_46037_Sample_621_45960_25.0.mp4,14
Person_2,no emotion,MYS_G000010_06082021_01_28_26280_26400_Sample_395_26280_25.0.mp4,60
Person_2,no emotion,MYS_G000010_06082021_01_29_8683_8704_Sample_129_8580_25.0.mp4,7
Person_2,no emotion,MYS_G000010_06082021_01_31_18960_19080_Sample_286_18960_25.0.mp4,60
Person_2,no emotion,MYS_G000010_06082021_01_31_26976_27024_Sample_403_26880_25.0.mp4,28
Person_2,no emotion,MYS_G000010_06082021_01_33_46920_47340_Sample_643_46920_25.0.mp4,210
Person_2,no emotion,MYS_G000010_06082021_01_36_27420_27540_Sample_415_27420_25.0.mp4,60
Person_2,no emotion,MYS_G000010_06082021_01_37_19920_20160_Sample_299_19920_25.0.mp4,120
Person_2,no emotion,MYS_G000010_06082021_01_37_47400_47700_Sample_650_47400_25.0.mp4,150
Person_2,no emotion,MYS_G000010_06082021_01_39_47760_47940_Sample_655_47760_25.0.mp4,90
Person_2,no emotion,MYS_G000010_06082021_01_41_48087_48120_Sample_663_48060_25.0.mp4,8
Person_2,no emotion,MYS_G000010_06082021_01_42_10380_10680_Sample_153_10380_25.0.mp4,150
Person_2,no emotion,MYS_G000010_06082021_01_42_2100_2280_Sample_30_2100_25.0.mp4,90
Person_2,no emotion,MYS_G000010_06082021_01_42_48502_48527_Sample_663_48060_25.0.mp4,15
Person_2,no emotion,MYS_G000010_06082021_01_43_28405_28427_Sample_435_28320_25.0.mp4,5
Person_2,no emotion,MYS_G000010_06082021_01_44_28681_28698_Sample_439_28680_25.0.mp4,5
Person_2,no emotion,MYS_G000010_06082021_01_45_11400_11580_Sample_168_11400_25.0.mp4,90
Person_2,no emotion,MYS_G000010_06082021_01_45_20940_21120_Sample_315_20940_25.0.mp4,90
Person_2,no emotion,MYS_G000010_06082021_01_4_39180_39360_Sample_554_39180_25.0.mp4,90
Person_2,no emotion,MYS_G000010_06082021_01_50_30480_30720_Sample_460_30480_25.0.mp4,120
Person_2,no emotion,MYS_G000010_06082021_01_56_12360_12480_Sample_184_12360_25.0.mp4,60
Person_2,no emotion,MYS_G000010_06082021_01_57_32340_32640_Sample_473_32340_25.0.mp4,150
Person_2,no emotion,MYS_G000010_06082021_01_63_33001_33025_Sample_479_33000_25.0.mp4,2
Person_2,no emotion,MYS_G000010_06082021_01_66_33360_33480_Sample_482_33360_25.0.mp4,60
Person_2,no emotion,MYS_G000010_06082021_01_67_13320_13500_Sample_198_13320_25.0.mp4,90
Person_2,no emotion,MYS_G000010_06082021_01_67_33540_33720_Sample_485_33540_25.0.mp4,90
Person_2,no emotion,MYS_G000010_06082021_01_69_6421_6445_Sample_95_6420_25.0.mp4,9
Person_2,no emotion,MYS_G000010_06082021_01_72_34320_34620_Sample_497_34320_25.0.mp4,150
Person_2,no emotion,MYS_G000010_06082021_01_72_6660_6840_Sample_97_6660_25.0.mp4,90
Person_2,no emotion,MYS_G000010_06082021_01_77_35220_35340_Sample_506_35220_25.0.mp4,60
Person_2,no emotion,MYS_G000010_06082021_01_7_14764_14793_Sample_225_14760_25.0.mp4,16
Person_2,no emotion,MYS_G000010_06082021_01_81_35760_35880_Sample_514_35760_25.0.mp4,60
Person_2,no emotion,MYS_G000010_06082021_01_82_36720_36840_Sample_524_36720_25.0.mp4,60
Person_2,no emotion,MYS_G000010_06082021_01_8_41400_41520_Sample_583_41400_25.0.mp4,60
Person_2,no emotion,MYS_G000010_06082021_01_9_15060_15180_Sample_231_15060_25.0.mp4,60
Person_2,no emotion,MYS_G000010_07052021_01_16_2200_2385_Sample_35_1800_25.0.mp4,92
Person_2,no emotion,MYS_G000010_07052021_01_22_3576_3639_Sample_57_3540_25.0.mp4,31
Person_2,no emotion,MYS_G000010_07052021_01_23_3990_4130_Sample_60_3720_25.0.mp4,70
Person_2,no emotion,MYS_G000010_09042021_01_10_11533_11576_Sample_123_8640_25.0.mp4,16
Person_2,no emotion,MYS_G000010_09042021_01_122_33861_33929_Sample_407_33840_25.0.mp4,21
Person_2,no emotion,MYS_G000010_09042021_01_127_34440_34860_Sample_415_34440_25.0.mp4,210
Person_2,no emotion,MYS_G000010_09042021_01_133_36060_36960_Sample_428_36060_25.0.mp4,450
Person_2,no emotion,MYS_G000010_09042021_01_150_39060_39180_Sample_480_39060_25.0.mp4,60
Person_2,no emotion,MYS_G000010_09042021_01_156_40140_40260_Sample_498_40140_25.0.mp4,60
Person_2,no emotion,MYS_G000010_09042021_01_172_3722_3791_Sample_54_3540_25.0.mp4,23
Person_2,no emotion,MYS_G000010_09042021_01_174_44520_45060_Sample_545_44520_25.0.mp4,270
Person_2,no emotion,MYS_G000010_09042021_01_181_45660_47940_Sample_560_45660_25.0.mp4,1140
Person_2,no emotion,MYS_G000010_09042021_01_190_48000_48420_Sample_594_48000_25.0.mp4,210
Person_2,no emotion,MYS_G000010_09042021_01_196_5700_6000_Sample_81_5700_25.0.mp4,150
Person_2,no emotion,MYS_G000010_09042021_01_4_8520_9660_Sample_118_8520_25.0.mp4,570
Person_2,no emotion,MYS_G000010_09042021_01_50_13860_14220_Sample_186_13860_25.0.mp4,180
Person_2,no emotion,MYS_G000010_09042021_01_58_0_420_Sample_2_0_25.0.mp4,210
Person_2,no emotion,MYS_G000010_09042021_01_62_15480_15660_Sample_207_15480_25.0.mp4,90
Person_2,no emotion,MYS_G000010_09042021_01_77_18840_18960_Sample_257_18840_25.0.mp4,60
Person_2,no emotion,MYS_G000010_09042021_01_8_10040_10102_Sample_123_8640_25.0.mp4,32
Person_2,no emotion,MYS_G000010_09042021_01_95_21960_22080_Sample_282_21960_25.0.mp4,60
Person_2,no emotion,MYS_G000010_09042021_03_102_22860_22946_Sample_331_22860_25.0.mp4,43
Person_2,no emotion,MYS_G000010_09042021_03_106_23412_23473_Sample_338_23340_25.0.mp4,30
Person_2,no emotion,MYS_G000010_09042021_03_121_25679_25713_Sample_378_25620_25.0.mp4,17
Person_2,no emotion,MYS_G000010_09042021_03_129_26401_26455_Sample_392_26400_25.0.mp4,27
Person_2,no emotion,MYS_G000010_09042021_03_12_8185_8265_Sample_121_8160_25.0.mp4,40
Person_2,no emotion,MYS_G000010_09042021_03_145_29762_29842_Sample_429_29520_25.0.mp4,40
Person_2,no emotion,MYS_G000010_09042021_03_14_8520_8579_Sample_125_8400_25.0.mp4,29
Person_2,no emotion,MYS_G000010_09042021_03_152_4077_4204_Sample_52_3960_25.0.mp4,63
Person_2,no emotion,MYS_G000010_09042021_03_165_5185_5217_Sample_71_5100_25.0.mp4,16
Person_2,no emotion,MYS_G000010_09042021_03_167_5498_5545_Sample_75_5460_25.0.mp4,23
Person_2,no emotion,MYS_G000010_09042021_03_169_6031_6205_Sample_82_5760_25.0.mp4,87
Person_2,no emotion,MYS_G000010_09042021_03_20_8949_9005_Sample_130_8700_25.0.mp4,28
Person_2,no emotion,MYS_G000010_09042021_03_79_16514_16569_Sample_253_16500_25.0.mp4,27
Person_2,no emotion,MYS_G000010_09042021_03_81_18400_18565_Sample_275_18000_25.0.mp4,82
Person_2,no emotion,MYS_G000010_09042021_03_96_21759_21865_Sample_316_21660_25.0.mp4,53
Person_2,no emotion,MYS_G000010_09042021_03_99_22561_22737_Sample_323_22260_25.0.mp4,88
Person_2,no emotion,MYS_G000010_09042021_04_128_40620_40920_Sample_454_40620_25.0.mp4,150
Person_2,no emotion,MYS_G000010_09042021_04_138_42104_42151_Sample_469_41820_25.0.mp4,14
Person_2,no emotion,MYS_G000010_09042021_04_149_44700_45660_Sample_504_44700_25.0.mp4,480
Person_2,no emotion,MYS_G000010_09042021_04_153_45840_46320_Sample_517_45840_25.0.mp4,240
Person_2,no emotion,MYS_G000010_09042021_04_156_46920_47100_Sample_528_46920_25.0.mp4,90
Person_2,no emotion,MYS_G000010_09042021_04_159_47460_48180_Sample_536_47460_25.0.mp4,360
Person_2,no emotion,MYS_G000010_09042021_04_160_48240_48720_Sample_545_48240_25.0.mp4,240
Person_2,no emotion,MYS_G000010_09042021_04_167_49380_49860_Sample_557_49380_25.0.mp4,240
Person_2,no emotion,MYS_G000010_09042021_04_16_16698_17230_Sample_196_14940_25.0.mp4,225
Person_2,no emotion,MYS_G000010_09042021_04_193_53160_53940_Sample_605_53160_25.0.mp4,390
Person_2,no emotion,MYS_G000010_09042021_04_196_53460_53760_Sample_611_53460_25.0.mp4,150
Person_2,no emotion,MYS_G000010_09042021_04_198_54000_54420_Sample_615_54000_25.0.mp4,210
Person_2,no emotion,MYS_G000010_09042021_04_199_54240_54360_Sample_618_54240_25.0.mp4,60
Person_2,no emotion,MYS_G000010_09042021_04_202_54480_54720_Sample_624_54480_25.0.mp4,120
Person_2,no emotion,MYS_G000010_09042021_04_206_55080_55260_Sample_633_55080_25.0.mp4,90
Person_2,no emotion,MYS_G000010_09042021_04_207_55320_55440_Sample_635_55320_25.0.mp4,60
Person_2,no emotion,MYS_G000010_09042021_04_209_5040_5220_Sample_64_5040_25.0.mp4,90
Person_2,no emotion,MYS_G000010_09042021_04_28_19488_19564_Sample_224_17520_25.0.mp4,15
Person_2,no emotion,MYS_G000010_09042021_04_2_7380_7500_Sample_104_7380_25.0.mp4,60
Person_2,no emotion,MYS_G000010_09042021_04_38_1941_2025_Sample_25_1860_25.0.mp4,23
Person_2,no emotion,MYS_G000010_09042021_04_3_7860_7980_Sample_112_7860_25.0.mp4,60
Person_2,no emotion,MYS_G000010_09042021_04_58_22260_22440_Sample_274_22260_25.0.mp4,90
Person_2,no emotion,MYS_G000010_09042021_04_98_33309_33419_Sample_368_32760_25.0.mp4,46
Person_2,no emotion,MYS_G000010_09042021_04_99_34018_34092_Sample_376_33660_25.0.mp4,30
Person_2,no emotion,MYS_G000010_09072021_01_110_11104_11180_Sample_152_11100_25.0.mp4,18
Person_2,no emotion,MYS_G000010_09072021_01_135_14220_14400_Sample_199_14220_25.0.mp4,90
Person_2,no emotion,MYS_G000010_09072021_01_151_16140_16320_Sample_224_16140_25.0.mp4,90
Person_2,no emotion,MYS_G000010_09072021_01_153_16560_19200_Sample_228_16560_25.0.mp4,1320
Person_2,no emotion,MYS_G000010_09072021_01_15_87360_88020_Sample_1193_87360_25.0.mp4,330
Person_2,no emotion,MYS_G000010_09072021_01_168_19560_20940_Sample_261_19560_25.0.mp4,690
Person_2,no emotion,MYS_G000010_09072021_01_178_21000_21300_Sample_283_21000_25.0.mp4,150
Person_2,no emotion,MYS_G000010_09072021_01_17_88800_88920_Sample_1218_88800_25.0.mp4,60
Person_2,no emotion,MYS_G000010_09072021_01_182_21360_21540_Sample_288_21360_25.0.mp4,90
Person_2,no emotion,MYS_G000010_09072021_01_189_22140_22440_Sample_299_22140_25.0.mp4,150
Person_2,no emotion,MYS_G000010_09072021_01_197_22500_23640_Sample_302_22500_25.0.mp4,570
Person_2,no emotion,MYS_G000010_09072021_01_204_23700_23880_Sample_316_23700_25.0.mp4,90
Person_2,no emotion,MYS_G000010_09072021_01_207_24060_24540_Sample_321_24060_25.0.mp4,240
Person_2,no emotion,MYS_G000010_09072021_01_215_25140_25500_Sample_346_25140_25.0.mp4,180
Person_2,no emotion,MYS_G000010_09072021_01_216_2567_2650_Sample_34_2460_25.0.mp4,25
Person_2,no emotion,MYS_G000010_09072021_01_220_25680_25920_Sample_360_25680_25.0.mp4,120
Person_2,no emotion,MYS_G000010_09072021_01_224_25980_26100_Sample_367_25980_25.0.mp4,60
Person_2,no emotion,MYS_G000010_09072021_01_22_89580_90300_Sample_1229_89580_25.0.mp4,360
Person_2,no emotion,MYS_G000010_09072021_01_231_26340_26460_Sample_375_26340_25.0.mp4,60
Person_2,no emotion,MYS_G000010_09072021_01_236_26820_26940_Sample_379_26820_25.0.mp4,60
Person_2,no emotion,MYS_G000010_09072021_01_254_28140_28440_Sample_403_28140_25.0.mp4,150
Person_2,no emotion,MYS_G000010_09072021_01_259_28560_28800_Sample_413_28560_25.0.mp4,120
Person_2,no emotion,MYS_G000010_09072021_01_263_28861_28948_Sample_421_28860_25.0.mp4,3
Person_2,no emotion,MYS_G000010_09072021_01_266_3240_3480_Sample_42_3240_25.0.mp4,120
Person_2,no emotion,MYS_G000010_09072021_01_269_30060_30180_Sample_435_30060_25.0.mp4,60
Person_2,no emotion,MYS_G000010_09072021_01_276_31080_31320_Sample_449_31080_25.0.mp4,120
Person_2,no emotion,MYS_G000010_09072021_01_27_90360_91379_Sample_1241_90360_25.0.mp4,509
Person_2,no emotion,MYS_G000010_09072021_01_281_31500_32040_Sample_453_31500_25.0.mp4,270
Person_2,no emotion,MYS_G000010_09072021_01_286_32340_32940_Sample_468_32340_25.0.mp4,300
Person_2,no emotion,MYS_G000010_09072021_01_288_3540_3660_Sample_46_3540_25.0.mp4,60
Person_2,no emotion,MYS_G000010_09072021_01_293_33060_35040_Sample_477_33060_25.0.mp4,990
Person_2,no emotion,MYS_G000010_09072021_01_2_94920_95100_Sample_1304_94920_25.0.mp4,90
Person_2,no emotion,MYS_G000010_09072021_01_306_35160_35280_Sample_501_35160_25.0.mp4,60
Person_2,no emotion,MYS_G000010_09072021_01_311_36120_36240_Sample_520_36120_25.0.mp4,60
Person_2,no emotion,MYS_G000010_09072021_01_312_36240_36600_Sample_522_36240_25.0.mp4,180
Person_2,no emotion,MYS_G000010_09072021_01_315_36720_37320_Sample_530_36720_25.0.mp4,300
Person_2,no emotion,MYS_G000010_09072021_01_331_38520_38700_Sample_556_38520_25.0.mp4,90
Person_2,no emotion,MYS_G000010_09072021_01_333_4140_4260_Sample_55_4140_25.0.mp4,60
Person_2,no emotion,MYS_G000010_09072021_01_334_38760_39000_Sample_560_38760_25.0.mp4,120
Person_2,no emotion,MYS_G000010_09072021_01_335_39120_39900_Sample_565_39120_25.0.mp4,390
Person_2,no emotion,MYS_G000010_09072021_01_342_40080_40200_Sample_581_40080_25.0.mp4,60
Person_2,no emotion,MYS_G000010_09072021_01_349_40440_40860_Sample_587_40440_25.0.mp4,210
Person_2,no emotion,MYS_G000010_09072021_01_356_41760_42120_Sample_604_41760_25.0.mp4,180
Person_2,no emotion,MYS_G000010_09072021_01_35_92040_92160_Sample_1267_92040_25.0.mp4,60
Person_2,no emotion,MYS_G000010_09072021_01_366_43680_43920_Sample_635_43680_25.0.mp4,120
Person_2,no emotion,MYS_G000010_09072021_01_371_44040_44340_Sample_641_44040_25.0.mp4,150
Person_2,no emotion,MYS_G000010_09072021_01_386_46140_46740_Sample_679_46140_25.0.mp4,300
Person_2,no emotion,MYS_G000010_09072021_01_45_93840_94020_Sample_1290_93840_25.0.mp4,90
Person_2,no emotion,MYS_G000010_09072021_01_47_94080_94440_Sample_1292_94080_25.0.mp4,180
Person_2,no emotion,MYS_G000010_09072021_01_486_65940_66480_Sample_815_65940_25.0.mp4,270
Person_2,no emotion,MYS_G000010_09072021_01_513_68640_69540_Sample_865_68640_25.0.mp4,450
Person_2,no emotion,MYS_G000010_09072021_01_51_94440_94620_Sample_1297_94440_25.0.mp4,90
Person_2,no emotion,MYS_G000010_09072021_01_522_69780_69900_Sample_885_69780_25.0.mp4,60
Person_2,no emotion,MYS_G000010_09072021_01_541_70260_70380_Sample_897_70260_25.0.mp4,60
Person_2,no emotion,MYS_G000010_09072021_01_542_70560_70680_Sample_903_70560_25.0.mp4,60
Person_2,no emotion,MYS_G000010_09072021_01_563_74820_74940_Sample_984_74820_25.0.mp4,60
Person_2,no emotion,MYS_G000010_09072021_01_5_88020_88800_Sample_1206_88020_25.0.mp4,390
Person_2,no emotion,MYS_G000010_09072021_01_61_82800_82920_Sample_1117_82800_25.0.mp4,60
Person_2,no emotion,MYS_G000010_09072021_01_62_82920_83400_Sample_1118_82920_25.0.mp4,240
Person_2,no emotion,MYS_G000010_09072021_01_70_84369_84405_Sample_1136_84240_25.0.mp4,19
Person_2,no emotion,MYS_G000010_09072021_01_71_85789_85860_Sample_1136_84240_25.0.mp4,17
Person_2,no emotion,MYS_G000010_09072021_01_8_10893_10920_Sample_101_6900_25.0.mp4,13
Person_2,no emotion,MYS_G000010_12032021_01_31_3953_3997_Sample_19_3900_25.0.mp4,10
Person_2,no emotion,MYS_G000010_12032021_01_66_424_520_Sample_4_420_25.0.mp4,26
Person_2,no emotion,MYS_G000010_12032021_01_67_1040_1125_Sample_4_420_25.0.mp4,32
Person_2,no emotion,MYS_G000010_13082021_03_103_32040_32122_Sample_472_32040_25.0.mp4,41
Person_2,no emotion,MYS_G000010_13082021_03_19_10980_11640_Sample_169_10980_25.0.mp4,330
Person_2,no emotion,MYS_G000010_13082021_03_23_11880_12297_Sample_183_11880_25.0.mp4,208
Person_2,no emotion,MYS_G000010_13082021_03_66_21720_22451_Sample_329_21720_25.0.mp4,365
Person_2,no emotion,MYS_G000010_13082021_03_7_8340_9650_Sample_134_8340_25.0.mp4,655
Person_2,no emotion,MYS_G000010_13082021_03_89_28980_31924_Sample_437_28980_25.0.mp4,1472
Person_2,no emotion,MYS_G000010_16042021_01_25_11338_11401_Sample_147_10740_25.0.mp4,18
Person_2,no emotion,MYS_G000010_16042021_01_26_11437_11549_Sample_147_10740_25.0.mp4,45
Person_2,no emotion,MYS_G000010_16042021_01_42_13298_13331_Sample_166_12600_25.0.mp4,13
Person_2,no emotion,MYS_G000010_16042021_01_52_18960_19140_Sample_245_18960_25.0.mp4,90
Person_2,no emotion,MYS_G000010_16042021_01_55_3120_3300_Sample_44_3120_25.0.mp4,90
Person_2,no emotion,MYS_G000010_16042021_01_58_4140_4980_Sample_59_4140_25.0.mp4,420
Person_2,no emotion,MYS_G000010_16042021_01_63_7147_7197_Sample_84_6120_25.0.mp4,5
Person_2,no emotion,MYS_G000010_16072021_01_124_37747_37839_Sample_435_37740_25.0.mp4,46
Person_2,no emotion,MYS_G000010_16072021_01_12_8100_8576_Sample_131_8100_25.0.mp4,238
Person_2,no emotion,MYS_G000010_16072021_01_137_39903_39960_Sample_463_39780_25.0.mp4,28
Person_2,no emotion,MYS_G000010_16072021_01_142_40500_40729_Sample_473_40500_25.0.mp4,114
Person_2,no emotion,MYS_G000010_16072021_01_145_41700_41819_Sample_481_41700_25.0.mp4,59
Person_2,no emotion,MYS_G000010_16072021_01_149_42420_42763_Sample_491_42420_25.0.mp4,171
Person_2,no emotion,MYS_G000010_16072021_01_151_42943_43095_Sample_495_42840_25.0.mp4,76
Person_2,no emotion,MYS_G000010_16072021_01_156_43322_43619_Sample_504_43320_25.0.mp4,148
Person_2,no emotion,MYS_G000010_16072021_01_175_45480_45544_Sample_541_45480_25.0.mp4,32
Person_2,no emotion,MYS_G000010_16072021_01_177_45840_45917_Sample_545_45840_25.0.mp4,38
Person_2,no emotion,MYS_G000010_16072021_01_201_48960_49079_Sample_589_48960_25.0.mp4,59
Person_2,no emotion,MYS_G000010_16072021_01_211_49920_50002_Sample_607_49920_25.0.mp4,41
Person_2,no emotion,MYS_G000010_16072021_01_233_53315_53523_Sample_651_53100_25.0.mp4,104
Person_2,no emotion,MYS_G000010_16072021_01_240_53700_53805_Sample_662_53700_25.0.mp4,52
Person_2,no emotion,MYS_G000010_16072021_01_247_54693_55395_Sample_670_54300_25.0.mp4,351
Person_2,no emotion,MYS_G000010_16072021_01_25_19352_19525_Sample_205_19320_25.0.mp4,86
Person_2,no emotion,MYS_G000010_16072021_01_261_4759_4917_Sample_68_4260_25.0.mp4,79
Person_2,no emotion,MYS_G000010_16072021_01_266_62040_62124_Sample_698_62040_25.0.mp4,42
Person_2,no emotion,MYS_G000010_16072021_01_268_62520_62697_Sample_704_62520_25.0.mp4,88
Person_2,no emotion,MYS_G000010_16072021_01_283_64380_64478_Sample_736_64380_25.0.mp4,49
Person_2,no emotion,MYS_G000010_16072021_01_286_64500_64672_Sample_741_64500_25.0.mp4,86
Person_2,no emotion,MYS_G000010_16072021_01_288_64740_65502_Sample_744_64740_25.0.mp4,381
Person_2,no emotion,MYS_G000010_16072021_01_299_68040_68637_Sample_777_68040_25.0.mp4,298
Person_2,no emotion,MYS_G000010_16072021_01_303_68760_68877_Sample_783_68760_25.0.mp4,58
Person_2,no emotion,MYS_G000010_16072021_01_306_69108_69237_Sample_787_69060_25.0.mp4,64
Person_2,no emotion,MYS_G000010_16072021_01_307_69360_69765_Sample_789_69360_25.0.mp4,202
Person_2,no emotion,MYS_G000010_16072021_01_319_72102_72178_Sample_818_72060_25.0.mp4,38
Person_2,no emotion,MYS_G000010_16072021_01_327_74385_74610_Sample_841_74340_25.0.mp4,112
Person_2,no emotion,MYS_G000010_16072021_01_329_75300_75546_Sample_854_75300_25.0.mp4,123
Person_2,no emotion,MYS_G000010_16072021_01_335_75960_76077_Sample_865_75960_25.0.mp4,58
Person_2,no emotion,MYS_G000010_16072021_01_338_76440_76674_Sample_869_76440_25.0.mp4,117
Person_2,no emotion,MYS_G000010_16072021_01_345_77602_77822_Sample_882_77400_25.0.mp4,110
Person_2,no emotion,MYS_G000010_16072021_01_349_78345_78897_Sample_892_78240_25.0.mp4,276
Person_2,no emotion,MYS_G000010_16072021_01_359_79417_79459_Sample_909_79380_25.0.mp4,21
Person_2,no emotion,MYS_G000010_16072021_01_364_79680_80020_Sample_917_79680_25.0.mp4,170
Person_2,no emotion,MYS_G000010_16072021_01_369_80234_80280_Sample_924_80160_25.0.mp4,23
Person_2,no emotion,MYS_G000010_16072021_01_53_23760_24540_Sample_268_23760_25.0.mp4,390
Person_2,no emotion,MYS_G000010_16072021_01_64_2746_4137_Sample_28_960_25.0.mp4,695
Person_2,no emotion,MYS_G000010_16072021_02_103_37800_37920_Sample_401_37800_25.0.mp4,60
Person_2,no emotion,MYS_G000010_16072021_02_126_42060_42177_Sample_455_42060_25.0.mp4,58
Person_2,no emotion,MYS_G000010_16072021_02_128_42670_42855_Sample_460_42420_25.0.mp4,92
Person_2,no emotion,MYS_G000010_16072021_02_138_44191_44520_Sample_478_43560_25.0.mp4,164
Person_2,no emotion,MYS_G000010_16072021_02_141_44806_45300_Sample_493_44580_25.0.mp4,247
Person_2,no emotion,MYS_G000010_16072021_02_146_45449_45518_Sample_504_45420_25.0.mp4,15
Person_2,no emotion,MYS_G000010_16072021_02_168_48466_48531_Sample_542_48420_25.0.mp4,32
Person_2,no emotion,MYS_G000010_16072021_02_183_52200_52301_Sample_601_52200_25.0.mp4,50
Person_2,no emotion,MYS_G000010_16072021_02_188_52680_52768_Sample_618_52680_25.0.mp4,44
Person_2,no emotion,MYS_G000010_16072021_02_196_54066_54237_Sample_661_53940_25.0.mp4,85
Person_2,no emotion,MYS_G000010_16072021_02_205_55380_55499_Sample_687_55380_25.0.mp4,59
Person_2,no emotion,MYS_G000010_16072021_02_210_55841_56007_Sample_697_55800_25.0.mp4,83
Person_2,no emotion,MYS_G000010_16072021_02_211_4839_5037_Sample_69_4680_25.0.mp4,99
Person_2,no emotion,MYS_G000010_16072021_02_212_240_277_Sample_6_240_25.0.mp4,18
Person_2,no emotion,MYS_G000010_16072021_02_23_960_1293_Sample_17_960_25.0.mp4,166
Person_2,no emotion,MYS_G000010_16072021_02_25_22920_23061_Sample_183_22920_25.0.mp4,70
Person_2,no emotion,MYS_G000010_16072021_02_30_25800_26138_Sample_200_25800_25.0.mp4,169
Person_2,no emotion,MYS_G000010_16072021_02_39_26754_26861_Sample_219_26700_25.0.mp4,53
Person_2,no emotion,MYS_G000010_16072021_02_52_2030_2516_Sample_25_1560_25.0.mp4,243
Person_2,no emotion,MYS_G000010_16072021_02_59_30420_30520_Sample_285_30420_25.0.mp4,50
Person_2,no emotion,MYS_G000010_16072021_02_75_32709_33319_Sample_322_32640_25.0.mp4,305
Person_2,no emotion,MYS_G000010_16072021_02_90_34680_34763_Sample_348_34680_25.0.mp4,41
Person_2,no emotion,MYS_G000010_16072021_02_92_34988_35157_Sample_353_34980_25.0.mp4,84
Person_2,no emotion,MYS_G000010_16072021_02_96_36837_36972_Sample_377_36720_25.0.mp4,67
Person_2,no emotion,MYS_G000010_21052021_01_10_11040_11117_Sample_124_11040_25.0.mp4,38
Person_2,no emotion,MYS_G000010_21052021_01_115_4135_4197_Sample_50_4020_25.0.mp4,31
Person_2,no emotion,MYS_G000010_21052021_01_119_4381_4415_Sample_52_4380_25.0.mp4,17
Person_2,no emotion,MYS_G000010_21052021_01_138_5080_5145_Sample_56_4860_25.0.mp4,32
Person_2,no emotion,MYS_G000010_21052021_01_155_5825_5975_Sample_60_5580_25.0.mp4,75
Person_2,no emotion,MYS_G000010_21052021_01_162_6420_6466_Sample_74_6420_25.0.mp4,23
Person_2,no emotion,MYS_G000010_21052021_01_163_6625_6680_Sample_76_6540_25.0.mp4,27
Person_2,no emotion,MYS_G000010_21052021_01_165_7032_7087_Sample_82_7020_25.0.mp4,27
Person_2,no emotion,MYS_G000010_21052021_01_168_7381_7517_Sample_85_7320_25.0.mp4,68
Person_2,no emotion,MYS_G000010_21052021_01_172_8343_8394_Sample_93_8040_25.0.mp4,25
Person_2,no emotion,MYS_G000010_21052021_01_3_9041_9103_Sample_102_9000_25.0.mp4,31
Person_2,no emotion,MYS_G000010_21052021_01_72_27443_27480_Sample_345_27420_25.0.mp4,18
Person_2,no emotion,MYS_G000010_21052021_01_73_27691_27735_Sample_346_27600_25.0.mp4,22
Person_2,no emotion,MYS_G000010_21052021_01_7_10152_10257_Sample_113_10020_25.0.mp4,52
Person_2,no emotion,MYS_G000010_21052021_01_81_29100_29134_Sample_365_29100_25.0.mp4,17
Person_2,no emotion,MYS_G000010_21052021_01_94_31703_31736_Sample_404_31620_25.0.mp4,16
Person_2,no emotion,MYS_G000010_21052021_01_96_32122_32173_Sample_411_32040_25.0.mp4,25
Person_2,no emotion,MYS_G000010_21052021_02_106_2340_2760_Sample_40_2340_25.0.mp4,210
Person_2,no emotion,MYS_G000010_21052021_02_110_29340_29460_Sample_409_29340_25.0.mp4,60
Person_2,no emotion,MYS_G000010_21052021_02_114_29460_30180_Sample_413_29460_25.0.mp4,360
Person_2,no emotion,MYS_G000010_21052021_02_124_31560_32340_Sample_452_31560_25.0.mp4,390
Person_2,no emotion,MYS_G000010_21052021_02_132_35460_35820_Sample_517_35460_25.0.mp4,180
Person_2,no emotion,MYS_G000010_21052021_02_135_36060_38520_Sample_529_36060_25.0.mp4,1230
Person_2,no emotion,MYS_G000010_21052021_02_143_39120_39240_Sample_575_39120_25.0.mp4,60
Person_2,no emotion,MYS_G000010_21052021_02_146_40980_41460_Sample_604_40980_25.0.mp4,240
Person_2,no emotion,MYS_G000010_21052021_02_162_49080_49260_Sample_704_49080_25.0.mp4,90
Person_2,no emotion,MYS_G000010_21052021_02_165_49500_49740_Sample_716_49500_25.0.mp4,120
Person_2,no emotion,MYS_G000010_21052021_02_167_49920_50939_Sample_725_49920_25.0.mp4,509
Person_2,no emotion,MYS_G000010_21052021_02_16_69480_69600_Sample_1045_69480_25.0.mp4,60
Person_2,no emotion,MYS_G000010_21052021_02_195_53100_53280_Sample_774_53100_25.0.mp4,90
Person_2,no emotion,MYS_G000010_21052021_02_199_54480_54780_Sample_796_54480_25.0.mp4,150
Person_2,no emotion,MYS_G000010_21052021_02_217_6780_7020_Sample_91_6780_25.0.mp4,120
Person_2,no emotion,MYS_G000010_21052021_02_218_61980_62160_Sample_923_61980_25.0.mp4,90
Person_2,no emotion,MYS_G000010_21052021_02_30_70980_71100_Sample_1066_70980_25.0.mp4,60
Person_2,no emotion,MYS_G000010_21052021_02_37_72480_72600_Sample_1089_72480_25.0.mp4,60
Person_2,no emotion,MYS_G000010_21052021_02_41_73630_73668_Sample_1103_73500_25.0.mp4,21
Person_2,no emotion,MYS_G000010_21052021_02_47_74160_74340_Sample_1113_74160_25.0.mp4,90
Person_2,no emotion,MYS_G000010_21052021_02_54_13992_14062_Sample_164_13740_25.0.mp4,25
Person_2,no emotion,MYS_G000010_21052021_02_57_15060_15180_Sample_183_15060_25.0.mp4,60
Person_2,no emotion,MYS_G000010_21052021_02_58_15240_15420_Sample_185_15240_25.0.mp4,90
Person_2,no emotion,MYS_G000010_21052021_02_6_68760_68880_Sample_1031_68760_25.0.mp4,60
Person_2,no emotion,MYS_G000010_21052021_02_81_20700_21300_Sample_266_20700_25.0.mp4,300
Person_2,no emotion,MYS_G000010_23042021_01_127_37260_37500_Sample_500_37260_25.0.mp4,120
Person_2,no emotion,MYS_G000010_23042021_01_136_38760_39480_Sample_521_38760_25.0.mp4,360
Person_2,no emotion,MYS_G000010_23042021_01_159_42000_42360_Sample_579_42000_25.0.mp4,180
Person_2,no emotion,MYS_G000010_23042021_01_15_8567_8609_Sample_136_8460_25.0.mp4,12
Person_2,no emotion,MYS_G000010_23042021_01_161_42540_43440_Sample_587_42540_25.0.mp4,450
Person_2,no emotion,MYS_G000010_23042021_01_169_43920_44340_Sample_613_43920_25.0.mp4,210
Person_2,no emotion,MYS_G000010_23042021_01_175_45480_45960_Sample_644_45480_25.0.mp4,240
Person_2,no emotion,MYS_G000010_23042021_01_184_46620_46800_Sample_666_46620_25.0.mp4,90
Person_2,no emotion,MYS_G000010_23042021_01_191_47672_47694_Sample_682_47640_25.0.mp4,9
Person_2,no emotion,MYS_G000010_23042021_01_1_6000_7440_Sample_101_6000_25.0.mp4,720
Person_2,no emotion,MYS_G000010_23042021_01_202_49200_49278_Sample_709_49200_25.0.mp4,17
Person_2,no emotion,MYS_G000010_23042021_01_36_10920_11160_Sample_170_10920_25.0.mp4,120
Person_2,no emotion,MYS_G000010_23042021_01_37_11220_11580_Sample_173_11220_25.0.mp4,180
Person_2,no emotion,MYS_G000010_23042021_01_41_16080_22620_Sample_231_16080_25.0.mp4,3270
Person_2,no emotion,MYS_G000010_23042021_01_67_22800_25440_Sample_310_22800_25.0.mp4,1320
Person_2,no emotion,MYS_G000010_23042021_01_75_25440_25920_Sample_344_25440_25.0.mp4,240
Person_2,no emotion,MYS_G000010_23042021_01_95_29160_29280_Sample_387_29160_25.0.mp4,60
Person_2,no emotion,MYS_G000010_23042021_02_101_41024_41099_Sample_512_40800_25.0.mp4,37
Person_2,no emotion,MYS_G000010_23042021_02_102_41208_41268_Sample_515_41160_25.0.mp4,30
Person_2,no emotion,MYS_G000010_23042021_02_104_41773_41929_Sample_520_41400_25.0.mp4,78
Person_2,no emotion,MYS_G000010_23042021_02_108_42461_42510_Sample_537_42360_25.0.mp4,24
Person_2,no emotion,MYS_G000010_23042021_02_24_10281_10367_Sample_154_10080_25.0.mp4,43
Person_2,no emotion,MYS_G000010_23042021_02_32_11760_11788_Sample_177_11760_25.0.mp4,14
Person_2,no emotion,MYS_G000010_23042021_02_37_12825_12878_Sample_195_12720_25.0.mp4,26
Person_2,no emotion,MYS_G000010_23042021_02_55_15674_15747_Sample_249_15660_25.0.mp4,36
Person_2,no emotion,MYS_G000010_23042021_02_63_16688_16737_Sample_261_16620_25.0.mp4,24
Person_2,no emotion,MYS_G000010_23042021_02_68_17028_17080_Sample_270_16980_25.0.mp4,26
Person_2,no emotion,MYS_G000010_23042021_02_69_17288_17366_Sample_273_17280_25.0.mp4,39
Person_2,no emotion,MYS_G000010_23042021_02_74_18092_18112_Sample_288_18000_25.0.mp4,10
Person_2,no emotion,MYS_G000010_23042021_02_7_7208_7271_Sample_116_7200_25.0.mp4,31
Person_2,no emotion,MYS_G000010_23042021_02_82_29055_29254_Sample_385_28380_25.0.mp4,99
Person_2,no emotion,MYS_G000010_23042021_02_85_28759_28801_Sample_391_28740_25.0.mp4,21
Person_2,no emotion,MYS_G000010_23042021_02_89_30015_30111_Sample_401_29820_25.0.mp4,48
Person_2,no emotion,MYS_G000010_23042021_02_90_37997_38079_Sample_474_37980_25.0.mp4,41
Person_2,no emotion,MYS_G000010_23042021_02_91_38520_38554_Sample_483_38520_25.0.mp4,17
Person_2,no emotion,MYS_G000010_23042021_02_92_38853_38893_Sample_485_38760_25.0.mp4,20
Person_2,no emotion,MYS_G000010_23042021_02_97_39925_39981_Sample_503_39780_25.0.mp4,28
Person_2,no emotion,MYS_G000010_23042021_02_99_40406_40442_Sample_509_40380_25.0.mp4,18
Person_2,no emotion,MYS_G000010_23042021_02_9_7628_7684_Sample_124_7620_25.0.mp4,28
Person_2,no emotion,MYS_G000010_23042021_03_107_46371_46497_Sample_698_45660_25.0.mp4,63
Person_2,no emotion,MYS_G000010_23042021_03_109_46568_46631_Sample_713_46560_25.0.mp4,31
Person_2,no emotion,MYS_G000010_23042021_03_112_47682_47729_Sample_723_47580_25.0.mp4,23
Person_2,no emotion,MYS_G000010_23042021_03_114_47914_47993_Sample_727_47880_25.0.mp4,39
Person_2,no emotion,MYS_G000010_23042021_03_117_49214_49278_Sample_733_48900_25.0.mp4,32
Person_2,no emotion,MYS_G000010_23042021_03_119_49401_49450_Sample_738_49380_25.0.mp4,24
Person_2,no emotion,MYS_G000010_23042021_03_11_9660_9743_Sample_178_9660_25.0.mp4,41
Person_2,no emotion,MYS_G000010_23042021_03_125_51920_52006_Sample_755_51420_25.0.mp4,43
Person_2,no emotion,MYS_G000010_23042021_03_129_4140_4179_Sample_76_4020_25.0.mp4,19
Person_2,no emotion,MYS_G000010_23042021_03_130_53332_53397_Sample_771_53160_25.0.mp4,32
Person_2,no emotion,MYS_G000010_23042021_03_132_53669_53700_Sample_775_53520_25.0.mp4,15
Person_2,no emotion,MYS_G000010_23042021_03_134_54495_54526_Sample_783_54420_25.0.mp4,15
Person_2,no emotion,MYS_G000010_23042021_03_136_55455_55510_Sample_787_55440_25.0.mp4,27
Person_2,no emotion,MYS_G000010_23042021_03_138_56053_56098_Sample_790_55920_25.0.mp4,22
Person_2,no emotion,MYS_G000010_23042021_03_142_4335_4403_Sample_84_4320_25.0.mp4,34
Person_2,no emotion,MYS_G000010_23042021_03_14_10329_10393_Sample_187_10320_25.0.mp4,32
Person_2,no emotion,MYS_G000010_23042021_03_19_10728_10805_Sample_196_10680_25.0.mp4,38
Person_2,no emotion,MYS_G000010_23042021_03_21_11127_11154_Sample_201_11100_25.0.mp4,13
Person_2,no emotion,MYS_G000010_23042021_03_24_11563_11629_Sample_210_11460_25.0.mp4,33
Person_2,no emotion,MYS_G000010_23042021_03_36_13442_13533_Sample_243_13440_25.0.mp4,45
Person_2,no emotion,MYS_G000010_23042021_03_55_17728_17798_Sample_318_17700_25.0.mp4,35
Person_2,no emotion,MYS_G000010_23042021_03_58_18512_18747_Sample_330_18480_25.0.mp4,117
Person_2,no emotion,MYS_G000010_23042021_03_60_19956_19998_Sample_351_19920_25.0.mp4,21
Person_2,no emotion,MYS_G000010_23042021_03_63_20040_20093_Sample_355_20040_25.0.mp4,26
Person_2,no emotion,MYS_G000010_23042021_03_71_36359_36373_Sample_559_36300_25.0.mp4,4
Person_2,no emotion,MYS_G000010_23042021_03_73_36895_36936_Sample_567_36780_25.0.mp4,20
Person_2,no emotion,MYS_G000010_23042021_03_7_8040_8065_Sample_147_8040_25.0.mp4,12
Person_2,no emotion,MYS_G000010_23042021_03_83_41361_41469_Sample_634_41100_25.0.mp4,54
Person_2,no emotion,MYS_G000010_23042021_03_92_43140_43210_Sample_665_43140_25.0.mp4,35
Person_2,no emotion,MYS_G000010_23042021_03_96_43732_43767_Sample_678_43680_25.0.mp4,17
Person_2,no emotion,MYS_G000010_23042021_03_98_44314_44420_Sample_682_43920_25.0.mp4,53
Person_2,no emotion,MYS_G000010_23072021_01_104_3960_4140_Sample_20_3960_25.0.mp4,90
Person_2,no emotion,MYS_G000010_23072021_01_134_5584_5591_Sample_35_5520_25.0.mp4,6
Person_2,no emotion,MYS_G000010_23072021_01_167_10937_10980_Sample_62_8820_25.0.mp4,19
Person_2,no emotion,MYS_G000010_23072021_01_3_1585_1632_Sample_10_1560_25.0.mp4,17
Person_2,no emotion,MYS_G000010_23072021_01_44_2887_2943_Sample_13_2460_25.0.mp4,31
Person_2,no emotion,MYS_G000010_23072021_01_66_24300_24900_Sample_172_24300_25.0.mp4,300
Person_2,no emotion,MYS_G000010_23072021_01_74_25402_25446_Sample_178_24900_25.0.mp4,22
Person_2,no emotion,MYS_G000010_23072021_01_89_27799_27915_Sample_186_25800_25.0.mp4,49
Person_2,no emotion,MYS_G000010_23072021_01_90_28627_28665_Sample_186_25800_25.0.mp4,27
Person_2,no emotion,MYS_G000010_23072021_03_11_8220_8340_Sample_35_8220_25.0.mp4,60
Person_2,no emotion,MYS_G000010_23072021_05_60_31856_32008_Sample_380_31680_25.0.mp4,76
Person_2,no emotion,MYS_G000010_23072021_05_61_33048_33117_Sample_398_32940_25.0.mp4,34
Person_2,no emotion,MYS_G000010_23072021_05_71_163_360_Sample_6_120_25.0.mp4,98
Person_2,no emotion,MYS_G000010_23072021_05_9_9544_9660_Sample_129_9540_25.0.mp4,58
Person_2,no emotion,MYS_G000010_30042021_01_320_154020_154140_Sample_2546_154020_25.0.mp4,60
Person_2,no emotion,MYS_G000010_30042021_01_389_167024_167197_Sample_2776_166560_25.0.mp4,46
Person_2,no emotion,MYS_G000010_30042021_01_38_67260_67920_Sample_1106_67260_25.0.mp4,330
Person_2,no emotion,MYS_G000010_30042021_01_400_167880_168000_Sample_2801_167880_25.0.mp4,60
Person_2,no emotion,MYS_G000010_30042021_01_421_19500_20880_Sample_314_19500_25.0.mp4,690
Person_2,no emotion,MYS_G000010_30042021_01_45_69120_69360_Sample_1145_69120_25.0.mp4,120
Person_2,no emotion,MYS_G000010_30042021_01_48_69960_70080_Sample_1156_69960_25.0.mp4,60
Person_2,no emotion,MYS_G000010_30042021_01_493_31500_31860_Sample_483_31500_25.0.mp4,180
Person_2,no emotion,MYS_G000010_30042021_01_500_32160_33720_Sample_496_32160_25.0.mp4,780
Person_2,no emotion,MYS_G000010_30042021_01_511_34105_34126_Sample_529_33960_25.0.mp4,14
Person_2,no emotion,MYS_G000010_30042021_01_51_70626_70771_Sample_1164_70560_25.0.mp4,65
Person_2,no emotion,MYS_G000010_30042021_01_530_36360_36399_Sample_564_36360_25.0.mp4,11
Person_2,no emotion,MYS_G000010_30042021_01_536_37020_38160_Sample_573_37020_25.0.mp4,570
Person_2,no emotion,MYS_G000010_30042021_01_545_38361_38440_Sample_595_38340_25.0.mp4,38
Person_2,no emotion,MYS_G000010_30042021_01_54_71160_71340_Sample_1177_71160_25.0.mp4,90
Person_2,no emotion,MYS_G000010_30042021_01_555_39540_40620_Sample_621_39540_25.0.mp4,540
Person_2,no emotion,MYS_G000010_30042021_01_55_71400_71700_Sample_1180_71400_25.0.mp4,150
Person_2,no emotion,MYS_G000010_30042021_01_568_41100_41820_Sample_650_41100_25.0.mp4,360
Person_2,no emotion,MYS_G000010_30042021_01_578_43560_43680_Sample_697_43560_25.0.mp4,60
Person_2,no emotion,MYS_G000010_30042021_01_585_44280_45600_Sample_711_44280_25.0.mp4,660
Person_2,no emotion,MYS_G000010_30042021_01_592_45960_46080_Sample_745_45960_25.0.mp4,60
Person_2,no emotion,MYS_G000010_30042021_01_595_46560_47400_Sample_758_46560_25.0.mp4,420
Person_2,no emotion,MYS_G000010_30042021_01_602_48120_48190_Sample_779_47580_25.0.mp4,36
Person_2,no emotion,MYS_G000010_30042021_01_603_4860_5340_Sample_78_4860_25.0.mp4,240
Person_2,no emotion,MYS_G000010_30042021_01_605_48720_49260_Sample_802_48720_25.0.mp4,270
Person_2,no emotion,MYS_G000010_30042021_01_629_53580_53820_Sample_883_53580_25.0.mp4,120
Person_2,no emotion,MYS_G000010_30042021_01_644_57360_57540_Sample_934_57360_25.0.mp4,90
Person_2,no emotion,MYS_G000010_30042021_01_646_57840_58859_Sample_941_57840_25.0.mp4,509
Person_2,no emotion,MYS_G000010_30042021_01_653_60000_60660_Sample_974_60000_25.0.mp4,330
Person_2,no emotion,MYS_G000010_30042021_01_658_60960_61140_Sample_989_60960_25.0.mp4,90
Person_2,no emotion,MYS_G000010_30042021_01_660_61200_61560_Sample_995_61200_25.0.mp4,180
Person_2,no emotion,MYS_G000010_30042021_01_70_80280_80460_Sample_1298_80280_25.0.mp4,90
Person_2,no emotion,MYS_G000010_30042021_01_75_84000_84300_Sample_1352_84000_25.0.mp4,150
Person_2,no emotion,MYS_G000010_30042021_01_81_85080_85260_Sample_1374_85260_25.0.mp4,0
Person_2,no emotion,MYS_G000010_30042021_01_9_62100_62460_Sample_1012_62100_25.0.mp4,180
Person_2,no emotion,MYS_G000011_05022021_03_12_10380_10560_Sample_129_10380_25.0.mp4,90
Person_2,no emotion,MYS_G000011_05022021_03_15_11040_11220_Sample_137_11040_25.0.mp4,90
Person_2,no emotion,MYS_G000011_05022021_03_17_36106_36147_Sample_459_36060_25.0.mp4,17
Person_2,no emotion,MYS_G000011_05022021_03_19_2940_3240_Sample_45_2940_25.0.mp4,150
Person_2,no emotion,MYS_G000011_05022021_03_20_36420_36720_Sample_463_36420_25.0.mp4,150
Person_2,no emotion,MYS_G000011_05022021_03_20_46320_46620_Sample_585_46320_25.0.mp4,150
Person_2,no emotion,MYS_G000011_05022021_03_21_4260_4500_Sample_58_4260_25.0.mp4,120
Person_2,no emotion,MYS_G000011_05022021_03_22_46860_46980_Sample_591_46860_25.0.mp4,60
Person_2,no emotion,MYS_G000011_05022021_03_24_47040_47220_Sample_593_47040_25.0.mp4,90
Person_2,no emotion,MYS_G000011_05022021_03_30_14520_14640_Sample_176_14520_25.0.mp4,60
Person_2,no emotion,MYS_G000011_05022021_03_32_14820_15300_Sample_179_14820_25.0.mp4,240
Person_2,no emotion,MYS_G000011_05022021_03_33_48060_48180_Sample_608_48060_25.0.mp4,60
Person_2,no emotion,MYS_G000011_05022021_03_35_15360_15540_Sample_186_15360_25.0.mp4,90
Person_2,no emotion,MYS_G000011_05022021_03_35_48304_48343_Sample_611_48240_25.0.mp4,11
Person_2,no emotion,MYS_G000011_05022021_03_36_48420_48540_Sample_612_48420_25.0.mp4,60
Person_2,no emotion,MYS_G000011_05022021_03_37_48600_48840_Sample_614_48600_25.0.mp4,120
Person_2,no emotion,MYS_G000011_05022021_03_39_3360_3540_Sample_50_3360_25.0.mp4,90
Person_2,no emotion,MYS_G000011_05022021_03_40_48960_49080_Sample_617_48960_25.0.mp4,60
Person_2,no emotion,MYS_G000011_05022021_03_44_49680_49800_Sample_628_49680_25.0.mp4,60
Person_2,no emotion,MYS_G000011_05022021_03_45_4860_5100_Sample_62_4860_25.0.mp4,120
Person_2,no emotion,MYS_G000011_05022021_03_46_18120_18240_Sample_215_18120_25.0.mp4,60
Person_2,no emotion,MYS_G000011_05022021_03_50_19819_19855_Sample_225_19140_25.0.mp4,10
Person_2,no emotion,MYS_G000011_05022021_03_51_50040_50160_Sample_636_50040_25.0.mp4,60
Person_2,no emotion,MYS_G000011_05022021_03_59_51060_51180_Sample_652_51060_25.0.mp4,60
Person_2,no emotion,MYS_G000011_05022021_03_5_9180_9360_Sample_111_9180_25.0.mp4,90
Person_2,no emotion,MYS_G000011_05022021_03_60_51240_51360_Sample_653_51240_25.0.mp4,60
Person_2,no emotion,MYS_G000011_05022021_03_66_5451_5505_Sample_66_5160_25.0.mp4,20
Person_2,no emotion,MYS_G000011_05022021_03_68_1800_1920_Sample_28_1800_25.0.mp4,60
Person_2,no emotion,MYS_G000011_05022021_03_68_52440_52560_Sample_674_52440_25.0.mp4,60
Person_2,no emotion,MYS_G000011_05022021_03_73_53160_53280_Sample_679_53160_25.0.mp4,60
Person_2,no emotion,MYS_G000011_05022021_03_79_29220_29400_Sample_368_29220_25.0.mp4,90
Person_2,no emotion,MYS_G000011_05022021_03_7_44400_44640_Sample_563_44400_25.0.mp4,120
Person_2,no emotion,MYS_G000011_05022021_03_81_6401_6424_Sample_81_6180_25.0.mp4,6
Person_2,no emotion,MYS_G000011_05022021_03_88_6840_7020_Sample_86_6840_25.0.mp4,90
Person_2,no emotion,MYS_G000011_05022021_03_89_7080_7500_Sample_90_7080_25.0.mp4,210
Person_2,no emotion,MYS_G000011_05022021_03_90_7620_8220_Sample_93_7620_25.0.mp4,300
Person_2,no emotion,MYS_G000011_05022021_03_91_2460_2640_Sample_38_2460_25.0.mp4,90
Person_2,no emotion,MYS_G000011_05022021_03_93_31620_31980_Sample_397_31620_25.0.mp4,180
Person_2,no emotion,MYS_G000011_05022021_03_99_32280_32580_Sample_407_32280_25.0.mp4,150
Person_2,no emotion,MYS_G000011_05022021_03_9_44760_45060_Sample_568_44760_25.0.mp4,150
Person_2,no emotion,MYS_G000011_05022021_04_12_14657_14709_Sample_141_14100_25.0.mp4,26
Person_2,no emotion,MYS_G000011_05022021_04_12_42675_42720_Sample_469_42360_25.0.mp4,22
Person_2,no emotion,MYS_G000011_05022021_04_14_42982_42998_Sample_473_42840_25.0.mp4,8
Person_2,no emotion,MYS_G000011_05022021_04_16_15000_15051_Sample_155_15000_25.0.mp4,25
Person_2,no emotion,MYS_G000011_05022021_04_18_30536_30684_Sample_334_30240_25.0.mp4,74
Person_2,no emotion,MYS_G000011_05022021_04_1_27573_27660_Sample_298_27480_25.0.mp4,43
Person_2,no emotion,MYS_G000011_05022021_04_22_30929_31065_Sample_341_30900_25.0.mp4,68
Person_2,no emotion,MYS_G000011_05022021_04_23_16903_17191_Sample_169_16680_25.0.mp4,144
Person_2,no emotion,MYS_G000011_05022021_04_23_45780_45858_Sample_510_45780_25.0.mp4,39
Person_2,no emotion,MYS_G000011_05022021_04_26_46471_46500_Sample_516_46380_25.0.mp4,14
Person_2,no emotion,MYS_G000011_05022021_04_28_32834_32891_Sample_351_32700_25.0.mp4,28
Person_2,no emotion,MYS_G000011_05022021_04_29_33717_33732_Sample_355_33240_25.0.mp4,7
Person_2,no emotion,MYS_G000011_05022021_04_35_34554_34768_Sample_365_34440_25.0.mp4,107
Person_2,no emotion,MYS_G000011_05022021_04_36_20580_20787_Sample_212_20580_25.0.mp4,103
Person_2,no emotion,MYS_G000011_05022021_04_40_48516_48540_Sample_542_48420_25.0.mp4,12
Person_2,no emotion,MYS_G000011_05022021_04_43_48735_48780_Sample_545_48660_25.0.mp4,22
Person_2,no emotion,MYS_G000011_05022021_04_46_22920_23100_Sample_237_22920_25.0.mp4,90
Person_2,no emotion,MYS_G000011_05022021_04_48_37483_37680_Sample_400_37260_25.0.mp4,98
Person_2,no emotion,MYS_G000011_05022021_04_48_49309_49461_Sample_554_49260_25.0.mp4,76
Person_2,no emotion,MYS_G000011_05022021_04_50_23680_24006_Sample_245_23400_25.0.mp4,163
Person_2,no emotion,MYS_G000011_05022021_04_50_37949_38068_Sample_407_37920_25.0.mp4,59
Person_2,no emotion,MYS_G000011_05022021_04_51_38265_38344_Sample_409_38160_25.0.mp4,39
Person_2,no emotion,MYS_G000011_05022021_04_64_25740_25776_Sample_270_25380_25.0.mp4,18
Person_2,no emotion,MYS_G000011_05022021_04_6_28815_29174_Sample_301_27840_25.0.mp4,179
Person_2,no emotion,MYS_G000011_05022021_04_7_29516_29641_Sample_301_27840_25.0.mp4,62
Person_2,no emotion,MYS_G000011_05022021_05_107_336_366_Sample_240.mp4,9
Person_2,no emotion,MYS_G000011_05022021_05_110_0_420_Sample_246.mp4,209
Person_2,no emotion,MYS_G000011_05022021_05_113_0_120_Sample_252.mp4,59
Person_2,no emotion,MYS_G000011_05022021_05_115_0_180_Sample_255.mp4,90
Person_2,no emotion,MYS_G000011_05022021_05_119_4_364_Sample_26.mp4,179
Person_2,no emotion,MYS_G000011_05022021_05_129_970_1002_Sample_34.mp4,11
Person_2,no emotion,MYS_G000011_05022021_05_135_2_302_Sample_44.mp4,150
Person_2,no emotion,MYS_G000011_05022021_05_138_2_122_Sample_48.mp4,59
Person_2,no emotion,MYS_G000011_05022021_05_144_2_182_Sample_57.mp4,89
Person_2,no emotion,MYS_G000011_05022021_05_150_1_121_Sample_73.mp4,59
Person_2,no emotion,MYS_G000011_05022021_05_17_1_180_Sample_124.mp4,89
Person_2,no emotion,MYS_G000011_05022021_05_18_1_121_Sample_125.mp4,60
Person_2,no emotion,MYS_G000011_05022021_05_48_0_120_Sample_158.mp4,59
Person_2,no emotion,MYS_G000011_05022021_05_65_0_360_Sample_178.mp4,179
Person_2,no emotion,MYS_G000011_05022021_05_66_0_120_Sample_182.mp4,59
Person_2,no emotion,MYS_G000011_05022021_05_67_0_300_Sample_186.mp4,150
Person_2,no emotion,MYS_G000011_05022021_05_69_1113_1161_Sample_19.mp4,26
Person_2,no emotion,MYS_G000011_05022021_05_72_92_120_Sample_199.mp4,13
Person_2,no emotion,MYS_G000011_05022021_05_73_4_300_Sample_201.mp4,148
Person_2,no emotion,MYS_G000011_05022021_05_84_85_123_Sample_210.mp4,27
Person_2,no emotion,MYS_G000011_05022021_05_85_0_120_Sample_212.mp4,59
Person_2,no emotion,MYS_G000011_05022021_05_86_1_17_Sample_214.mp4,1
Person_2,no emotion,MYS_G000011_05022021_05_8_635_711_Sample_114.mp4,38
Person_2,no emotion,MYS_G000011_05022021_05_92_0_420_Sample_226.mp4,209
Person_2,no emotion,MYS_G000011_15022021_01_13_2044_2100_Sample_47.mp4,21
Person_2,no emotion,MYS_G000011_15022021_01_22_9_30_Sample_58.mp4,9
Person_2,no emotion,MYS_G000011_15022021_01_24_3069_3123_Sample_73.mp4,36
Person_2,no emotion,MYS_G000011_15022021_01_31_0_180_Sample_142.mp4,89
Person_2,no emotion,MYS_G000011_15022021_01_38_0_120_Sample_150.mp4,60
Person_2,no emotion,MYS_G000011_15022021_01_42_0_480_Sample_168.mp4,239
Person_2,no emotion,MYS_G000011_15022021_01_46_0_1440_Sample_173.mp4,719
Person_2,no emotion,MYS_G000011_15022021_01_50_0_780_Sample_183.mp4,389
Person_2,no emotion,MYS_G000011_15022021_01_51_0_120_Sample_185.mp4,60
Person_2,no emotion,MYS_G000011_15022021_01_5_0_240_Sample_110.mp4,120
Person_2,no emotion,MYS_G000011_15022021_01_61_0_900_Sample_199.mp4,450
Person_2,no emotion,MYS_G000011_15022021_01_79_0_360_Sample_274.mp4,179
Person_2,no emotion,MYS_G000011_15022021_03_107_128_315_Sample_72.mp4,93
Person_2,no emotion,MYS_G000011_15022021_03_111_143_563_Sample_76.mp4,210
Person_2,no emotion,MYS_G000011_15022021_03_117_600_652_Sample_97.mp4,5
Person_2,no emotion,MYS_G000011_15022021_03_14_139_473_Sample_39.mp4,167
Person_2,no emotion,MYS_G000011_15022021_03_18_74_181_Sample_40.mp4,54
Person_2,no emotion,MYS_G000011_15022021_03_47_350_500_Sample_1.mp4,75
Person_2,no emotion,MYS_G000011_15022021_03_58_1090_1322_Sample_22.mp4,116
Person_2,no emotion,MYS_G000011_15022021_03_65_274_360_Sample_247.mp4,42
Person_2,no emotion,MYS_G000011_15022021_03_69_181_240_Sample_253.mp4,29
Person_2,no emotion,MYS_G000011_15022021_03_73_102_934_Sample_261.mp4,416
Person_2,no emotion,MYS_G000011_15022021_03_75_0_394_Sample_269.mp4,197
Person_2,no emotion,MYS_G000011_15022021_03_76_0_180_Sample_510.mp4,90
Person_2,no emotion,MYS_G000011_15022021_03_77_0_511_Sample_273.mp4,255
Person_2,no emotion,MYS_G000011_15022021_03_79_159_300_Sample_279.mp4,70
Person_2,no emotion,MYS_G000011_15022021_03_80_0_158_Sample_282.mp4,79
Person_2,no emotion,MYS_G000011_15022021_03_80_9_84_Sample_520.mp4,37
Person_2,no emotion,MYS_G000011_15022021_03_86_0_119_Sample_530.mp4,59
Person_2,no emotion,MYS_G000011_15022021_03_97_0_295_Sample_554.mp4,147
Person_2,no emotion,MYS_G000011_15022021_04_24_225_381_Sample_4.mp4,78
Person_2,no emotion,MYS_G000011_15022021_04_28_1_2761_Sample_52.mp4,1379
Person_2,no emotion,MYS_G000011_15022021_04_8_0_300_Sample_113.mp4,150
Person_2,no emotion,MYS_G000011_22012021_02_103_36300_36420_Sample_385_36300_25.0.mp4,60
Person_2,no emotion,MYS_G000011_22012021_02_106_37140_37260_Sample_400_37140_25.0.mp4,60
Person_2,no emotion,MYS_G000011_22012021_02_21_3660_3780_Sample_45_3660_25.0.mp4,60
Person_2,no emotion,MYS_G000011_22012021_02_28_41973_42047_Sample_462_41520_25.0.mp4,13
Person_2,no emotion,MYS_G000011_22012021_02_32_45222_45282_Sample_478_43320_25.0.mp4,18
Person_2,no emotion,MYS_G000011_22012021_02_37_3840_4080_Sample_49_3840_25.0.mp4,120
Person_2,no emotion,MYS_G000011_22012021_02_42_25560_25680_Sample_237_25560_25.0.mp4,60
Person_2,no emotion,MYS_G000011_22012021_02_46_4432_4457_Sample_51_4200_25.0.mp4,16
Person_2,no emotion,MYS_G000011_22012021_02_48_2220_2340_Sample_24_2220_25.0.mp4,60
Person_2,no emotion,MYS_G000011_22012021_02_4_3300_3540_Sample_42_3300_25.0.mp4,120
Person_2,no emotion,MYS_G000011_22012021_02_5_39420_39960_Sample_433_39420_25.0.mp4,270
Person_2,no emotion,MYS_G000011_22012021_02_67_52188_52241_Sample_556_52140_25.0.mp4,25
Person_2,no emotion,MYS_G000011_22012021_02_6_39480_40020_Sample_434_39480_25.0.mp4,270
Person_2,no emotion,MYS_G000011_22012021_02_73_53452_53460_Sample_563_53160_25.0.mp4,8
Person_2,no emotion,MYS_G000011_22012021_02_7_13280_13342_Sample_113_13260_25.0.mp4,15
Person_2,no emotion,MYS_G000011_22012021_02_80_54600_54720_Sample_579_54600_25.0.mp4,60
Person_2,no emotion,MYS_G000011_22012021_02_82_5363_5409_Sample_64_5280_25.0.mp4,31
Person_2,no emotion,MYS_G000011_22012021_02_84_2760_2940_Sample_33_2760_25.0.mp4,90
Person_2,no emotion,MYS_G000011_22012021_02_95_3174_3219_Sample_36_3000_25.0.mp4,18
Person_2,no emotion,MYS_G000011_26022021_04_104_1_661_Sample_84.mp4,329
Person_2,no emotion,MYS_G000011_26022021_04_107_1_181_Sample_90.mp4,90
Person_2,no emotion,MYS_G000011_26022021_04_109_52_118_Sample_94.mp4,26
Person_2,no emotion,MYS_G000011_26022021_04_1_100_750_Sample_1.mp4,325
Person_2,no emotion,MYS_G000011_26022021_04_25_7_486_Sample_13.mp4,239
Person_2,no emotion,MYS_G000011_26022021_04_26_147_233_Sample_137.mp4,19
Person_2,no emotion,MYS_G000011_26022021_04_37_0_180_Sample_151.mp4,89
Person_2,no emotion,MYS_G000011_26022021_04_40_0_120_Sample_156.mp4,59
Person_2,no emotion,MYS_G000011_26022021_04_42_0_360_Sample_158.mp4,179
Person_2,no emotion,MYS_G000011_26022021_04_48_0_240_Sample_163.mp4,119
Person_2,no emotion,MYS_G000011_26022021_04_49_0_300_Sample_168.mp4,150
Person_2,no emotion,MYS_G000011_26022021_04_50_0_900_Sample_169.mp4,450
Person_2,no emotion,MYS_G000011_26022021_04_51_5_185_Sample_17.mp4,89
Person_2,no emotion,MYS_G000011_26022021_04_61_0_180_Sample_186.mp4,89
Person_2,no emotion,MYS_G000011_26022021_04_62_0_540_Sample_189.mp4,269
Person_2,no emotion,MYS_G000011_26022021_04_66_0_300_Sample_197.mp4,150
Person_2,no emotion,MYS_G000011_26022021_04_69_5_125_Sample_20.mp4,60
Person_2,no emotion,MYS_G000011_26022021_04_70_0_180_Sample_201.mp4,89
Person_2,no emotion,MYS_G000011_26022021_04_72_0_240_Sample_215.mp4,120
Person_2,no emotion,MYS_G000011_26022021_04_74_1_40_Sample_221.mp4,7
Person_2,no emotion,MYS_G000011_26022021_04_78_117_140_Sample_226.mp4,10
Person_2,no emotion,MYS_G000011_26022021_04_80_4_124_Sample_25.mp4,60
Person_2,no emotion,MYS_G000011_26022021_04_86_2_182_Sample_34.mp4,89
Person_2,no emotion,MYS_G000011_26022021_04_88_16_195_Sample_6.mp4,89
Person_2,no emotion,MYS_G000011_26022021_04_90_1_181_Sample_61.mp4,89
Person_2,no emotion,MYS_G000011_26022021_04_91_1_121_Sample_62.mp4,59
Person_2,no emotion,MYS_G000011_26022021_04_93_14_132_Sample_7.mp4,58
Person_2,no emotion,MYS_G000011_26022021_04_98_1_121_Sample_79.mp4,59
Person_2,no emotion,MYS_G000011_28012021_02_12_11_72_Sample_265.mp4,31
Person_2,no emotion,MYS_G000011_28012021_02_15_75_241_Sample_27.mp4,83
Person_2,no emotion,MYS_G000011_28012021_02_16_0_120_Sample_273.mp4,59
Person_2,no emotion,MYS_G000011_28012021_02_16_42_123_Sample_13.mp4,40
Person_2,no emotion,MYS_G000011_28012021_02_25_54_203_Sample_291.mp4,74
Person_2,no emotion,MYS_G000011_28012021_02_26_10_87_Sample_293.mp4,38
Person_2,no emotion,MYS_G000011_28012021_02_26_29_120_Sample_150.mp4,45
Person_2,no emotion,MYS_G000011_28012021_02_27_0_203_Sample_295.mp4,101
Person_2,no emotion,MYS_G000011_28012021_02_28_16_89_Sample_153.mp4,36
Person_2,no emotion,MYS_G000011_28012021_02_29_102_120_Sample_297.mp4,9
Person_2,no emotion,MYS_G000011_28012021_02_30_3_121_Sample_16.mp4,59
Person_2,no emotion,MYS_G000011_28012021_02_31_5_124_Sample_30.mp4,59
Person_2,no emotion,MYS_G000011_28012021_02_33_11_242_Sample_22.mp4,115
Person_2,no emotion,MYS_G000011_28012021_02_40_0_180_Sample_231.mp4,89
Person_2,no emotion,MYS_G000011_28012021_02_43_92_241_Sample_45.mp4,74
Person_2,no emotion,MYS_G000011_28012021_02_45_1_180_Sample_49.mp4,89
Person_2,no emotion,MYS_G000011_28012021_02_4_8_59_Sample_106.mp4,25
Person_2,no emotion,MYS_G000011_28012021_02_50_50_125_Sample_6.mp4,37
Person_2,no emotion,MYS_G000011_28012021_02_53_161_569_Sample_63.mp4,204
Person_2,no emotion,MYS_G000011_28012021_02_54_3_228_Sample_64.mp4,113
Person_2,no emotion,MYS_G000011_28012021_02_55_197_300_Sample_68.mp4,51
Person_2,no emotion,MYS_G000011_28012021_02_5_118_239_Sample_247.mp4,60
Person_2,no emotion,MYS_G000011_28012021_04_16_3_122_Sample_33.mp4,59
Person_2,no emotion,MYS_G000011_28012021_04_19_0_122_Sample_140.mp4,60
Person_2,no emotion,MYS_G000011_28012021_04_28_154_181_Sample_64.mp4,13
Person_2,no emotion,MYS_G000011_28012021_04_29_1_181_Sample_69.mp4,89
Person_2,no emotion,MYS_G000011_28012021_04_34_87_121_Sample_75.mp4,17
Person_2,no emotion,MYS_G000011_28012021_04_35_1_238_Sample_76.mp4,118
Person_2,no emotion,MYS_G000011_28012021_04_38_45_481_Sample_80.mp4,218
Person_2,no emotion,MYS_G000011_28012021_04_39_543_612_Sample_81.mp4,12
Person_2,no emotion,MYS_G000011_28012021_04_3_0_120_Sample_149.mp4,59
Person_2,no emotion,MYS_G000011_28012021_04_3_0_300_Sample_105.mp4,150
Person_2,no emotion,MYS_G000011_28012021_04_49_53_120_Sample_99.mp4,33
Person_2,no emotion,MYS_G000011_28012021_04_5_0_239_Sample_110.mp4,119
Person_2,no emotion,MYS_G000011_28012021_04_6_8_43_Sample_159.mp4,17
Person_2,no emotion,MYS_G000011_28012021_04_9_0_120_Sample_163.mp4,59
Person_2,no emotion,MYS_G000011_28012021_04_9_111_180_Sample_114.mp4,34
Person_20,no emotion,MYS_G000120_01052021_11_63720_64140_Sample_429_63720_25.0.mp4,210
Person_20,no emotion,MYS_G000120_01052021_11_84000_84240_Sample_550_84000_25.0.mp4,120
Person_20,no emotion,MYS_G000120_01052021_124_121620_121980_Sample_783_121620_25.0.mp4,180
Person_20,no emotion,MYS_G000120_01052021_12_23760_23880_Sample_155_23760_25.0.mp4,60
Person_20,no emotion,MYS_G000120_01052021_134_38760_39000_Sample_255_38760_25.0.mp4,120
Person_20,no emotion,MYS_G000120_01052021_151_132960_133080_Sample_854_132960_25.0.mp4,60
Person_20,no emotion,MYS_G000120_01052021_160_134280_134460_Sample_864_134280_25.0.mp4,90
Person_20,no emotion,MYS_G000120_01052021_162_136920_137100_Sample_887_136920_25.0.mp4,90
Person_20,no emotion,MYS_G000120_01052021_163_137520_137700_Sample_891_137520_25.0.mp4,90
Person_20,no emotion,MYS_G000120_01052021_166_140040_140220_Sample_903_140040_25.0.mp4,90
Person_20,no emotion,MYS_G000120_01052021_16_160140_160380_Sample_1041_160140_25.0.mp4,120
Person_20,no emotion,MYS_G000120_01052021_17_160200_160440_Sample_1042_160200_25.0.mp4,120
Person_20,no emotion,MYS_G000120_01052021_183_143460_143580_Sample_936_143460_25.0.mp4,60
Person_20,no emotion,MYS_G000120_01052021_195_146160_146280_Sample_955_146160_25.0.mp4,60
Person_20,no emotion,MYS_G000120_01052021_19_160560_160680_Sample_1044_160560_25.0.mp4,60
Person_20,no emotion,MYS_G000120_01052021_19_84300_84540_Sample_555_84300_25.0.mp4,120
Person_20,no emotion,MYS_G000120_01052021_1_0_120_Sample_0_0_25.0.mp4,60
Person_20,no emotion,MYS_G000120_01052021_1_59700_60120_Sample_400_59700_25.0.mp4,210
Person_20,no emotion,MYS_G000120_01052021_204_151200_151620_Sample_975_151200_25.0.mp4,210
Person_20,no emotion,MYS_G000120_01052021_208_151980_152160_Sample_979_151980_25.0.mp4,90
Person_20,no emotion,MYS_G000120_01052021_23_96900_97020_Sample_608_96900_25.0.mp4,60
Person_20,no emotion,MYS_G000120_01052021_26_67740_67920_Sample_455_67740_25.0.mp4,90
Person_20,no emotion,MYS_G000120_01052021_32_69000_69120_Sample_464_69000_25.0.mp4,60
Person_20,no emotion,MYS_G000120_01052021_33_177780_177960_Sample_1141_177780_25.0.mp4,90
Person_20,no emotion,MYS_G000120_01052021_39_181200_181380_Sample_1151_181200_25.0.mp4,90
Person_20,no emotion,MYS_G000120_01052021_40_182160_182640_Sample_1156_182160_25.0.mp4,240
Person_20,no emotion,MYS_G000120_01052021_48_25680_25800_Sample_169_25680_25.0.mp4,60
Person_20,no emotion,MYS_G000120_01052021_48_51420_51540_Sample_349_51420_25.0.mp4,60
Person_20,no emotion,MYS_G000120_01052021_49_25920_26340_Sample_171_25920_25.0.mp4,210
Person_20,no emotion,MYS_G000120_01052021_50_70380_70500_Sample_473_70380_25.0.mp4,60
Person_20,no emotion,MYS_G000120_01052021_53_17940_17940_Sample_117_17940_25.0.mp4,0
Person_20,no emotion,MYS_G000120_01052021_54_165300_165780_Sample_1081_165300_25.0.mp4,240
Person_20,no emotion,MYS_G000120_01052021_55_187980_188100_Sample_1177_187980_25.0.mp4,60
Person_20,no emotion,MYS_G000120_01052021_58_166440_166560_Sample_1086_166440_25.0.mp4,60
Person_20,no emotion,MYS_G000120_01052021_59_166680_166860_Sample_1087_166680_25.0.mp4,90
Person_20,no emotion,MYS_G000120_01052021_59_18180_19020_Sample_118_18180_25.0.mp4,420
Person_20,no emotion,MYS_G000120_01052021_59_4380_4860_Sample_36_4380_25.0.mp4,240
Person_20,no emotion,MYS_G000120_01052021_5_46500_46680_Sample_304_46500_25.0.mp4,90
Person_20,no emotion,MYS_G000120_01052021_60_53280_53460_Sample_360_53280_25.0.mp4,90
Person_20,no emotion,MYS_G000120_01052021_63_166920_167040_Sample_1090_166920_25.0.mp4,60
Person_20,no emotion,MYS_G000120_01052021_64_167100_167460_Sample_1091_167100_25.0.mp4,180
Person_20,no emotion,MYS_G000120_01052021_65_106320_106440_Sample_678_106320_25.0.mp4,60
Person_20,no emotion,MYS_G000120_01052021_65_190080_190800_Sample_1199_190080_25.0.mp4,360
Person_20,no emotion,MYS_G000120_01052021_66_106680_106800_Sample_680_106680_25.0.mp4,60
Person_20,no emotion,MYS_G000120_01052021_66_28680_28800_Sample_182_28680_25.0.mp4,60
Person_20,no emotion,MYS_G000120_01052021_6_82140_82440_Sample_535_82140_25.0.mp4,150
Person_20,no emotion,MYS_G000120_01052021_78_58920_59160_Sample_395_58920_25.0.mp4,120
Person_20,no emotion,MYS_G000120_01052021_7_46920_47340_Sample_306_46920_25.0.mp4,210
Person_20,no emotion,MYS_G000120_01052021_85_192120_192240_Sample_1214_192120_25.0.mp4,60
Person_20,no emotion,MYS_G000120_01052021_86_192960_193080_Sample_1216_192960_25.0.mp4,60
Person_20,no emotion,MYS_G000120_01052021_89_78600_78900_Sample_518_78600_25.0.mp4,150
Person_20,no emotion,MYS_G000120_01052021_8_83400_83520_Sample_543_83400_25.0.mp4,60
Person_20,no emotion,MYS_G000120_01052021_97_113160_113760_Sample_728_113160_25.0.mp4,300
Person_216,no emotion,MYS_G000109_08052020_01_105_70828_70860_Sample_261_70500_25.0.mp4,21
Person_216,no emotion,MYS_G000109_08052020_01_109_72720_72840_Sample_269_72720_25.0.mp4,60
Person_216,no emotion,MYS_G000109_08052020_01_111_73440_73680_Sample_275_73440_25.0.mp4,120
Person_216,no emotion,MYS_G000109_08052020_01_113_74580_74700_Sample_284_74580_25.0.mp4,60
Person_216,no emotion,MYS_G000109_08052020_01_114_75060_75180_Sample_287_75060_25.0.mp4,60
Person_216,no emotion,MYS_G000109_08052020_01_115_75660_75780_Sample_289_75660_25.0.mp4,60
Person_216,no emotion,MYS_G000109_08052020_01_118_9360_9540_Sample_3_9360_25.0.mp4,90
Person_216,no emotion,MYS_G000109_08052020_01_131_84840_84960_Sample_334_84840_25.0.mp4,60
Person_216,no emotion,MYS_G000109_08052020_01_144_87559_87626_Sample_345_87000_25.0.mp4,35
Person_216,no emotion,MYS_G000109_08052020_01_149_88494_88524_Sample_350_88020_25.0.mp4,10
Person_216,no emotion,MYS_G000109_08052020_01_155_89742_89798_Sample_356_89280_25.0.mp4,37
Person_216,no emotion,MYS_G000109_08052020_01_157_17580_17760_Sample_36_17580_25.0.mp4,90
Person_216,no emotion,MYS_G000109_08052020_01_15_36000_36180_Sample_119_36000_25.0.mp4,90
Person_216,no emotion,MYS_G000109_08052020_01_160_91560_91740_Sample_372_91560_25.0.mp4,90
Person_216,no emotion,MYS_G000109_08052020_01_16_10920_11100_Sample_12_10920_25.0.mp4,90
Person_216,no emotion,MYS_G000109_08052020_01_172_20880_21060_Sample_46_20880_25.0.mp4,90
Person_216,no emotion,MYS_G000109_08052020_01_173_21420_21540_Sample_47_21420_25.0.mp4,60
Person_216,no emotion,MYS_G000109_08052020_01_174_22053_22080_Sample_49_21660_25.0.mp4,14
Person_216,no emotion,MYS_G000109_08052020_01_177_21780_21960_Sample_51_21780_25.0.mp4,90
Person_216,no emotion,MYS_G000109_08052020_01_181_23461_23500_Sample_58_23460_25.0.mp4,15
Person_216,no emotion,MYS_G000109_08052020_01_188_26041_26070_Sample_74_25860_25.0.mp4,10
Person_216,no emotion,MYS_G000109_08052020_01_37_41280_41520_Sample_148_41280_25.0.mp4,120
Person_216,no emotion,MYS_G000109_08052020_01_63_50915_50947_Sample_182_50820_25.0.mp4,5
Person_216,no emotion,MYS_G000109_08052020_01_73_54900_55020_Sample_191_54900_25.0.mp4,60
Person_216,no emotion,MYS_G000109_08052020_01_74_56400_56520_Sample_197_56400_25.0.mp4,60
Person_216,no emotion,MYS_G000109_08052020_01_85_57780_58020_Sample_204_57780_25.0.mp4,120
Person_216,no emotion,MYS_G000109_08052020_01_98_66540_66660_Sample_245_66540_25.0.mp4,60
Person_216,no emotion,MYS_G000109_08052020_01_99_66720_66960_Sample_246_66720_25.0.mp4,120
Person_220,no emotion,MYS_G000096_04122021_01_39_5040_5277_Sample_40_5040_25.0.mp4,118
Person_220,no emotion,MYS_G000096_11122021_01_23_17880_18060_Sample_171_17880_25.0.mp4,90
Person_223,no emotion,MYS_G000109_08052020_01_100_67020_82500_Sample_249_67020_25.0.mp4,7740
Person_223,no emotion,MYS_G000109_08052020_01_123_89376_89680_Sample_318_82620_25.0.mp4,99
Person_223,no emotion,MYS_G000109_08052020_01_159_90769_90813_Sample_367_90480_25.0.mp4,17
Person_223,no emotion,MYS_G000109_08052020_01_198_32389_32625_Sample_90_30060_25.0.mp4,92
Person_223,no emotion,MYS_G000109_08052020_01_199_35366_35392_Sample_90_30060_25.0.mp4,16
Person_223,no emotion,MYS_G000109_08052020_01_25_39900_41160_Sample_136_39900_25.0.mp4,630
Person_223,no emotion,MYS_G000109_08052020_01_56_11820_13500_Sample_16_11820_25.0.mp4,840
Person_223,no emotion,MYS_G000109_08052020_01_84_9060_9360_Sample_2_9060_25.0.mp4,150
Person_223,no emotion,MYS_G000109_08052020_01_86_13620_28020_Sample_21_13620_25.0.mp4,7200
Person_224,no emotion,MYS_G000109_08052020_01_106_70920_71280_Sample_262_70920_25.0.mp4,180
Person_224,no emotion,MYS_G000109_08052020_01_107_71460_71700_Sample_266_71460_25.0.mp4,120
Person_224,no emotion,MYS_G000109_08052020_01_108_71880_73320_Sample_268_71880_25.0.mp4,720
Person_224,no emotion,MYS_G000109_08052020_01_10_34740_35220_Sample_112_34740_25.0.mp4,240
Person_224,no emotion,MYS_G000109_08052020_01_110_15900_16020_Sample_27_15900_25.0.mp4,60
Person_224,no emotion,MYS_G000109_08052020_01_112_73620_73920_Sample_277_73620_25.0.mp4,150
Person_224,no emotion,MYS_G000109_08052020_01_116_76920_77220_Sample_294_76920_25.0.mp4,150
Person_224,no emotion,MYS_G000109_08052020_01_121_80040_80160_Sample_309_80040_25.0.mp4,60
Person_224,no emotion,MYS_G000109_08052020_01_122_82380_82500_Sample_315_82380_25.0.mp4,60
Person_224,no emotion,MYS_G000109_08052020_01_127_84252_84331_Sample_326_83520_25.0.mp4,78
Person_224,no emotion,MYS_G000109_08052020_01_130_16920_17580_Sample_33_16920_25.0.mp4,330
Person_224,no emotion,MYS_G000109_08052020_01_13_35340_35460_Sample_114_35340_25.0.mp4,60
Person_224,no emotion,MYS_G000109_08052020_01_146_87120_87420_Sample_346_87120_25.0.mp4,150
Person_224,no emotion,MYS_G000109_08052020_01_14_35700_35820_Sample_117_35700_25.0.mp4,60
Person_224,no emotion,MYS_G000109_08052020_01_151_89100_89340_Sample_354_89100_25.0.mp4,120
Person_224,no emotion,MYS_G000109_08052020_01_158_90180_90300_Sample_361_90180_25.0.mp4,60
Person_224,no emotion,MYS_G000109_08052020_01_164_93000_93120_Sample_382_93000_25.0.mp4,60
Person_224,no emotion,MYS_G000109_08052020_01_166_93540_93900_Sample_385_93540_25.0.mp4,180
Person_224,no emotion,MYS_G000109_08052020_01_169_18960_20400_Sample_41_18960_25.0.mp4,720
Person_224,no emotion,MYS_G000109_08052020_01_170_20460_20820_Sample_44_20460_25.0.mp4,180
Person_224,no emotion,MYS_G000109_08052020_01_171_20880_21600_Sample_45_20880_25.0.mp4,360
Person_224,no emotion,MYS_G000109_08052020_01_176_21660_21900_Sample_50_21660_25.0.mp4,120
Person_224,no emotion,MYS_G000109_08052020_01_178_22200_22380_Sample_52_22200_25.0.mp4,90
Person_224,no emotion,MYS_G000109_08052020_01_17_36120_36540_Sample_120_36120_25.0.mp4,210
Person_224,no emotion,MYS_G000109_08052020_01_180_22920_23580_Sample_56_22920_25.0.mp4,330
Person_224,no emotion,MYS_G000109_08052020_01_182_24300_24540_Sample_64_24300_25.0.mp4,120
Person_224,no emotion,MYS_G000109_08052020_01_183_24720_24900_Sample_67_24720_25.0.mp4,90
Person_224,no emotion,MYS_G000109_08052020_01_186_25620_25740_Sample_72_25620_25.0.mp4,60
Person_224,no emotion,MYS_G000109_08052020_01_189_26520_26640_Sample_76_26520_25.0.mp4,60
Person_224,no emotion,MYS_G000109_08052020_01_18_36840_36960_Sample_122_36840_25.0.mp4,60
Person_224,no emotion,MYS_G000109_08052020_01_190_9780_10020_Sample_8_9780_25.0.mp4,120
Person_224,no emotion,MYS_G000109_08052020_01_192_29220_29400_Sample_87_29220_25.0.mp4,90
Person_224,no emotion,MYS_G000109_08052020_01_193_29520_29640_Sample_88_29520_25.0.mp4,60
Person_224,no emotion,MYS_G000109_08052020_01_19_37020_37500_Sample_123_37020_25.0.mp4,240
Person_224,no emotion,MYS_G000109_08052020_01_1_10020_10980_Sample_10_10020_25.0.mp4,480
Person_224,no emotion,MYS_G000109_08052020_01_200_31860_32040_Sample_96_31860_25.0.mp4,90
Person_224,no emotion,MYS_G000109_08052020_01_20_37740_37920_Sample_127_37740_25.0.mp4,90
Person_224,no emotion,MYS_G000109_08052020_01_22_11040_13500_Sample_13_11040_25.0.mp4,1230
Person_224,no emotion,MYS_G000109_08052020_01_24_39180_39300_Sample_132_39180_25.0.mp4,60
Person_224,no emotion,MYS_G000109_08052020_01_50_45620_45821_Sample_157_43560_25.0.mp4,186
Person_224,no emotion,MYS_G000109_08052020_01_69_13560_15840_Sample_19_13560_25.0.mp4,1140
Person_224,no emotion,MYS_G000109_08052020_01_6_33660_34140_Sample_105_33660_25.0.mp4,240
Person_224,no emotion,MYS_G000109_08052020_01_90_62220_63300_Sample_227_62220_25.0.mp4,540
Person_224,no emotion,MYS_G000109_08052020_01_91_63480_63900_Sample_231_63480_25.0.mp4,210
Person_224,no emotion,MYS_G000109_08052020_01_92_64020_64380_Sample_233_64020_25.0.mp4,180
Person_224,no emotion,MYS_G000109_08052020_01_93_65400_65760_Sample_240_65400_25.0.mp4,180
Person_224,no emotion,MYS_G000109_08052020_01_95_66000_66120_Sample_243_66000_25.0.mp4,60
Person_224,no emotion,MYS_G000109_08052020_01_9_34440_34680_Sample_111_34440_25.0.mp4,120
Person_23,no emotion,MYS_G000011_05022021_03_10_35340_35820_Sample_447_35340_25.0.mp4,240
Person_23,no emotion,MYS_G000011_05022021_03_15_35940_36120_Sample_458_35940_25.0.mp4,90
Person_23,no emotion,MYS_G000011_05022021_03_16_45720_45840_Sample_580_45720_25.0.mp4,60
Person_23,no emotion,MYS_G000011_05022021_03_23_46980_47100_Sample_592_46980_25.0.mp4,60
Person_23,no emotion,MYS_G000011_05022021_03_24_36840_36960_Sample_473_36840_25.0.mp4,60
Person_23,no emotion,MYS_G000011_05022021_03_27_47400_47580_Sample_599_47400_25.0.mp4,90
Person_23,no emotion,MYS_G000011_05022021_03_28_4500_4620_Sample_59_4500_25.0.mp4,60
Person_23,no emotion,MYS_G000011_05022021_03_32_37800_37920_Sample_485_37800_25.0.mp4,60
Person_23,no emotion,MYS_G000011_05022021_03_3_43500_43740_Sample_552_43500_25.0.mp4,120
Person_23,no emotion,MYS_G000011_05022021_03_3_8640_8820_Sample_106_8640_25.0.mp4,90
Person_23,no emotion,MYS_G000011_05022021_03_4_43911_43958_Sample_557_43860_25.0.mp4,27
Person_23,no emotion,MYS_G000011_05022021_03_52_42780_42900_Sample_541_42780_25.0.mp4,60
Person_23,no emotion,MYS_G000011_05022021_03_53_43020_43200_Sample_543_43020_25.0.mp4,90
Person_23,no emotion,MYS_G000011_05022021_03_66_22320_22440_Sample_269_22320_25.0.mp4,60
Person_23,no emotion,MYS_G000011_05022021_03_70_52750_52774_Sample_676_52680_25.0.mp4,11
Person_23,no emotion,MYS_G000011_05022021_03_75_28860_29220_Sample_362_28860_25.0.mp4,180
Person_23,no emotion,MYS_G000011_05022021_03_79_54480_54660_Sample_699_54480_25.0.mp4,90
Person_23,no emotion,MYS_G000011_05022021_03_82_29700_30000_Sample_373_29700_25.0.mp4,150
Person_23,no emotion,MYS_G000011_05022021_03_87_31080_31260_Sample_386_31080_25.0.mp4,90
Person_23,no emotion,MYS_G000011_05022021_04_39_48423_48515_Sample_541_48420_25.0.mp4,46
Person_23,no emotion,MYS_G000011_05022021_04_64_54123_54323_Sample_611_54000_25.0.mp4,100
Person_23,no emotion,MYS_G000011_05022021_04_69_54917_54974_Sample_626_54900_25.0.mp4,28
Person_232,no emotion,MYS_G000096_04122021_01_3_16153_16200_Sample_110_16080_25.0.mp4,23
Person_232,no emotion,MYS_G000096_11122021_01_33_20532_20599_Sample_196_20520_25.0.mp4,38
Person_232,no emotion,MYS_G000096_11122021_01_34_21078_21120_Sample_198_20760_25.0.mp4,18
Person_232,no emotion,MYS_G000096_11122021_01_36_21360_21600_Sample_202_21360_25.0.mp4,120
Person_232,no emotion,MYS_G000096_11122021_01_38_21960_22080_Sample_205_21960_25.0.mp4,60
Person_232,no emotion,MYS_G000096_11122021_01_63_3060_3180_Sample_37_3060_25.0.mp4,60
Person_243,no emotion,MYS_G000106_17072021_01_17_12383_12562_Sample_167_12180_25.0.mp4,89
Person_243,no emotion,MYS_G000106_17072021_01_19_12780_13137_Sample_175_12780_25.0.mp4,178
Person_243,no emotion,MYS_G000106_17072021_01_20_13980_14156_Sample_194_13980_25.0.mp4,88
Person_243,no emotion,MYS_G000106_17072021_01_23_14820_15000_Sample_205_14760_25.0.mp4,90
Person_243,no emotion,MYS_G000106_17072021_01_26_15154_15240_Sample_212_15120_25.0.mp4,43
Person_243,no emotion,MYS_G000106_17072021_01_35_35940_36257_Sample_361_35940_25.0.mp4,158
Person_26,no emotion,MYS_G000115_04042021_133_72420_72840_Sample_350_72420_25.0.mp4,210
Person_26,no emotion,MYS_G000115_04042021_134_72840_73080_Sample_353_72840_25.0.mp4,120
Person_26,no emotion,MYS_G000115_04042021_137_75060_91800_Sample_363_75060_25.0.mp4,8370
Person_26,no emotion,MYS_G000115_04042021_145_81060_81540_Sample_382_81060_25.0.mp4,240
Person_26,no emotion,MYS_G000115_04042021_17_24720_25200_Sample_118_24720_25.0.mp4,240
Person_26,no emotion,MYS_G000115_04042021_18_24840_24960_Sample_120_24840_25.0.mp4,60
Person_26,no emotion,MYS_G000115_04042021_191_103380_103800_Sample_447_103380_25.0.mp4,210
Person_26,no emotion,MYS_G000115_04042021_19_25260_25440_Sample_121_25260_25.0.mp4,90
Person_26,no emotion,MYS_G000115_04042021_202_103800_104040_Sample_450_103800_25.0.mp4,120
Person_26,no emotion,MYS_G000115_04042021_203_104220_104580_Sample_453_104220_25.0.mp4,180
Person_26,no emotion,MYS_G000115_04042021_204_104700_108360_Sample_454_104700_25.0.mp4,1830
Person_26,no emotion,MYS_G000115_04042021_209_109800_109920_Sample_469_109800_25.0.mp4,60
Person_26,no emotion,MYS_G000115_04042021_211_110400_111900_Sample_474_110400_25.0.mp4,750
Person_26,no emotion,MYS_G000115_04042021_214_112080_112320_Sample_482_112080_25.0.mp4,120
Person_26,no emotion,MYS_G000115_04042021_215_112440_112860_Sample_483_112440_25.0.mp4,210
Person_26,no emotion,MYS_G000115_04042021_216_112920_113100_Sample_484_112920_25.0.mp4,90
Person_26,no emotion,MYS_G000115_04042021_217_113160_113520_Sample_486_113160_25.0.mp4,180
Person_26,no emotion,MYS_G000115_04042021_231_113580_114180_Sample_489_113580_25.0.mp4,300
Person_26,no emotion,MYS_G000115_04042021_233_117780_117960_Sample_494_117780_25.0.mp4,90
Person_26,no emotion,MYS_G000115_04042021_235_118320_118740_Sample_498_118320_25.0.mp4,210
Person_26,no emotion,MYS_G000115_04042021_242_420_1320_Sample_8_420_25.0.mp4,450
Person_26,no emotion,MYS_G000115_04042021_243_14760_15180_Sample_84_14760_25.0.mp4,210
Person_26,no emotion,MYS_G000115_04042021_245_15480_19320_Sample_90_15480_25.0.mp4,1920
Person_26,no emotion,MYS_G000115_04042021_28_26194_26405_Sample_124_25680_25.0.mp4,62
Person_26,no emotion,MYS_G000115_04042021_29_27240_27420_Sample_131_27240_25.0.mp4,90
Person_26,no emotion,MYS_G000115_04042021_42_27420_33480_Sample_134_27420_25.0.mp4,3030
Person_26,no emotion,MYS_G000115_04042021_61_35280_37019_Sample_170_35280_25.0.mp4,869
Person_26,no emotion,MYS_G000115_04042021_75_37020_38280_Sample_184_37020_25.0.mp4,630
Person_26,no emotion,MYS_G000115_04042021_76_38280_40260_Sample_189_38280_25.0.mp4,990
Person_26,no emotion,MYS_G000115_04042021_77_42157_42367_Sample_199_40380_25.0.mp4,108
Person_26,no emotion,MYS_G000115_04042021_7_19200_20880_Sample_108_19200_25.0.mp4,840
Person_26,no emotion,MYS_G000115_04042021_92_47460_47640_Sample_241_47460_25.0.mp4,90
Person_26,no emotion,MYS_G000115_04042021_93_47760_48240_Sample_242_47760_25.0.mp4,240
Person_26,no emotion,MYS_G000115_04042021_95_48360_49080_Sample_245_48360_25.0.mp4,360
Person_26,no emotion,MYS_G000115_04042021_97_49680_50100_Sample_249_49680_25.0.mp4,210
Person_26,no emotion,MYS_G000115_11042021_1_780_900_Sample_10_780_25.0.mp4,60
Person_26,no emotion,MYS_G000115_11042021_24_59040_59160_Sample_171_59040_25.0.mp4,60
Person_26,no emotion,MYS_G000115_11042021_25_59940_61320_Sample_175_59940_25.0.mp4,690
Person_26,no emotion,MYS_G000115_11042021_28_60780_61200_Sample_178_60780_25.0.mp4,210
Person_26,no emotion,MYS_G000115_11042021_29_62280_62400_Sample_182_62280_25.0.mp4,60
Person_26,no emotion,MYS_G000115_11042021_2_960_1140_Sample_11_960_25.0.mp4,90
Person_26,no emotion,MYS_G000115_11042021_5_56940_57300_Sample_159_56940_25.0.mp4,180
Person_26,no emotion,MYS_G000115_11042021_64_4980_5700_Sample_29_4980_25.0.mp4,360
Person_26,no emotion,MYS_G000115_11042021_76_136680_137160_Sample_434_136680_25.0.mp4,240
Person_26,no emotion,MYS_G000115_11042021_78_8580_8700_Sample_48_8580_25.0.mp4,60
Person_26,no emotion,MYS_G000115_18042021_1_780_900_Sample_10_780_25.0.mp4,60
Person_26,no emotion,MYS_G000115_18042021_21_59940_61320_Sample_175_59940_25.0.mp4,690
Person_26,no emotion,MYS_G000115_18042021_23_61680_61800_Sample_181_61680_25.0.mp4,60
Person_26,no emotion,MYS_G000115_18042021_24_62280_62400_Sample_182_62280_25.0.mp4,60
Person_26,no emotion,MYS_G000115_18042021_2_960_1140_Sample_11_960_25.0.mp4,90
Person_26,no emotion,MYS_G000115_18042021_84_136680_137160_Sample_434_136680_25.0.mp4,240
Person_26,no emotion,MYS_G000115_18042021_87_8580_8700_Sample_48_8580_25.0.mp4,60
Person_3,no emotion,MYS_G000010_02042021_01_107_42625_42717_Sample_489_42540_25.0.mp4,46
Person_3,no emotion,MYS_G000010_02042021_01_153_48812_48895_Sample_574_48780_25.0.mp4,41
Person_3,no emotion,MYS_G000010_02042021_01_163_51180_51267_Sample_610_51180_25.0.mp4,43
Person_3,no emotion,MYS_G000010_02042021_01_166_51605_51824_Sample_619_51600_25.0.mp4,109
Person_3,no emotion,MYS_G000010_02042021_01_170_51908_51984_Sample_627_51900_25.0.mp4,38
Person_3,no emotion,MYS_G000010_02042021_01_33_19311_19377_Sample_208_19260_25.0.mp4,33
Person_3,no emotion,MYS_G000010_02042021_01_96_40920_41017_Sample_469_40920_25.0.mp4,48
Person_3,no emotion,MYS_G000010_02042021_02_156_32940_33060_Sample_422_32940_25.0.mp4,60
Person_3,no emotion,MYS_G000010_02042021_02_160_34380_34500_Sample_434_34380_25.0.mp4,60
Person_3,no emotion,MYS_G000010_02042021_02_194_43920_44100_Sample_547_43920_25.0.mp4,90
Person_3,no emotion,MYS_G000010_02042021_02_195_43980_44160_Sample_548_43980_25.0.mp4,90
Person_3,no emotion,MYS_G000010_02042021_02_199_44280_44400_Sample_551_44280_25.0.mp4,60
Person_3,no emotion,MYS_G000010_02042021_02_203_49260_49740_Sample_618_49260_25.0.mp4,240
Person_3,no emotion,MYS_G000010_02042021_02_204_6240_6360_Sample_63_6240_25.0.mp4,60
Person_3,no emotion,MYS_G000010_02042021_02_206_6937_7009_Sample_66_6420_25.0.mp4,40
Person_3,no emotion,MYS_G000010_02042021_02_219_53580_53880_Sample_691_53580_25.0.mp4,150
Person_3,no emotion,MYS_G000010_02042021_02_240_7560_8400_Sample_76_7560_25.0.mp4,420
Person_3,no emotion,MYS_G000010_02042021_02_50_18480_18660_Sample_228_18480_25.0.mp4,90
Person_3,no emotion,MYS_G000010_02042021_02_56_18960_19080_Sample_234_18960_25.0.mp4,60
Person_3,no emotion,MYS_G000010_02042021_02_90_24060_24180_Sample_301_24060_25.0.mp4,60
Person_3,no emotion,MYS_G000010_02042021_03_21_13500_13860_Sample_151_13500_25.0.mp4,180
Person_3,no emotion,MYS_G000010_02042021_03_85_47100_47280_Sample_658_47100_25.0.mp4,90
Person_3,no emotion,MYS_G000010_02042021_03_94_47940_48120_Sample_669_47940_25.0.mp4,90
Person_3,no emotion,MYS_G000010_02042021_03_96_48840_48960_Sample_680_48840_25.0.mp4,60
Person_3,no emotion,MYS_G000010_02042021_03_97_49320_49440_Sample_686_49320_25.0.mp4,60
Person_3,no emotion,MYS_G000010_02042021_03_99_49560_49680_Sample_689_49560_25.0.mp4,60
Person_3,no emotion,MYS_G000010_02042021_04_117_52879_53183_Sample_664_52860_25.0.mp4,152
Person_3,no emotion,MYS_G000010_02042021_04_12_8178_8453_Sample_123_8160_25.0.mp4,137
Person_3,no emotion,MYS_G000010_02042021_04_15_25020_25261_Sample_331_25020_25.0.mp4,120
Person_3,no emotion,MYS_G000010_02042021_04_30_2162_2341_Sample_38_2160_25.0.mp4,89
Person_3,no emotion,MYS_G000010_02042021_04_36_32106_32169_Sample_417_32100_25.0.mp4,31
Person_3,no emotion,MYS_G000010_02042021_04_44_33970_34165_Sample_439_33960_25.0.mp4,97
Person_3,no emotion,MYS_G000010_02042021_04_48_34267_34321_Sample_444_34260_25.0.mp4,27
Person_3,no emotion,MYS_G000010_02042021_04_54_35828_35981_Sample_459_35820_25.0.mp4,76
Person_3,no emotion,MYS_G000010_02042021_04_58_37606_37640_Sample_476_37380_25.0.mp4,11
Person_3,no emotion,MYS_G000010_02042021_04_64_21145_21237_Sample_295_21000_25.0.mp4,46
Person_3,no emotion,MYS_G000010_05032021_01_13_17760_17945_Sample_128_17760_25.0.mp4,92
Person_3,no emotion,MYS_G000010_05032021_01_16_21060_21246_Sample_151_21060_25.0.mp4,93
Person_3,no emotion,MYS_G000010_05032021_01_36_32464_32505_Sample_222_31380_25.0.mp4,8
Person_3,no emotion,MYS_G000010_05032021_01_58_40679_40725_Sample_288_40620_25.0.mp4,23
Person_3,no emotion,MYS_G000010_05032021_01_5_14880_14960_Sample_110_14880_25.0.mp4,40
Person_3,no emotion,MYS_G000010_05032021_01_8_16156_16237_Sample_119_16140_25.0.mp4,40
Person_3,no emotion,MYS_G000010_05032021_01_99_9723_9837_Sample_68_9240_25.0.mp4,57
Person_3,no emotion,MYS_G000010_05032021_02_107_53839_53887_Sample_386_53700_25.0.mp4,24
Person_3,no emotion,MYS_G000010_05032021_02_118_15373_15440_Sample_63_15240_25.0.mp4,33
Person_3,no emotion,MYS_G000010_05032021_02_120_15928_16024_Sample_67_15900_25.0.mp4,48
Person_3,no emotion,MYS_G000010_05032021_02_123_16547_16599_Sample_71_16500_25.0.mp4,26
Person_3,no emotion,MYS_G000010_05032021_02_23_31268_31382_Sample_198_31260_25.0.mp4,57
Person_3,no emotion,MYS_G000010_05032021_02_31_32762_32834_Sample_216_32760_25.0.mp4,36
Person_3,no emotion,MYS_G000010_05032021_02_43_36837_36954_Sample_242_36780_25.0.mp4,58
Person_3,no emotion,MYS_G000010_05032021_02_50_38348_38435_Sample_254_38340_25.0.mp4,43
Person_3,no emotion,MYS_G000010_05032021_02_57_39343_39471_Sample_263_39120_25.0.mp4,64
Person_3,no emotion,MYS_G000010_05032021_02_63_40927_41014_Sample_277_40920_25.0.mp4,43
Person_3,no emotion,MYS_G000010_05032021_02_79_44533_44608_Sample_313_44520_25.0.mp4,37
Person_3,no emotion,MYS_G000010_05032021_02_86_46569_46642_Sample_337_46560_25.0.mp4,36
Person_3,no emotion,MYS_G000010_05032021_02_87_46958_47076_Sample_339_46860_25.0.mp4,59
Person_3,no emotion,MYS_G000010_12032021_01_12_24000_24120_Sample_143_24000_25.0.mp4,60
Person_3,no emotion,MYS_G000010_12032021_01_1_1144_1221_Sample_10_1140_25.0.mp4,33
Person_3,no emotion,MYS_G000010_12032021_01_23_30780_30822_Sample_175_30780_25.0.mp4,8
Person_3,no emotion,MYS_G000011_15022021_01_11_0_177_Sample_115.mp4,88
Person_3,no emotion,MYS_G000011_15022021_01_26_0_360_Sample_74.mp4,179
Person_3,no emotion,MYS_G000011_15022021_01_27_0_120_Sample_77.mp4,59
Person_3,no emotion,MYS_G000011_15022021_01_28_0_720_Sample_137.mp4,359
Person_3,no emotion,MYS_G000011_15022021_01_29_0_120_Sample_83.mp4,59
Person_3,no emotion,MYS_G000011_15022021_01_30_0_360_Sample_87.mp4,179
Person_3,no emotion,MYS_G000011_15022021_01_33_0_240_Sample_144.mp4,119
Person_3,no emotion,MYS_G000011_15022021_01_47_0_117_Sample_176.mp4,58
Person_3,no emotion,MYS_G000011_15022021_01_57_0_120_Sample_191.mp4,59
Person_3,no emotion,MYS_G000011_15022021_01_64_0_120_Sample_214.mp4,59
Person_3,no emotion,MYS_G000011_15022021_01_74_0_300_Sample_259.mp4,150
Person_3,no emotion,MYS_G000011_15022021_01_75_0_120_Sample_262.mp4,59
Person_3,no emotion,MYS_G000011_15022021_02_10_1_121_Sample_38.mp4,59
Person_3,no emotion,MYS_G000011_15022021_02_14_0_120_Sample_161.mp4,59
Person_3,no emotion,MYS_G000011_15022021_02_15_0_180_Sample_168.mp4,89
Person_3,no emotion,MYS_G000011_15022021_02_17_0_180_Sample_173.mp4,89
Person_3,no emotion,MYS_G000011_15022021_02_18_0_180_Sample_396.mp4,89
Person_3,no emotion,MYS_G000011_15022021_02_19_64_98_Sample_176.mp4,13
Person_3,no emotion,MYS_G000011_15022021_02_20_1_121_Sample_40.mp4,60
Person_3,no emotion,MYS_G000011_15022021_02_25_0_120_Sample_185.mp4,60
Person_3,no emotion,MYS_G000011_15022021_02_26_0_120_Sample_405.mp4,60
Person_3,no emotion,MYS_G000011_15022021_02_35_0_360_Sample_424.mp4,179
Person_3,no emotion,MYS_G000011_15022021_02_36_0_25_Sample_214.mp4,12
Person_3,no emotion,MYS_G000011_15022021_02_40_1_121_Sample_44.mp4,59
Person_3,no emotion,MYS_G000011_15022021_02_41_80_140_Sample_226.mp4,17
Person_3,no emotion,MYS_G000011_15022021_02_44_0_180_Sample_232.mp4,89
Person_3,no emotion,MYS_G000011_15022021_02_50_0_180_Sample_481.mp4,89
Person_3,no emotion,MYS_G000011_15022021_02_52_0_180_Sample_492.mp4,89
Person_3,no emotion,MYS_G000011_15022021_02_56_0_600_Sample_275.mp4,300
Person_3,no emotion,MYS_G000011_15022021_02_59_0_300_Sample_283.mp4,150
Person_3,no emotion,MYS_G000011_15022021_02_62_0_2640_Sample_296.mp4,1319
Person_3,no emotion,MYS_G000011_15022021_02_64_0_120_Sample_528.mp4,59
Person_3,no emotion,MYS_G000011_15022021_02_66_0_300_Sample_56.mp4,150
Person_3,no emotion,MYS_G000011_15022021_02_68_1_93_Sample_325.mp4,59
Person_3,no emotion,MYS_G000011_15022021_02_70_0_120_Sample_330.mp4,60
Person_3,no emotion,MYS_G000011_15022021_02_77_0_240_Sample_81.mp4,119
Person_3,no emotion,MYS_G000011_15022021_02_78_0_420_Sample_84.mp4,209
Person_3,no emotion,MYS_G000011_15022021_02_7_0_120_Sample_373.mp4,59
Person_3,no emotion,MYS_G000011_15022021_02_8_0_120_Sample_137.mp4,59
Person_3,no emotion,MYS_G000011_15022021_02_9_0_180_Sample_139.mp4,89
Person_3,no emotion,MYS_G000011_15022021_02_9_0_480_Sample_379.mp4,239
Person_3,no emotion,MYS_G000011_15022021_03_102_104_183_Sample_6.mp4,63
Person_3,no emotion,MYS_G000011_15022021_03_103_44_120_Sample_344.mp4,37
Person_3,no emotion,MYS_G000011_15022021_03_110_1_118_Sample_75.mp4,58
Person_3,no emotion,MYS_G000011_15022021_03_114_0_120_Sample_88.mp4,59
Person_3,no emotion,MYS_G000011_15022021_03_120_0_298_Sample_99.mp4,148
Person_3,no emotion,MYS_G000011_15022021_03_33_154_241_Sample_424.mp4,43
Person_3,no emotion,MYS_G000011_15022021_03_37_87_271_Sample_433.mp4,92
Person_3,no emotion,MYS_G000011_15022021_03_59_0_40_Sample_224.mp4,20
Person_3,no emotion,MYS_G000011_15022021_03_60_0_211_Sample_229.mp4,105
Person_3,no emotion,MYS_G000011_15022021_03_61_3_122_Sample_23.mp4,59
Person_3,no emotion,MYS_G000011_15022021_03_62_0_178_Sample_235.mp4,89
Person_3,no emotion,MYS_G000011_15022021_03_66_0_180_Sample_248.mp4,89
Person_3,no emotion,MYS_G000011_15022021_03_67_0_180_Sample_249.mp4,89
Person_3,no emotion,MYS_G000011_15022021_03_71_0_370_Sample_260.mp4,185
Person_3,no emotion,MYS_G000011_15022021_03_74_0_72_Sample_267.mp4,35
Person_3,no emotion,MYS_G000011_15022021_03_76_0_300_Sample_272.mp4,150
Person_3,no emotion,MYS_G000011_15022021_03_95_2_1339_Sample_32.mp4,668
Person_3,no emotion,MYS_G000011_15022021_03_98_0_237_Sample_325.mp4,118
Person_3,no emotion,MYS_G000011_15022021_04_37_1_178_Sample_87.mp4,88
Person_3,no emotion,MYS_G000011_22012021_02_13_18300_18480_Sample_157_18300_25.0.mp4,90
Person_3,no emotion,MYS_G000011_22012021_02_27_20880_21000_Sample_191_20880_25.0.mp4,60
Person_3,no emotion,MYS_G000011_22012021_02_2_11553_11581_Sample_106_11520_25.0.mp4,17
Person_3,no emotion,MYS_G000011_22012021_02_31_21480_21780_Sample_202_21480_25.0.mp4,150
Person_3,no emotion,MYS_G000011_22012021_02_33_43380_43500_Sample_479_43380_25.0.mp4,60
Person_3,no emotion,MYS_G000011_22012021_02_38_22680_22800_Sample_216_22680_25.0.mp4,60
Person_3,no emotion,MYS_G000011_22012021_02_38_45720_45741_Sample_500_45720_25.0.mp4,4
Person_3,no emotion,MYS_G000011_22012021_02_41_25020_25560_Sample_235_25020_25.0.mp4,270
Person_3,no emotion,MYS_G000011_22012021_02_43_25620_25740_Sample_238_25620_25.0.mp4,60
Person_3,no emotion,MYS_G000011_22012021_02_47_25920_26100_Sample_244_25920_25.0.mp4,90
Person_3,no emotion,MYS_G000011_22012021_02_57_28982_29024_Sample_269_28020_25.0.mp4,6
Person_3,no emotion,MYS_G000011_22012021_02_59_2312_2364_Sample_26_2280_25.0.mp4,16
Person_3,no emotion,MYS_G000011_22012021_02_60_49223_49320_Sample_531_48360_25.0.mp4,33
Person_3,no emotion,MYS_G000011_22012021_02_61_49498_49514_Sample_540_49380_25.0.mp4,7
Person_3,no emotion,MYS_G000011_22012021_02_62_49521_49538_Sample_540_49380_25.0.mp4,7
Person_3,no emotion,MYS_G000011_22012021_02_63_49862_49890_Sample_544_49740_25.0.mp4,8
Person_3,no emotion,MYS_G000011_22012021_02_75_53601_53636_Sample_565_53340_25.0.mp4,16
Person_3,no emotion,MYS_G000011_22012021_02_76_53733_53757_Sample_565_53340_25.0.mp4,7
Person_3,no emotion,MYS_G000011_22012021_02_85_6900_7860_Sample_79_6900_25.0.mp4,480
Person_3,no emotion,MYS_G000011_22012021_02_9_14160_14280_Sample_120_14160_25.0.mp4,60
Person_3,no emotion,MYS_G000011_26022021_04_111_1_121_Sample_95.mp4,60
Person_3,no emotion,MYS_G000011_26022021_04_15_0_300_Sample_118.mp4,150
Person_3,no emotion,MYS_G000011_26022021_04_28_0_540_Sample_138.mp4,269
Person_3,no emotion,MYS_G000011_26022021_04_35_370_482_Sample_149.mp4,17
Person_3,no emotion,MYS_G000011_26022021_04_41_0_180_Sample_157.mp4,89
Person_3,no emotion,MYS_G000011_26022021_04_64_0_120_Sample_194.mp4,59
Person_3,no emotion,MYS_G000011_26022021_04_67_0_240_Sample_198.mp4,119
Person_3,no emotion,MYS_G000011_26022021_04_73_0_420_Sample_216.mp4,209
Person_30,no emotion,MYS_G000096_11122021_01_15_15540_17100_Sample_147_15540_25.0.mp4,780
Person_30,no emotion,MYS_G000096_11122021_01_1_353_399_Sample_0_0_25.0.mp4,29
Person_30,no emotion,MYS_G000096_11122021_01_21_17100_19200_Sample_161_17100_25.0.mp4,1050
Person_30,no emotion,MYS_G000096_11122021_01_5_11160_11757_Sample_112_11160_25.0.mp4,298
Person_30,no emotion,MYS_G000096_11122021_01_94_5880_6120_Sample_67_5880_25.0.mp4,120
Person_30,no emotion,MYS_G000096_11122021_01_9_14578_14616_Sample_133_14340_25.0.mp4,20
Person_35,no emotion,MYS_G000115_02052021_10_25525_25631_Sample_115_24960_25.0.mp4,42
Person_35,no emotion,MYS_G000115_02052021_117_64380_64500_Sample_301_64380_25.0.mp4,60
Person_35,no emotion,MYS_G000115_02052021_118_67020_67200_Sample_312_67020_25.0.mp4,90
Person_35,no emotion,MYS_G000115_02052021_125_69662_69703_Sample_329_69660_25.0.mp4,26
Person_35,no emotion,MYS_G000115_02052021_126_70098_70205_Sample_330_69780_25.0.mp4,29
Person_35,no emotion,MYS_G000115_02052021_130_72034_72089_Sample_336_71340_25.0.mp4,20
Person_35,no emotion,MYS_G000115_02052021_131_72821_72840_Sample_343_72660_25.0.mp4,13
Person_35,no emotion,MYS_G000115_02052021_132_72869_72937_Sample_344_72840_25.0.mp4,13
Person_35,no emotion,MYS_G000115_02052021_149_77521_77551_Sample_363_77520_25.0.mp4,10
Person_35,no emotion,MYS_G000115_02052021_152_80100_80220_Sample_374_80100_25.0.mp4,60
Person_35,no emotion,MYS_G000115_02052021_153_80280_83759_Sample_375_80280_25.0.mp4,1739
Person_35,no emotion,MYS_G000115_02052021_154_83820_85320_Sample_381_83820_25.0.mp4,750
Person_35,no emotion,MYS_G000115_02052021_174_94583_94642_Sample_406_91440_25.0.mp4,32
Person_35,no emotion,MYS_G000115_02052021_175_95106_95177_Sample_406_91440_25.0.mp4,35
Person_35,no emotion,MYS_G000115_02052021_1_20678_20708_Sample_100_20640_25.0.mp4,17
Person_35,no emotion,MYS_G000115_02052021_27_31920_32040_Sample_138_31920_25.0.mp4,60
Person_35,no emotion,MYS_G000115_02052021_29_33180_33300_Sample_144_33180_25.0.mp4,60
Person_35,no emotion,MYS_G000115_02052021_2_20716_20760_Sample_100_20640_25.0.mp4,17
Person_35,no emotion,MYS_G000115_02052021_30_34682_34741_Sample_154_34680_25.0.mp4,16
Person_35,no emotion,MYS_G000115_02052021_33_35251_35331_Sample_154_34680_25.0.mp4,25
Person_35,no emotion,MYS_G000115_02052021_34_35400_35580_Sample_156_35400_25.0.mp4,90
Person_35,no emotion,MYS_G000115_02052021_35_35640_35760_Sample_158_35640_25.0.mp4,60
Person_35,no emotion,MYS_G000115_02052021_39_37348_37440_Sample_166_37080_25.0.mp4,52
Person_35,no emotion,MYS_G000115_02052021_3_20820_21240_Sample_102_20820_25.0.mp4,210
Person_35,no emotion,MYS_G000115_02052021_41_3338_3404_Sample_17_3000_25.0.mp4,29
Person_35,no emotion,MYS_G000115_02052021_42_10482_10505_Sample_49_9540_25.0.mp4,12
Person_35,no emotion,MYS_G000115_02052021_42_3477_3564_Sample_17_3000_25.0.mp4,31
Person_35,no emotion,MYS_G000115_02052021_43_10604_10674_Sample_49_9540_25.0.mp4,19
Person_35,no emotion,MYS_G000115_02052021_48_11657_11727_Sample_55_11040_25.0.mp4,45
Person_35,no emotion,MYS_G000115_02052021_48_40260_40380_Sample_184_40260_25.0.mp4,60
Person_35,no emotion,MYS_G000115_02052021_49_11735_11775_Sample_55_11040_25.0.mp4,24
Person_35,no emotion,MYS_G000115_02052021_49_40500_40920_Sample_186_40500_25.0.mp4,210
Person_35,no emotion,MYS_G000115_02052021_4_22620_22980_Sample_107_22620_25.0.mp4,180
Person_35,no emotion,MYS_G000115_02052021_50_11775_11816_Sample_55_11040_25.0.mp4,11
Person_35,no emotion,MYS_G000115_02052021_50_40980_41220_Sample_188_40980_25.0.mp4,120
Person_35,no emotion,MYS_G000115_02052021_51_12023_12038_Sample_63_11940_25.0.mp4,6
Person_35,no emotion,MYS_G000115_02052021_52_12068_12111_Sample_63_11940_25.0.mp4,16
Person_35,no emotion,MYS_G000115_02052021_53_12113_12137_Sample_63_11940_25.0.mp4,11
Person_35,no emotion,MYS_G000115_02052021_54_12137_12148_Sample_63_11940_25.0.mp4,3
Person_35,no emotion,MYS_G000115_02052021_55_12151_12176_Sample_63_11940_25.0.mp4,15
Person_35,no emotion,MYS_G000115_02052021_56_12418_12473_Sample_64_12360_25.0.mp4,26
Person_35,no emotion,MYS_G000115_02052021_58_43320_43440_Sample_206_43320_25.0.mp4,60
Person_35,no emotion,MYS_G000115_02052021_60_43560_43980_Sample_208_43560_25.0.mp4,210
Person_35,no emotion,MYS_G000115_02052021_64_12961_12999_Sample_65_12420_25.0.mp4,18
Person_35,no emotion,MYS_G000115_02052021_67_47040_47580_Sample_220_47040_25.0.mp4,270
Person_35,no emotion,MYS_G000115_02052021_68_47646_47689_Sample_222_47460_25.0.mp4,14
Person_35,no emotion,MYS_G000115_02052021_69_13980_14280_Sample_72_13980_25.0.mp4,150
Person_35,no emotion,MYS_G000115_02052021_70_14580_14760_Sample_77_14580_25.0.mp4,90
Person_35,no emotion,MYS_G000115_02052021_73_17160_17280_Sample_87_17160_25.0.mp4,60
Person_35,no emotion,MYS_G000115_02052021_74_17820_18000_Sample_88_17820_25.0.mp4,90
Person_35,no emotion,MYS_G000115_02052021_75_1832_1885_Sample_9_1800_25.0.mp4,32
Person_35,no emotion,MYS_G000115_02052021_78_18832_18871_Sample_94_18660_25.0.mp4,17
Person_35,no emotion,MYS_G000115_02052021_80_19397_19462_Sample_94_18660_25.0.mp4,22
Person_35,no emotion,MYS_G000115_02052021_81_19528_19560_Sample_94_18660_25.0.mp4,10
Person_35,no emotion,MYS_G000115_02052021_82_19560_19740_Sample_96_19560_25.0.mp4,90
Person_35,no emotion,MYS_G000115_02052021_82_51720_51840_Sample_244_51720_25.0.mp4,60
Person_35,no emotion,MYS_G000115_02052021_83_20398_20436_Sample_98_20040_25.0.mp4,18
Person_35,no emotion,MYS_G000115_02052021_83_51900_52020_Sample_247_51900_25.0.mp4,60
Person_35,no emotion,MYS_G000115_02052021_85_52620_54180_Sample_254_52620_25.0.mp4,780
Person_35,no emotion,MYS_G000115_02052021_87_5880_6360_Sample_26_5880_25.0.mp4,240
Person_35,no emotion,MYS_G000115_02052021_88_55440_55860_Sample_262_55440_25.0.mp4,210
Person_35,no emotion,MYS_G000115_02052021_89_56940_57240_Sample_266_56940_25.0.mp4,150
Person_35,no emotion,MYS_G000115_02052021_91_58440_58560_Sample_273_58440_25.0.mp4,60
Person_35,no emotion,MYS_G000115_02052021_96_60722_60837_Sample_283_60540_25.0.mp4,68
Person_35,no emotion,MYS_G000115_02052021_9_25150_25221_Sample_115_24960_25.0.mp4,19
Person_35,no emotion,MYS_G000115_04042021_120_72281_72313_Sample_334_65040_25.0.mp4,9
Person_35,no emotion,MYS_G000115_04042021_12_23812_23852_Sample_111_19740_25.0.mp4,14
Person_35,no emotion,MYS_G000115_04042021_138_77821_77849_Sample_372_77820_25.0.mp4,5
Person_35,no emotion,MYS_G000115_04042021_139_77913_77954_Sample_372_77820_25.0.mp4,20
Person_35,no emotion,MYS_G000115_04042021_140_78130_78178_Sample_372_77820_25.0.mp4,11
Person_35,no emotion,MYS_G000115_04042021_142_78303_78352_Sample_372_77820_25.0.mp4,21
Person_35,no emotion,MYS_G000115_04042021_146_83340_83460_Sample_390_83340_25.0.mp4,60
Person_35,no emotion,MYS_G000115_04042021_148_84720_85020_Sample_396_84720_25.0.mp4,150
Person_35,no emotion,MYS_G000115_04042021_149_87427_87544_Sample_397_85080_25.0.mp4,68
Person_35,no emotion,MYS_G000115_04042021_14_24317_24355_Sample_116_24300_25.0.mp4,12
Person_35,no emotion,MYS_G000115_04042021_152_90274_90366_Sample_409_89520_25.0.mp4,49
Person_35,no emotion,MYS_G000115_04042021_153_90627_90696_Sample_409_89520_25.0.mp4,49
Person_35,no emotion,MYS_G000115_04042021_154_90696_90729_Sample_409_89520_25.0.mp4,9
Person_35,no emotion,MYS_G000115_04042021_157_90637_90699_Sample_414_90480_25.0.mp4,45
Person_35,no emotion,MYS_G000115_04042021_158_90699_90718_Sample_414_90480_25.0.mp4,7
Person_35,no emotion,MYS_G000115_04042021_15_24545_24583_Sample_116_24300_25.0.mp4,16
Person_35,no emotion,MYS_G000115_04042021_162_91232_91271_Sample_414_90480_25.0.mp4,17
Person_35,no emotion,MYS_G000115_04042021_166_93305_93355_Sample_418_91080_25.0.mp4,20
Person_35,no emotion,MYS_G000115_04042021_16_24548_24587_Sample_117_24480_25.0.mp4,15
Person_35,no emotion,MYS_G000115_04042021_200_107971_108058_Sample_449_103560_25.0.mp4,25
Person_35,no emotion,MYS_G000115_04042021_206_108960_109140_Sample_465_108960_25.0.mp4,90
Person_35,no emotion,MYS_G000115_04042021_207_109200_109440_Sample_467_109200_25.0.mp4,120
Person_35,no emotion,MYS_G000115_04042021_208_109560_109860_Sample_468_109560_25.0.mp4,150
Person_35,no emotion,MYS_G000115_04042021_210_109920_110820_Sample_471_109920_25.0.mp4,450
Person_35,no emotion,MYS_G000115_04042021_213_111940_112013_Sample_478_111480_25.0.mp4,37
Person_35,no emotion,MYS_G000115_04042021_219_115233_115270_Sample_487_113220_25.0.mp4,19
Person_35,no emotion,MYS_G000115_04042021_237_11100_11220_Sample_58_11100_25.0.mp4,60
Person_35,no emotion,MYS_G000115_04042021_246_16260_16680_Sample_94_16260_25.0.mp4,210
Person_35,no emotion,MYS_G000115_04042021_247_16800_17100_Sample_97_16800_25.0.mp4,150
Person_35,no emotion,MYS_G000115_04042021_248_17220_17760_Sample_98_17220_25.0.mp4,270
Person_35,no emotion,MYS_G000115_04042021_30_27535_27619_Sample_133_27360_25.0.mp4,20
Person_35,no emotion,MYS_G000115_04042021_38_28883_28933_Sample_133_27360_25.0.mp4,18
Person_35,no emotion,MYS_G000115_04042021_39_28928_28990_Sample_133_27360_25.0.mp4,19
Person_35,no emotion,MYS_G000115_04042021_40_28987_29006_Sample_133_27360_25.0.mp4,10
Person_35,no emotion,MYS_G000115_04042021_50_28904_28923_Sample_135_27660_25.0.mp4,9
Person_35,no emotion,MYS_G000115_04042021_51_28931_28979_Sample_135_27660_25.0.mp4,9
Person_35,no emotion,MYS_G000115_04042021_52_28986_29008_Sample_135_27660_25.0.mp4,11
Person_35,no emotion,MYS_G000115_04042021_54_29365_29420_Sample_141_29340_25.0.mp4,25
Person_35,no emotion,MYS_G000115_04042021_55_29407_29459_Sample_141_29340_25.0.mp4,14
Person_35,no emotion,MYS_G000115_04042021_56_29640_30659_Sample_143_29640_25.0.mp4,509
Person_35,no emotion,MYS_G000115_04042021_58_31668_31723_Sample_149_30900_25.0.mp4,27
Person_35,no emotion,MYS_G000115_04042021_62_36385_36481_Sample_173_35280_25.0.mp4,62
Person_35,no emotion,MYS_G000115_04042021_63_36734_36775_Sample_178_36600_25.0.mp4,16
Person_35,no emotion,MYS_G000115_04042021_64_36961_36979_Sample_182_36960_25.0.mp4,6
Person_35,no emotion,MYS_G000115_04042021_65_37190_37239_Sample_182_36960_25.0.mp4,21
Person_35,no emotion,MYS_G000115_04042021_66_37349_37409_Sample_182_36960_25.0.mp4,32
Person_35,no emotion,MYS_G000115_04042021_67_37393_37411_Sample_182_36960_25.0.mp4,6
Person_35,no emotion,MYS_G000115_04042021_69_37631_37722_Sample_182_36960_25.0.mp4,33
Person_35,no emotion,MYS_G000115_04042021_6_18540_19440_Sample_103_18540_25.0.mp4,450
Person_35,no emotion,MYS_G000115_04042021_70_39826_39913_Sample_182_36960_25.0.mp4,45
Person_35,no emotion,MYS_G000115_04042021_71_40500_40574_Sample_182_36960_25.0.mp4,46
Person_35,no emotion,MYS_G000115_04042021_80_0_120_Sample_2_0_25.0.mp4,60
Person_35,no emotion,MYS_G000115_04042021_81_41627_41731_Sample_201_41520_25.0.mp4,57
Person_35,no emotion,MYS_G000115_04042021_82_41809_41911_Sample_201_41520_25.0.mp4,55
Person_35,no emotion,MYS_G000115_04042021_86_42459_42526_Sample_201_41520_25.0.mp4,33
Person_35,no emotion,MYS_G000115_04042021_94_48571_48632_Sample_244_48240_25.0.mp4,25
Person_35,no emotion,MYS_G000115_04042021_96_48660_49560_Sample_246_48660_25.0.mp4,450
Person_35,no emotion,MYS_G000115_09052021_104_109440_109521_Sample_368_109440_25.0.mp4,40
Person_35,no emotion,MYS_G000115_09052021_107_110561_110663_Sample_372_110340_25.0.mp4,51
Person_35,no emotion,MYS_G000115_09052021_108_111025_111061_Sample_373_111000_25.0.mp4,18
Person_35,no emotion,MYS_G000115_09052021_109_111471_111529_Sample_374_111300_25.0.mp4,29
Person_35,no emotion,MYS_G000115_09052021_114_116771_116994_Sample_384_114240_25.0.mp4,111
Person_35,no emotion,MYS_G000115_09052021_115_117620_117723_Sample_389_117600_25.0.mp4,51
Person_35,no emotion,MYS_G000115_09052021_116_119134_119210_Sample_391_118740_25.0.mp4,38
Person_35,no emotion,MYS_G000115_09052021_117_120132_120217_Sample_393_119700_25.0.mp4,42
Person_35,no emotion,MYS_G000115_09052021_119_123063_123117_Sample_403_122760_25.0.mp4,27
Person_35,no emotion,MYS_G000115_09052021_120_124453_124572_Sample_406_124440_25.0.mp4,59
Person_35,no emotion,MYS_G000115_09052021_121_126642_126991_Sample_411_126000_25.0.mp4,174
Person_35,no emotion,MYS_G000115_09052021_125_127763_128147_Sample_415_127320_25.0.mp4,192
Person_35,no emotion,MYS_G000115_09052021_128_129249_129396_Sample_419_128760_25.0.mp4,73
Person_35,no emotion,MYS_G000115_09052021_130_131169_131201_Sample_429_131160_25.0.mp4,16
Person_35,no emotion,MYS_G000115_09052021_132_131723_131810_Sample_432_131520_25.0.mp4,43
Person_35,no emotion,MYS_G000115_09052021_134_132757_132780_Sample_437_132720_25.0.mp4,11
Person_35,no emotion,MYS_G000115_09052021_135_133043_133067_Sample_438_132900_25.0.mp4,12
Person_35,no emotion,MYS_G000115_09052021_136_133165_133224_Sample_439_133140_25.0.mp4,29
Person_35,no emotion,MYS_G000115_09052021_139_138259_138357_Sample_453_137400_25.0.mp4,49
Person_35,no emotion,MYS_G000115_09052021_140_138466_138521_Sample_455_138420_25.0.mp4,27
Person_35,no emotion,MYS_G000115_09052021_143_140240_140300_Sample_463_140220_25.0.mp4,30
Person_35,no emotion,MYS_G000115_09052021_144_140495_140557_Sample_465_140400_25.0.mp4,31
Person_35,no emotion,MYS_G000115_09052021_148_141485_141528_Sample_473_141480_25.0.mp4,21
Person_35,no emotion,MYS_G000115_09052021_160_154465_154557_Sample_507_153720_25.0.mp4,46
Person_35,no emotion,MYS_G000115_09052021_161_155846_155987_Sample_509_154200_25.0.mp4,70
Person_35,no emotion,MYS_G000115_09052021_162_157675_157797_Sample_511_156060_25.0.mp4,61
Person_35,no emotion,MYS_G000115_09052021_165_159795_159834_Sample_524_159780_25.0.mp4,19
Person_35,no emotion,MYS_G000115_09052021_168_164504_164556_Sample_542_164460_25.0.mp4,26
Person_35,no emotion,MYS_G000115_09052021_181_28885_28982_Sample_96_28800_25.0.mp4,48
Person_35,no emotion,MYS_G000115_09052021_183_29460_29511_Sample_99_29460_25.0.mp4,25
Person_35,no emotion,MYS_G000115_09052021_18_36418_36521_Sample_130_36360_25.0.mp4,51
Person_35,no emotion,MYS_G000115_09052021_19_37889_37960_Sample_132_37620_25.0.mp4,35
Person_35,no emotion,MYS_G000115_09052021_1_29798_29860_Sample_100_29640_25.0.mp4,31
Person_35,no emotion,MYS_G000115_09052021_21_39064_39096_Sample_138_38820_25.0.mp4,16
Person_35,no emotion,MYS_G000115_09052021_23_39141_39220_Sample_140_39120_25.0.mp4,39
Person_35,no emotion,MYS_G000115_09052021_34_1985_2079_Sample_15_1920_25.0.mp4,47
Person_35,no emotion,MYS_G000115_09052021_3_30393_30438_Sample_104_30300_25.0.mp4,22
Person_35,no emotion,MYS_G000115_09052021_42_52800_52861_Sample_176_52800_25.0.mp4,29
Person_35,no emotion,MYS_G000115_09052021_43_53367_53400_Sample_180_53280_25.0.mp4,16
Person_35,no emotion,MYS_G000115_09052021_46_55172_55256_Sample_185_54900_25.0.mp4,42
Person_35,no emotion,MYS_G000115_09052021_51_57064_57110_Sample_196_57060_25.0.mp4,23
Person_35,no emotion,MYS_G000115_09052021_54_59798_59820_Sample_200_58140_25.0.mp4,20
Person_35,no emotion,MYS_G000115_09052021_5_30830_30896_Sample_107_30780_25.0.mp4,33
Person_35,no emotion,MYS_G000115_09052021_60_2991_3037_Sample_20_2880_25.0.mp4,23
Person_35,no emotion,MYS_G000115_09052021_61_62648_62800_Sample_213_61260_25.0.mp4,76
Person_35,no emotion,MYS_G000115_09052021_65_66325_66428_Sample_239_66300_25.0.mp4,51
Person_35,no emotion,MYS_G000115_09052021_69_68942_69090_Sample_247_68760_25.0.mp4,74
Person_35,no emotion,MYS_G000115_09052021_6_31826_31894_Sample_112_31620_25.0.mp4,34
Person_35,no emotion,MYS_G000115_09052021_78_75354_75530_Sample_267_75000_25.0.mp4,88
Person_35,no emotion,MYS_G000115_09052021_81_75867_75924_Sample_272_75840_25.0.mp4,28
Person_35,no emotion,MYS_G000115_09052021_82_76144_76208_Sample_273_76020_25.0.mp4,32
Person_35,no emotion,MYS_G000115_09052021_83_77288_77463_Sample_275_76440_25.0.mp4,87
Person_35,no emotion,MYS_G000115_09052021_84_78195_78257_Sample_278_78180_25.0.mp4,31
Person_35,no emotion,MYS_G000115_09052021_85_79984_80126_Sample_279_78480_25.0.mp4,71
Person_35,no emotion,MYS_G000115_09052021_87_81450_81635_Sample_286_81000_25.0.mp4,92
Person_35,no emotion,MYS_G000115_09052021_88_82736_82887_Sample_287_81720_25.0.mp4,75
Person_35,no emotion,MYS_G000115_09052021_89_83044_83110_Sample_291_83040_25.0.mp4,33
Person_35,no emotion,MYS_G000115_09052021_98_5021_5114_Sample_33_4980_25.0.mp4,46
Person_35,no emotion,MYS_G000115_11042021_14_59958_60017_Sample_167_57600_25.0.mp4,27
Person_35,no emotion,MYS_G000115_11042021_19_61689_61741_Sample_167_57600_25.0.mp4,15
Person_35,no emotion,MYS_G000115_11042021_21_61975_62033_Sample_167_57600_25.0.mp4,26
Person_35,no emotion,MYS_G000115_11042021_30_62401_62444_Sample_185_62400_25.0.mp4,11
Person_35,no emotion,MYS_G000115_11042021_31_64674_64742_Sample_197_64080_25.0.mp4,22
Person_35,no emotion,MYS_G000115_11042021_32_65622_65695_Sample_197_64080_25.0.mp4,38
Person_35,no emotion,MYS_G000115_11042021_36_67446_67490_Sample_207_66840_25.0.mp4,19
Person_35,no emotion,MYS_G000115_11042021_37_67991_68142_Sample_212_67860_25.0.mp4,61
Person_35,no emotion,MYS_G000115_11042021_41_72467_72630_Sample_227_72180_25.0.mp4,46
Person_35,no emotion,MYS_G000115_11042021_49_76196_76294_Sample_238_75300_25.0.mp4,75
Person_35,no emotion,MYS_G000115_11042021_52_76740_77340_Sample_243_76740_25.0.mp4,300
Person_35,no emotion,MYS_G000115_11042021_53_78852_78966_Sample_250_78840_25.0.mp4,20
Person_35,no emotion,MYS_G000115_11042021_55_79380_79500_Sample_254_79380_25.0.mp4,60
Person_35,no emotion,MYS_G000115_11042021_56_79620_79800_Sample_255_79620_25.0.mp4,90
Person_35,no emotion,MYS_G000115_11042021_65_94440_95220_Sample_293_94440_25.0.mp4,390
Person_35,no emotion,MYS_G000115_11042021_67_5040_5700_Sample_31_5040_25.0.mp4,330
Person_35,no emotion,MYS_G000115_11042021_70_280_329_Sample_4_60_25.0.mp4,12
Person_35,no emotion,MYS_G000115_11042021_72_981_1060_Sample_4_60_25.0.mp4,15
Person_35,no emotion,MYS_G000115_11042021_74_1667_1717_Sample_4_60_25.0.mp4,10
Person_35,no emotion,MYS_G000115_11042021_75_130020_133680_Sample_425_130020_25.0.mp4,1830
Person_35,no emotion,MYS_G000115_11042021_77_8580_8700_Sample_47_8580_25.0.mp4,60
Person_35,no emotion,MYS_G000115_11042021_9_58454_58531_Sample_167_57600_25.0.mp4,31
Person_35,no emotion,MYS_G000115_16052021_10_26390_26427_Sample_124_26280_25.0.mp4,18
Person_35,no emotion,MYS_G000115_16052021_14_28415_28460_Sample_131_28380_25.0.mp4,22
Person_35,no emotion,MYS_G000115_16052021_15_28760_28802_Sample_132_28740_25.0.mp4,21
Person_35,no emotion,MYS_G000115_16052021_16_28959_28990_Sample_133_28920_25.0.mp4,15
Person_35,no emotion,MYS_G000115_16052021_19_35788_35893_Sample_189_35400_25.0.mp4,16
Person_35,no emotion,MYS_G000115_16052021_22_36552_36612_Sample_197_36360_25.0.mp4,30
Person_35,no emotion,MYS_G000115_16052021_24_37628_37694_Sample_205_37620_25.0.mp4,33
Person_35,no emotion,MYS_G000115_16052021_27_38760_38815_Sample_213_38760_25.0.mp4,27
Person_35,no emotion,MYS_G000115_16052021_31_39800_39910_Sample_221_39720_25.0.mp4,55
Person_35,no emotion,MYS_G000115_16052021_41_52289_52362_Sample_313_52140_25.0.mp4,36
Person_35,no emotion,MYS_G000115_16052021_42_52500_52528_Sample_316_52500_25.0.mp4,14
Person_35,no emotion,MYS_G000115_16052021_43_53167_53223_Sample_323_53160_25.0.mp4,28
Person_35,no emotion,MYS_G000115_16052021_44_53590_53635_Sample_327_53520_25.0.mp4,22
Person_35,no emotion,MYS_G000115_16052021_49_57683_57714_Sample_359_57660_25.0.mp4,15
Person_35,no emotion,MYS_G000115_16052021_4_2840_2880_Sample_10_2580_25.0.mp4,6
Person_35,no emotion,MYS_G000115_16052021_50_57960_58052_Sample_361_57960_25.0.mp4,46
Person_35,no emotion,MYS_G000115_16052021_52_60287_60305_Sample_370_60240_25.0.mp4,9
Person_35,no emotion,MYS_G000115_16052021_54_62894_62922_Sample_384_62820_25.0.mp4,14
Person_35,no emotion,MYS_G000115_16052021_57_8062_8131_Sample_46_8040_25.0.mp4,34
Person_35,no emotion,MYS_G000115_16052021_5_22566_22623_Sample_111_22560_25.0.mp4,28
Person_35,no emotion,MYS_G000115_16052021_67_132806_132932_Sample_572_132780_25.0.mp4,63
Person_35,no emotion,MYS_G000115_16052021_69_135166_135552_Sample_574_134940_25.0.mp4,193
Person_35,no emotion,MYS_G000115_16052021_6_23234_23328_Sample_114_23220_25.0.mp4,47
Person_35,no emotion,MYS_G000115_16052021_71_137073_137104_Sample_576_137040_25.0.mp4,15
Person_35,no emotion,MYS_G000115_16052021_73_746_785_Sample_5_720_25.0.mp4,19
Person_35,no emotion,MYS_G000115_16052021_74_13655_13715_Sample_71_13620_25.0.mp4,30
Person_35,no emotion,MYS_G000115_16052021_75_14351_14849_Sample_74_14280_25.0.mp4,249
Person_35,no emotion,MYS_G000115_16052021_76_1426_1574_Sample_7_1380_25.0.mp4,74
Person_35,no emotion,MYS_G000115_16052021_77_16291_16335_Sample_82_16200_25.0.mp4,22
Person_35,no emotion,MYS_G000115_16052021_79_16588_16829_Sample_85_16500_25.0.mp4,120
Person_35,no emotion,MYS_G000115_16052021_80_17106_17159_Sample_87_17100_25.0.mp4,26
Person_35,no emotion,MYS_G000115_16052021_83_19100_19133_Sample_96_19080_25.0.mp4,16
Person_35,no emotion,MYS_G000115_16052021_84_19447_19493_Sample_98_19440_25.0.mp4,23
Person_35,no emotion,MYS_G000115_18042021_32_64674_64719_Sample_197_64080_25.0.mp4,11
Person_35,no emotion,MYS_G000115_18042021_35_66891_66958_Sample_207_66840_25.0.mp4,15
Person_35,no emotion,MYS_G000115_18042021_36_67339_67367_Sample_207_66840_25.0.mp4,12
Person_35,no emotion,MYS_G000115_18042021_37_67393_67492_Sample_207_66840_25.0.mp4,71
Person_35,no emotion,MYS_G000115_18042021_38_67860_68400_Sample_212_67860_25.0.mp4,270
Person_35,no emotion,MYS_G000115_18042021_39_69044_69103_Sample_217_68880_25.0.mp4,27
Person_35,no emotion,MYS_G000115_18042021_3_53700_53880_Sample_151_53700_25.0.mp4,90
Person_35,no emotion,MYS_G000115_18042021_44_73260_73860_Sample_232_73260_25.0.mp4,300
Person_35,no emotion,MYS_G000115_18042021_52_76740_77340_Sample_243_76740_25.0.mp4,300
Person_35,no emotion,MYS_G000115_18042021_57_79151_79214_Sample_250_78840_25.0.mp4,46
Person_35,no emotion,MYS_G000115_18042021_58_79380_79500_Sample_254_79380_25.0.mp4,60
Person_35,no emotion,MYS_G000115_18042021_68_95048_95067_Sample_293_94440_25.0.mp4,7
Person_35,no emotion,MYS_G000115_18042021_70_95940_96660_Sample_299_95940_25.0.mp4,360
Person_35,no emotion,MYS_G000115_18042021_71_96720_97320_Sample_302_96720_25.0.mp4,300
Person_35,no emotion,MYS_G000115_18042021_72_5040_5700_Sample_31_5040_25.0.mp4,330
Person_35,no emotion,MYS_G000115_18042021_73_101520_101700_Sample_321_101520_25.0.mp4,90
Person_35,no emotion,MYS_G000115_18042021_80_280_317_Sample_4_60_25.0.mp4,7
Person_35,no emotion,MYS_G000115_18042021_86_8580_8700_Sample_47_8580_25.0.mp4,60
Person_38,no emotion,MYS_G000115_18072021_15_1108_1166_Sample_10_1080_25.0.mp4,20
Person_38,no emotion,MYS_G000115_18072021_16_1309_1356_Sample_10_1080_25.0.mp4,12
Person_38,no emotion,MYS_G000115_18072021_17_1894_1961_Sample_10_1080_25.0.mp4,27
Person_38,no emotion,MYS_G000115_18072021_44_16740_16980_Sample_175_16740_25.0.mp4,120
Person_38,no emotion,MYS_G000115_18072021_46_17368_17439_Sample_177_17100_25.0.mp4,30
Person_38,no emotion,MYS_G000115_18072021_50_17640_17760_Sample_182_17640_25.0.mp4,60
Person_38,no emotion,MYS_G000115_18072021_56_2460_2580_Sample_18_2460_25.0.mp4,60
Person_38,no emotion,MYS_G000115_18072021_76_20653_20823_Sample_211_20340_25.0.mp4,76
Person_38,no emotion,MYS_G000115_18072021_77_21488_21561_Sample_211_20340_25.0.mp4,15
Person_38,no emotion,MYS_G000115_18072021_87_21720_21960_Sample_216_21720_25.0.mp4,120
Person_38,no emotion,MYS_G000115_18072021_88_22204_22233_Sample_218_22200_25.0.mp4,16
Person_38,no emotion,MYS_G000115_18072021_89_22266_22294_Sample_218_22200_25.0.mp4,13
Person_38,no emotion,MYS_G000115_18072021_91_22380_22500_Sample_220_22380_25.0.mp4,60
Person_38,no emotion,MYS_G000115_18072021_93_23621_23684_Sample_224_23040_25.0.mp4,15
Person_38,no emotion,MYS_G000115_18072021_94_23845_23880_Sample_224_23040_25.0.mp4,18
Person_4,no emotion,MYS_G000010_02042021_01_131_46380_46496_Sample_538_46380_25.0.mp4,58
Person_4,no emotion,MYS_G000010_02042021_01_144_47520_47601_Sample_554_47520_25.0.mp4,40
Person_4,no emotion,MYS_G000010_02042021_01_156_49309_49421_Sample_585_49260_25.0.mp4,56
Person_4,no emotion,MYS_G000010_02042021_01_178_54060_54168_Sample_657_54060_25.0.mp4,54
Person_4,no emotion,MYS_G000010_02042021_01_58_26226_26340_Sample_291_26160_25.0.mp4,57
Person_4,no emotion,MYS_G000010_02042021_01_84_30975_31072_Sample_352_30900_25.0.mp4,48
Person_4,no emotion,MYS_G000010_02042021_01_85_31175_31361_Sample_354_31140_25.0.mp4,93
Person_4,no emotion,MYS_G000010_02042021_01_90_31500_31587_Sample_361_31500_25.0.mp4,43
Person_4,no emotion,MYS_G000010_02042021_02_111_26160_26580_Sample_328_26160_25.0.mp4,210
Person_4,no emotion,MYS_G000010_02042021_02_138_30420_30600_Sample_391_30420_25.0.mp4,90
Person_4,no emotion,MYS_G000010_02042021_02_140_30960_31140_Sample_400_30960_25.0.mp4,90
Person_4,no emotion,MYS_G000010_02042021_02_142_31500_31740_Sample_405_31500_25.0.mp4,120
Person_4,no emotion,MYS_G000010_02042021_02_147_31920_32100_Sample_412_31920_25.0.mp4,90
Person_4,no emotion,MYS_G000010_02042021_02_166_4920_5040_Sample_46_4920_25.0.mp4,60
Person_4,no emotion,MYS_G000010_02042021_02_17_10860_11040_Sample_140_10860_25.0.mp4,90
Person_4,no emotion,MYS_G000010_02042021_02_17_15540_16800_Sample_191_15540_25.0.mp4,630
Person_4,no emotion,MYS_G000010_02042021_02_20_11460_11580_Sample_143_11460_25.0.mp4,60
Person_4,no emotion,MYS_G000010_02042021_02_217_53147_53252_Sample_682_53100_25.0.mp4,19
Person_4,no emotion,MYS_G000010_02042021_02_21_11760_12060_Sample_146_11760_25.0.mp4,150
Person_4,no emotion,MYS_G000010_02042021_02_238_54960_55080_Sample_715_54960_25.0.mp4,60
Person_4,no emotion,MYS_G000010_02042021_02_244_300_420_Sample_8_300_25.0.mp4,60
Person_4,no emotion,MYS_G000010_02042021_02_247_8040_8400_Sample_88_8040_25.0.mp4,180
Person_4,no emotion,MYS_G000010_02042021_02_24_12900_13140_Sample_155_12900_25.0.mp4,120
Person_4,no emotion,MYS_G000010_02042021_02_38_17169_17191_Sample_211_17040_25.0.mp4,12
Person_4,no emotion,MYS_G000010_02042021_02_63_19920_20040_Sample_248_19920_25.0.mp4,60
Person_4,no emotion,MYS_G000010_02042021_02_8_10500_10620_Sample_132_10500_25.0.mp4,60
Person_4,no emotion,MYS_G000010_02042021_02_8_14700_14820_Sample_177_14700_25.0.mp4,60
Person_4,no emotion,MYS_G000010_02042021_03_43_24420_24540_Sample_320_24420_25.0.mp4,60
Person_4,no emotion,MYS_G000010_02042021_03_47_26280_26460_Sample_350_26280_25.0.mp4,90
Person_4,no emotion,MYS_G000010_02042021_03_53_26880_27000_Sample_357_26880_25.0.mp4,60
Person_4,no emotion,MYS_G000010_02042021_03_54_27120_27360_Sample_359_27120_25.0.mp4,120
Person_4,no emotion,MYS_G000010_02042021_03_82_46800_46920_Sample_652_46800_25.0.mp4,60
Person_4,no emotion,MYS_G000010_02042021_03_88_47280_47400_Sample_662_47280_25.0.mp4,60
Person_4,no emotion,MYS_G000010_02042021_03_90_47460_47880_Sample_664_47460_25.0.mp4,210
Person_4,no emotion,MYS_G000010_06082021_01_10_15240_15360_Sample_236_15240_25.0.mp4,60
Person_4,no emotion,MYS_G000010_06082021_01_22_8336_8376_Sample_124_8280_25.0.mp4,13
Person_4,no emotion,MYS_G000010_06082021_01_32_27000_27120_Sample_407_27000_25.0.mp4,60
Person_4,no emotion,MYS_G000010_06082021_01_40_20281_20300_Sample_303_20280_25.0.mp4,2
Person_4,no emotion,MYS_G000010_06082021_01_57_5340_5580_Sample_76_5340_25.0.mp4,120
Person_4,no emotion,MYS_G000010_06082021_01_6_22260_22440_Sample_335_22260_25.0.mp4,90
Person_4,no emotion,MYS_G000010_06082021_03_11_1508_1574_Sample_14_1500_25.0.mp4,33
Person_4,no emotion,MYS_G000010_06082021_03_24_3643_4380_Sample_19_3000_25.0.mp4,368
Person_4,no emotion,MYS_G000010_06082021_03_31_78_162_Sample_4_60_25.0.mp4,42
Person_4,no emotion,MYS_G000010_06082021_03_37_7537_7680_Sample_63_7500_25.0.mp4,71
Person_4,no emotion,MYS_G000010_06082021_03_46_429_548_Sample_7_420_25.0.mp4,59
Person_4,no emotion,MYS_G000010_06082021_03_47_11007_11099_Sample_85_10980_25.0.mp4,46
Person_4,no emotion,MYS_G000010_07052021_01_12_848_885_Sample_20_840_25.0.mp4,18
Person_4,no emotion,MYS_G000010_07052021_01_14_1274_1358_Sample_25_1140_25.0.mp4,42
Person_4,no emotion,MYS_G000010_07052021_01_17_1909_2029_Sample_37_1860_25.0.mp4,60
Person_4,no emotion,MYS_G000010_07052021_01_19_2708_2752_Sample_47_2700_25.0.mp4,22
Person_4,no emotion,MYS_G000010_07052021_01_1_6540_6643_Sample_100_6540_25.0.mp4,51
Person_4,no emotion,MYS_G000010_07052021_01_24_3856_3952_Sample_61_3840_25.0.mp4,48
Person_4,no emotion,MYS_G000010_07052021_01_26_4337_4367_Sample_67_4320_25.0.mp4,15
Person_4,no emotion,MYS_G000010_07052021_01_27_4854_5706_Sample_69_4560_25.0.mp4,426
Person_4,no emotion,MYS_G000010_07052021_01_4_6987_7107_Sample_106_6840_25.0.mp4,60
Person_4,no emotion,MYS_G000010_09042021_01_101_23340_23520_Sample_293_23340_25.0.mp4,90
Person_4,no emotion,MYS_G000010_09042021_01_102_23880_24180_Sample_295_23880_25.0.mp4,150
Person_4,no emotion,MYS_G000010_09042021_01_105_26340_26520_Sample_312_26340_25.0.mp4,90
Person_4,no emotion,MYS_G000010_09042021_01_110_32400_32580_Sample_381_32400_25.0.mp4,90
Person_4,no emotion,MYS_G000010_09042021_01_115_32700_32880_Sample_388_32700_25.0.mp4,90
Person_4,no emotion,MYS_G000010_09042021_01_116_32940_33720_Sample_391_32940_25.0.mp4,390
Person_4,no emotion,MYS_G000010_09042021_01_125_34427_34560_Sample_412_34260_25.0.mp4,47
Person_4,no emotion,MYS_G000010_09042021_01_135_36480_36660_Sample_432_36480_25.0.mp4,90
Person_4,no emotion,MYS_G000010_09042021_01_136_36720_37140_Sample_435_36720_25.0.mp4,210
Person_4,no emotion,MYS_G000010_09042021_01_138_37200_37380_Sample_443_37200_25.0.mp4,90
Person_4,no emotion,MYS_G000010_09042021_01_140_37860_37980_Sample_453_37860_25.0.mp4,60
Person_4,no emotion,MYS_G000010_09042021_01_149_38760_38940_Sample_477_38760_25.0.mp4,90
Person_4,no emotion,MYS_G000010_09042021_01_151_39326_39407_Sample_483_39240_25.0.mp4,40
Person_4,no emotion,MYS_G000010_09042021_01_155_40140_40320_Sample_497_40140_25.0.mp4,90
Person_4,no emotion,MYS_G000010_09042021_01_158_40740_40860_Sample_507_40740_25.0.mp4,60
Person_4,no emotion,MYS_G000010_09042021_01_160_42180_42300_Sample_521_42180_25.0.mp4,60
Person_4,no emotion,MYS_G000010_09042021_01_171_43560_44100_Sample_538_43560_25.0.mp4,270
Person_4,no emotion,MYS_G000010_09042021_01_175_44557_44649_Sample_547_44520_25.0.mp4,29
Person_4,no emotion,MYS_G000010_09042021_01_179_45360_45480_Sample_556_45360_25.0.mp4,60
Person_4,no emotion,MYS_G000010_09042021_01_180_45540_45660_Sample_558_45540_25.0.mp4,60
Person_4,no emotion,MYS_G000010_09042021_01_182_46620_46920_Sample_570_46620_25.0.mp4,150
Person_4,no emotion,MYS_G000010_09042021_01_184_47100_47220_Sample_579_47100_25.0.mp4,60
Person_4,no emotion,MYS_G000010_09042021_01_185_47340_47820_Sample_586_47340_25.0.mp4,240
Person_4,no emotion,MYS_G000010_09042021_01_187_3660_4380_Sample_59_3660_25.0.mp4,360
Person_4,no emotion,MYS_G000010_09042021_01_188_47880_48000_Sample_591_47880_25.0.mp4,60
Person_4,no emotion,MYS_G000010_09042021_01_191_48120_48360_Sample_595_48120_25.0.mp4,120
Person_4,no emotion,MYS_G000010_09042021_01_19_9720_9900_Sample_135_9720_25.0.mp4,90
Person_4,no emotion,MYS_G000010_09042021_01_1_360_780_Sample_10_360_25.0.mp4,210
Person_4,no emotion,MYS_G000010_09042021_01_201_6360_7560_Sample_92_6360_25.0.mp4,600
Person_4,no emotion,MYS_G000010_09042021_01_2_7680_7800_Sample_107_7680_25.0.mp4,60
Person_4,no emotion,MYS_G000010_09042021_01_48_13380_13560_Sample_178_13380_25.0.mp4,90
Person_4,no emotion,MYS_G000010_09042021_01_52_14340_15060_Sample_192_14340_25.0.mp4,360
Person_4,no emotion,MYS_G000010_09042021_01_66_16020_16260_Sample_214_16020_25.0.mp4,120
Person_4,no emotion,MYS_G000010_09042021_01_83_20580_20700_Sample_267_20580_25.0.mp4,60
Person_4,no emotion,MYS_G000010_09042021_01_96_22260_22440_Sample_284_22260_25.0.mp4,90
Person_4,no emotion,MYS_G000010_09042021_01_97_22500_22620_Sample_286_22500_25.0.mp4,60
Person_4,no emotion,MYS_G000010_09042021_03_101_22749_22800_Sample_328_22680_25.0.mp4,25
Person_4,no emotion,MYS_G000010_09042021_03_115_24909_24955_Sample_366_24900_25.0.mp4,23
Person_4,no emotion,MYS_G000010_09042021_03_120_25437_25504_Sample_375_25380_25.0.mp4,33
Person_4,no emotion,MYS_G000010_09042021_03_122_25699_25804_Sample_379_25620_25.0.mp4,52
Person_4,no emotion,MYS_G000010_09042021_03_125_26112_26217_Sample_385_26040_25.0.mp4,52
Person_4,no emotion,MYS_G000010_09042021_03_128_26340_26641_Sample_391_26340_25.0.mp4,150
Person_4,no emotion,MYS_G000010_09042021_03_132_27068_27119_Sample_398_27060_25.0.mp4,25
Person_4,no emotion,MYS_G000010_09042021_03_138_27882_27944_Sample_410_27840_25.0.mp4,31
Person_4,no emotion,MYS_G000010_09042021_03_13_8394_8457_Sample_122_8220_25.0.mp4,31
Person_4,no emotion,MYS_G000010_09042021_03_140_28547_28625_Sample_417_28440_25.0.mp4,39
Person_4,no emotion,MYS_G000010_09042021_03_143_28991_29037_Sample_422_28920_25.0.mp4,23
Person_4,no emotion,MYS_G000010_09042021_03_147_29890_29921_Sample_431_29880_25.0.mp4,15
Person_4,no emotion,MYS_G000010_09042021_03_153_4085_4170_Sample_54_4080_25.0.mp4,42
Person_4,no emotion,MYS_G000010_09042021_03_155_4521_4740_Sample_61_4500_25.0.mp4,109
Person_4,no emotion,MYS_G000010_09042021_03_159_49885_50043_Sample_664_49500_25.0.mp4,79
Person_4,no emotion,MYS_G000010_09042021_03_162_50361_50521_Sample_672_50220_25.0.mp4,80
Person_4,no emotion,MYS_G000010_09042021_03_166_5400_5456_Sample_74_5400_25.0.mp4,28
Person_4,no emotion,MYS_G000010_09042021_03_18_8590_8809_Sample_129_8580_25.0.mp4,109
Person_4,no emotion,MYS_G000010_09042021_03_21_9072_9143_Sample_134_9060_25.0.mp4,35
Person_4,no emotion,MYS_G000010_09042021_03_22_9280_9342_Sample_137_9180_25.0.mp4,31
Person_4,no emotion,MYS_G000010_09042021_03_25_9546_9598_Sample_144_9480_25.0.mp4,26
Person_4,no emotion,MYS_G000010_09042021_03_27_9734_9766_Sample_148_9720_25.0.mp4,16
Person_4,no emotion,MYS_G000010_09042021_03_2_6894_6954_Sample_102_6720_25.0.mp4,30
Person_4,no emotion,MYS_G000010_09042021_03_31_10099_10192_Sample_155_10020_25.0.mp4,46
Person_4,no emotion,MYS_G000010_09042021_03_33_10390_10582_Sample_161_10380_25.0.mp4,96
Person_4,no emotion,MYS_G000010_09042021_03_39_11166_11238_Sample_175_11160_25.0.mp4,36
Person_4,no emotion,MYS_G000010_09042021_03_42_11460_11525_Sample_181_11460_25.0.mp4,32
Person_4,no emotion,MYS_G000010_09042021_03_43_11790_11837_Sample_183_11760_25.0.mp4,23
Person_4,no emotion,MYS_G000010_09042021_03_48_12180_12252_Sample_192_12180_25.0.mp4,36
Person_4,no emotion,MYS_G000010_09042021_03_52_1311_1356_Sample_19_1260_25.0.mp4,22
Person_4,no emotion,MYS_G000010_09042021_03_54_13109_13140_Sample_203_13020_25.0.mp4,15
Person_4,no emotion,MYS_G000010_09042021_03_58_13680_13808_Sample_212_13680_25.0.mp4,64
Person_4,no emotion,MYS_G000010_09042021_03_61_14346_14398_Sample_219_14160_25.0.mp4,26
Person_4,no emotion,MYS_G000010_09042021_03_69_15307_15369_Sample_235_15300_25.0.mp4,31
Person_4,no emotion,MYS_G000010_09042021_03_74_15928_15962_Sample_245_15900_25.0.mp4,17
Person_4,no emotion,MYS_G000010_09042021_03_75_16096_16145_Sample_246_16080_25.0.mp4,24
Person_4,no emotion,MYS_G000010_09042021_03_87_19449_19497_Sample_289_19380_25.0.mp4,24
Person_4,no emotion,MYS_G000010_09042021_03_8_7400_7536_Sample_114_7380_25.0.mp4,68
Person_4,no emotion,MYS_G000010_09042021_03_90_1881_1946_Sample_29_1860_25.0.mp4,32
Person_4,no emotion,MYS_G000010_09042021_04_121_38700_38820_Sample_435_38700_25.0.mp4,60
Person_4,no emotion,MYS_G000010_09042021_04_144_43500_43620_Sample_483_43500_25.0.mp4,60
Person_4,no emotion,MYS_G000010_09042021_04_145_43860_43980_Sample_488_43860_25.0.mp4,60
Person_4,no emotion,MYS_G000010_09042021_04_148_44520_44760_Sample_501_44520_25.0.mp4,120
Person_4,no emotion,MYS_G000010_09042021_04_154_45960_46080_Sample_519_45960_25.0.mp4,60
Person_4,no emotion,MYS_G000010_09042021_04_155_46200_46740_Sample_521_46200_25.0.mp4,270
Person_4,no emotion,MYS_G000010_09042021_04_158_47220_47820_Sample_534_47220_25.0.mp4,300
Person_4,no emotion,MYS_G000010_09042021_04_163_48960_49740_Sample_553_48960_25.0.mp4,390
Person_4,no emotion,MYS_G000010_09042021_04_165_49140_49380_Sample_555_49140_25.0.mp4,120
Person_4,no emotion,MYS_G000010_09042021_04_170_49860_50220_Sample_562_49860_25.0.mp4,180
Person_4,no emotion,MYS_G000010_09042021_04_175_50520_50700_Sample_571_50520_25.0.mp4,90
Person_4,no emotion,MYS_G000010_09042021_04_176_51120_51540_Sample_575_51120_25.0.mp4,210
Person_4,no emotion,MYS_G000010_09042021_04_177_51600_51840_Sample_581_51600_25.0.mp4,120
Person_4,no emotion,MYS_G000010_09042021_04_187_51960_52080_Sample_591_51960_25.0.mp4,60
Person_4,no emotion,MYS_G000010_09042021_04_190_52380_52560_Sample_596_52380_25.0.mp4,90
Person_4,no emotion,MYS_G000010_09042021_04_192_52980_53100_Sample_603_52980_25.0.mp4,60
Person_4,no emotion,MYS_G000010_09042021_04_201_54420_54660_Sample_623_54420_25.0.mp4,120
Person_4,no emotion,MYS_G000010_09042021_04_4_8460_8640_Sample_121_8460_25.0.mp4,90
Person_4,no emotion,MYS_G000010_09042021_04_53_1920_2280_Sample_27_1920_25.0.mp4,180
Person_4,no emotion,MYS_G000010_09042021_04_86_2640_2880_Sample_35_2640_25.0.mp4,120
Person_4,no emotion,MYS_G000010_09042021_04_97_32700_32820_Sample_366_32700_25.0.mp4,60
Person_4,no emotion,MYS_G000010_09042021_04_9_9480_10200_Sample_135_9480_25.0.mp4,360
Person_4,no emotion,MYS_G000010_09072021_01_10_88440_88740_Sample_1212_88440_25.0.mp4,150
Person_4,no emotion,MYS_G000010_09072021_01_137_14400_14880_Sample_200_14400_25.0.mp4,240
Person_4,no emotion,MYS_G000010_09072021_01_147_15660_15780_Sample_216_15660_25.0.mp4,60
Person_4,no emotion,MYS_G000010_09072021_01_148_15870_15918_Sample_218_15780_25.0.mp4,23
Person_4,no emotion,MYS_G000010_09072021_01_16_88740_88980_Sample_1217_88740_25.0.mp4,120
Person_4,no emotion,MYS_G000010_09072021_01_173_20520_20640_Sample_271_20520_25.0.mp4,60
Person_4,no emotion,MYS_G000010_09072021_01_180_21240_21360_Sample_286_21240_25.0.mp4,60
Person_4,no emotion,MYS_G000010_09072021_01_184_21540_21660_Sample_292_21540_25.0.mp4,60
Person_4,no emotion,MYS_G000010_09072021_01_185_21780_21900_Sample_295_21780_25.0.mp4,60
Person_4,no emotion,MYS_G000010_09072021_01_195_22260_22440_Sample_300_22260_25.0.mp4,90
Person_4,no emotion,MYS_G000010_09072021_01_199_22560_22920_Sample_304_22560_25.0.mp4,180
Person_4,no emotion,MYS_G000010_09072021_01_1_87600_87720_Sample_1196_87600_25.0.mp4,60
Person_4,no emotion,MYS_G000010_09072021_01_201_23100_23700_Sample_307_23100_25.0.mp4,300
Person_4,no emotion,MYS_G000010_09072021_01_205_23820_23940_Sample_317_23820_25.0.mp4,60
Person_4,no emotion,MYS_G000010_09072021_01_21_80640_80690_Sample_1026_77100_25.0.mp4,26
Person_4,no emotion,MYS_G000010_09072021_01_22_77100_77220_Sample_1027_77100_25.0.mp4,60
Person_4,no emotion,MYS_G000010_09072021_01_240_27120_28200_Sample_387_27120_25.0.mp4,540
Person_4,no emotion,MYS_G000010_09072021_01_261_28680_28860_Sample_415_28680_25.0.mp4,90
Person_4,no emotion,MYS_G000010_09072021_01_264_29220_29820_Sample_426_29220_25.0.mp4,300
Person_4,no emotion,MYS_G000010_09072021_01_267_29880_30240_Sample_432_29880_25.0.mp4,180
Person_4,no emotion,MYS_G000010_09072021_01_275_30905_30953_Sample_447_30900_25.0.mp4,19
Person_4,no emotion,MYS_G000010_09072021_01_277_31320_31680_Sample_451_31320_25.0.mp4,180
Person_4,no emotion,MYS_G000010_09072021_01_282_31500_31620_Sample_454_31500_25.0.mp4,60
Person_4,no emotion,MYS_G000010_09072021_01_283_32040_32160_Sample_462_32040_25.0.mp4,60
Person_4,no emotion,MYS_G000010_09072021_01_299_33660_34080_Sample_485_33660_25.0.mp4,210
Person_4,no emotion,MYS_G000010_09072021_01_300_33960_34200_Sample_490_33960_25.0.mp4,120
Person_4,no emotion,MYS_G000010_09072021_01_302_34440_34800_Sample_493_34440_25.0.mp4,180
Person_4,no emotion,MYS_G000010_09072021_01_304_34980_35160_Sample_499_34980_25.0.mp4,90
Person_4,no emotion,MYS_G000010_09072021_01_317_37080_37680_Sample_538_37080_25.0.mp4,300
Person_4,no emotion,MYS_G000010_09072021_01_329_38340_38700_Sample_551_38340_25.0.mp4,180
Person_4,no emotion,MYS_G000010_09072021_01_33_78000_78180_Sample_1042_78000_25.0.mp4,90
Person_4,no emotion,MYS_G000010_09072021_01_34_78798_78840_Sample_1052_78720_25.0.mp4,27
Person_4,no emotion,MYS_G000010_09072021_01_37_78901_78946_Sample_1055_78900_25.0.mp4,17
Person_4,no emotion,MYS_G000010_09072021_01_380_45240_45360_Sample_663_45240_25.0.mp4,60
Person_4,no emotion,MYS_G000010_09072021_01_382_45420_45900_Sample_667_45420_25.0.mp4,240
Person_4,no emotion,MYS_G000010_09072021_01_385_45960_46380_Sample_674_45960_25.0.mp4,210
Person_4,no emotion,MYS_G000010_09072021_01_389_46440_46560_Sample_684_46440_25.0.mp4,60
Person_4,no emotion,MYS_G000010_09072021_01_402_48900_49380_Sample_722_48900_25.0.mp4,240
Person_4,no emotion,MYS_G000010_09072021_01_404_49440_49620_Sample_727_49440_25.0.mp4,90
Person_4,no emotion,MYS_G000010_09072021_01_43_80100_80220_Sample_1074_80100_25.0.mp4,60
Person_4,no emotion,MYS_G000010_09072021_01_497_66660_66780_Sample_832_66660_25.0.mp4,60
Person_4,no emotion,MYS_G000010_09072021_01_499_67260_67380_Sample_840_67260_25.0.mp4,60
Person_4,no emotion,MYS_G000010_09072021_01_49_81360_81840_Sample_1091_81360_25.0.mp4,240
Person_4,no emotion,MYS_G000010_09072021_01_506_67680_67860_Sample_849_67680_25.0.mp4,90
Person_4,no emotion,MYS_G000010_09072021_01_549_71760_71880_Sample_924_71760_25.0.mp4,60
Person_4,no emotion,MYS_G000010_09072021_01_558_73860_74640_Sample_968_73860_25.0.mp4,390
Person_4,no emotion,MYS_G000010_09072021_01_560_74040_74220_Sample_971_74040_25.0.mp4,90
Person_4,no emotion,MYS_G000010_09072021_01_568_75300_75660_Sample_995_75300_25.0.mp4,180
Person_4,no emotion,MYS_G000010_09072021_01_60_10200_10980_Sample_142_10200_25.0.mp4,390
Person_4,no emotion,MYS_G000010_09072021_01_81_84780_84900_Sample_1149_84780_25.0.mp4,60
Person_4,no emotion,MYS_G000010_13082021_03_106_32580_32757_Sample_482_32580_25.0.mp4,88
Person_4,no emotion,MYS_G000010_13082021_03_38_14220_14339_Sample_216_14220_25.0.mp4,59
Person_4,no emotion,MYS_G000010_13082021_03_45_15360_15469_Sample_237_15360_25.0.mp4,54
Person_4,no emotion,MYS_G000010_13082021_03_58_19200_19560_Sample_293_19200_25.0.mp4,180
Person_4,no emotion,MYS_G000010_13082021_03_63_20700_20817_Sample_317_20700_25.0.mp4,58
Person_4,no emotion,MYS_G000010_13082021_03_8_8460_8577_Sample_135_8460_25.0.mp4,58
Person_4,no emotion,MYS_G000010_16042021_01_32_11460_11700_Sample_156_11460_25.0.mp4,120
Person_4,no emotion,MYS_G000010_16042021_01_35_12495_12553_Sample_157_11700_25.0.mp4,21
Person_4,no emotion,MYS_G000010_16042021_01_45_13080_13260_Sample_171_13080_25.0.mp4,90
Person_4,no emotion,MYS_G000010_16042021_01_4_7706_7784_Sample_106_7680_25.0.mp4,24
Person_4,no emotion,MYS_G000010_16042021_01_53_19200_19320_Sample_247_19200_25.0.mp4,60
Person_4,no emotion,MYS_G000010_16042021_01_54_19860_19980_Sample_253_19860_25.0.mp4,60
Person_4,no emotion,MYS_G000010_16042021_01_57_3900_4440_Sample_56_3900_25.0.mp4,270
Person_4,no emotion,MYS_G000010_16042021_01_5_7860_7875_Sample_109_7860_25.0.mp4,1
Person_4,no emotion,MYS_G000010_16042021_01_62_5911_6056_Sample_78_5400_25.0.mp4,51
Person_4,no emotion,MYS_G000010_16042021_01_66_6180_6600_Sample_86_6180_25.0.mp4,210
Person_4,no emotion,MYS_G000010_16072021_01_106_34560_35051_Sample_392_34560_25.0.mp4,245
Person_4,no emotion,MYS_G000010_16072021_01_131_38981_39095_Sample_453_38940_25.0.mp4,57
Person_4,no emotion,MYS_G000010_16072021_01_135_40181_42982_Sample_460_39540_25.0.mp4,1400
Person_4,no emotion,MYS_G000010_16072021_01_13_8160_8315_Sample_132_8160_25.0.mp4,77
Person_4,no emotion,MYS_G000010_16072021_01_18_480_597_Sample_17_480_25.0.mp4,58
Person_4,no emotion,MYS_G000010_16072021_01_194_48480_48777_Sample_575_48240_25.0.mp4,148
Person_4,no emotion,MYS_G000010_16072021_01_196_3480_3835_Sample_57_3480_25.0.mp4,177
Person_4,no emotion,MYS_G000010_16072021_01_204_49643_49737_Sample_595_49260_25.0.mp4,47
Person_4,no emotion,MYS_G000010_16072021_01_226_52020_52104_Sample_639_52020_25.0.mp4,42
Person_4,no emotion,MYS_G000010_16072021_01_227_4124_4357_Sample_63_4020_25.0.mp4,116
Person_4,no emotion,MYS_G000010_16072021_01_230_52620_53273_Sample_645_52620_25.0.mp4,326
Person_4,no emotion,MYS_G000010_16072021_01_237_53452_53517_Sample_655_53400_25.0.mp4,32
Person_4,no emotion,MYS_G000010_16072021_01_239_53722_53759_Sample_660_53640_25.0.mp4,18
Person_4,no emotion,MYS_G000010_16072021_01_242_54527_55017_Sample_665_53820_25.0.mp4,245
Person_4,no emotion,MYS_G000010_16072021_01_254_55080_55197_Sample_680_55080_25.0.mp4,58
Person_4,no emotion,MYS_G000010_16072021_01_258_55260_55499_Sample_685_55260_25.0.mp4,119
Person_4,no emotion,MYS_G000010_16072021_01_259_55620_56095_Sample_687_55620_25.0.mp4,237
Person_4,no emotion,MYS_G000010_16072021_01_270_62942_63057_Sample_707_62700_25.0.mp4,57
Person_4,no emotion,MYS_G000010_16072021_01_275_63240_63501_Sample_716_63240_25.0.mp4,130
Person_4,no emotion,MYS_G000010_16072021_01_278_63663_64029_Sample_720_63600_25.0.mp4,183
Person_4,no emotion,MYS_G000010_16072021_01_282_4500_4617_Sample_72_4500_25.0.mp4,58
Person_4,no emotion,MYS_G000010_16072021_01_292_66300_66432_Sample_757_66300_25.0.mp4,66
Person_4,no emotion,MYS_G000010_16072021_01_313_70140_70633_Sample_797_70140_25.0.mp4,246
Person_4,no emotion,MYS_G000010_16072021_01_323_5040_5154_Sample_82_5040_25.0.mp4,57
Person_4,no emotion,MYS_G000010_16072021_01_326_73398_73568_Sample_832_73080_25.0.mp4,85
Person_4,no emotion,MYS_G000010_16072021_01_328_75243_75542_Sample_853_75180_25.0.mp4,149
Person_4,no emotion,MYS_G000010_16072021_01_332_76662_77037_Sample_861_75780_25.0.mp4,187
Person_4,no emotion,MYS_G000010_16072021_01_33_660_1124_Sample_21_660_25.0.mp4,232
Person_4,no emotion,MYS_G000010_16072021_01_344_5580_5697_Sample_87_5580_25.0.mp4,58
Person_4,no emotion,MYS_G000010_16072021_01_350_78240_78477_Sample_893_78240_25.0.mp4,118
Person_4,no emotion,MYS_G000010_16072021_01_355_78960_79257_Sample_901_78960_25.0.mp4,148
Person_4,no emotion,MYS_G000010_16072021_01_358_79371_79438_Sample_907_79320_25.0.mp4,33
Person_4,no emotion,MYS_G000010_16072021_01_362_79500_79572_Sample_912_79500_25.0.mp4,36
Person_4,no emotion,MYS_G000010_16072021_01_371_80340_80458_Sample_926_80340_25.0.mp4,59
Person_4,no emotion,MYS_G000010_16072021_01_373_5812_5915_Sample_92_5760_25.0.mp4,51
Person_4,no emotion,MYS_G000010_16072021_01_374_80520_80850_Sample_930_80520_25.0.mp4,165
Person_4,no emotion,MYS_G000010_16072021_01_376_80995_81072_Sample_940_80940_25.0.mp4,38
Person_4,no emotion,MYS_G000010_16072021_01_378_6000_6428_Sample_94_6000_25.0.mp4,214
Person_4,no emotion,MYS_G000010_16072021_01_3_6803_7113_Sample_109_6780_25.0.mp4,155
Person_4,no emotion,MYS_G000010_16072021_01_77_29208_29327_Sample_320_29160_25.0.mp4,59
Person_4,no emotion,MYS_G000010_16072021_01_93_32261_32284_Sample_363_32220_25.0.mp4,11
Person_4,no emotion,MYS_G000010_16072021_01_94_32520_32757_Sample_365_32520_25.0.mp4,118
Person_4,no emotion,MYS_G000010_16072021_01_95_32820_32987_Sample_370_32820_25.0.mp4,83
Person_4,no emotion,MYS_G000010_16072021_01_98_33240_33574_Sample_375_33240_25.0.mp4,167
Person_4,no emotion,MYS_G000010_16072021_02_109_2820_2883_Sample_41_2820_25.0.mp4,31
Person_4,no emotion,MYS_G000010_16072021_02_118_41081_41211_Sample_443_41040_25.0.mp4,65
Person_4,no emotion,MYS_G000010_16072021_02_155_46500_46618_Sample_526_46500_25.0.mp4,59
Person_4,no emotion,MYS_G000010_16072021_02_157_3488_3634_Sample_52_3420_25.0.mp4,73
Person_4,no emotion,MYS_G000010_16072021_02_161_47520_47699_Sample_534_47520_25.0.mp4,89
Person_4,no emotion,MYS_G000010_16072021_02_209_55560_56160_Sample_692_55560_25.0.mp4,300
Person_4,no emotion,MYS_G000010_16072021_02_26_25800_25976_Sample_196_25800_25.0.mp4,88
Person_4,no emotion,MYS_G000010_16072021_02_85_33698_33775_Sample_335_33660_25.0.mp4,38
Person_4,no emotion,MYS_G000010_20082021_01_127_2100_2220_Sample_39_2100_25.0.mp4,60
Person_4,no emotion,MYS_G000010_20082021_01_177_2880_3120_Sample_52_2880_25.0.mp4,120
Person_4,no emotion,MYS_G000010_20082021_01_189_3360_3480_Sample_59_3360_25.0.mp4,60
Person_4,no emotion,MYS_G000010_20082021_01_18_8220_8340_Sample_149_8220_25.0.mp4,60
Person_4,no emotion,MYS_G000010_20082021_01_190_3900_4260_Sample_75_3900_25.0.mp4,180
Person_4,no emotion,MYS_G000010_20082021_01_21_8460_8580_Sample_152_8460_25.0.mp4,60
Person_4,no emotion,MYS_G000010_20082021_01_7_6300_6480_Sample_110_6300_25.0.mp4,90
Person_4,no emotion,MYS_G000010_20082021_03_42_11820_12060_Sample_97_11820_25.0.mp4,120
Person_4,no emotion,MYS_G000010_21052021_01_154_50340_50383_Sample_605_50340_25.0.mp4,21
Person_4,no emotion,MYS_G000010_21052021_02_109_29100_29280_Sample_406_29100_25.0.mp4,90
Person_4,no emotion,MYS_G000010_21052021_02_123_30960_31500_Sample_444_30960_25.0.mp4,270
Person_4,no emotion,MYS_G000010_21052021_02_129_33480_33600_Sample_480_33480_25.0.mp4,60
Person_4,no emotion,MYS_G000010_21052021_02_141_38308_38347_Sample_559_37980_25.0.mp4,28
Person_4,no emotion,MYS_G000010_21052021_02_14_69627_69660_Sample_1043_69420_25.0.mp4,33
Person_4,no emotion,MYS_G000010_21052021_02_169_50220_50340_Sample_729_50220_25.0.mp4,60
Person_4,no emotion,MYS_G000010_21052021_02_197_54183_54216_Sample_791_54180_25.0.mp4,12
Person_4,no emotion,MYS_G000010_21052021_02_84_21360_21540_Sample_275_21360_25.0.mp4,90
Person_4,no emotion,MYS_G000010_21052021_02_97_27000_27420_Sample_366_27000_25.0.mp4,210
Person_4,no emotion,MYS_G000010_23042021_01_111_30900_31020_Sample_403_30900_25.0.mp4,60
Person_4,no emotion,MYS_G000010_23042021_01_112_31080_31200_Sample_405_31080_25.0.mp4,60
Person_4,no emotion,MYS_G000010_23042021_01_113_31337_31371_Sample_406_31320_25.0.mp4,15
Person_4,no emotion,MYS_G000010_23042021_01_124_36840_36960_Sample_492_36840_25.0.mp4,60
Person_4,no emotion,MYS_G000010_23042021_01_150_40500_40680_Sample_553_40500_25.0.mp4,90
Person_4,no emotion,MYS_G000010_23042021_01_176_45780_45960_Sample_647_45780_25.0.mp4,90
Person_4,no emotion,MYS_G000010_23042021_01_196_48480_48600_Sample_694_48480_25.0.mp4,60
Person_4,no emotion,MYS_G000010_23042021_01_57_21462_21501_Sample_284_21180_25.0.mp4,21
Person_4,no emotion,MYS_G000010_23042021_01_60_21720_21900_Sample_296_21720_25.0.mp4,90
Person_4,no emotion,MYS_G000010_23042021_01_63_22380_23640_Sample_305_22380_25.0.mp4,630
Person_4,no emotion,MYS_G000010_23042021_01_70_24300_24480_Sample_328_24300_25.0.mp4,90
Person_4,no emotion,MYS_G000010_23042021_01_76_25800_25920_Sample_346_25800_25.0.mp4,60
Person_4,no emotion,MYS_G000010_23042021_01_92_28980_29100_Sample_384_28980_25.0.mp4,60
Person_4,no emotion,MYS_G000010_23042021_02_103_41464_41530_Sample_518_41220_25.0.mp4,33
Person_4,no emotion,MYS_G000010_23042021_02_107_42477_42498_Sample_536_42360_25.0.mp4,10
Person_4,no emotion,MYS_G000010_23042021_02_112_44498_44565_Sample_557_44340_25.0.mp4,33
Person_4,no emotion,MYS_G000010_23042021_02_117_3869_3921_Sample_60_3840_25.0.mp4,26
Person_4,no emotion,MYS_G000010_23042021_02_122_4151_4250_Sample_64_3960_25.0.mp4,49
Person_4,no emotion,MYS_G000010_23042021_02_36_12859_12900_Sample_193_12600_25.0.mp4,20
Person_4,no emotion,MYS_G000010_23042021_02_39_13044_13071_Sample_200_13020_25.0.mp4,13
Person_4,no emotion,MYS_G000010_23042021_02_4_6969_6989_Sample_109_6960_25.0.mp4,10
Person_4,no emotion,MYS_G000010_23042021_02_52_15153_15207_Sample_239_15060_25.0.mp4,27
Person_4,no emotion,MYS_G000010_23042021_02_54_15482_15527_Sample_244_15360_25.0.mp4,22
Person_4,no emotion,MYS_G000010_23042021_02_58_16061_16105_Sample_255_16020_25.0.mp4,22
Person_4,no emotion,MYS_G000010_23042021_02_61_16431_16476_Sample_259_16320_25.0.mp4,22
Person_4,no emotion,MYS_G000010_23042021_03_124_51309_51335_Sample_753_51300_25.0.mp4,13
Person_4,no emotion,MYS_G000010_23042021_03_23_11315_11340_Sample_205_11220_25.0.mp4,12
Person_4,no emotion,MYS_G000010_23042021_03_25_11651_11705_Sample_216_11640_25.0.mp4,27
Person_4,no emotion,MYS_G000010_23042021_03_31_12752_12832_Sample_236_12600_25.0.mp4,40
Person_4,no emotion,MYS_G000010_23042021_03_34_13533_13593_Sample_241_13440_25.0.mp4,30
Person_4,no emotion,MYS_G000010_23042021_03_4_7628_7699_Sample_139_7620_25.0.mp4,35
Person_4,no emotion,MYS_G000010_23042021_03_51_16507_16563_Sample_302_16500_25.0.mp4,28
Person_4,no emotion,MYS_G000010_23042021_03_59_19083_19130_Sample_340_19080_25.0.mp4,23
Person_4,no emotion,MYS_G000010_23042021_03_76_38040_38094_Sample_586_37920_25.0.mp4,27
Person_4,no emotion,MYS_G000010_23042021_03_80_39315_39357_Sample_611_39180_25.0.mp4,21
Person_4,no emotion,MYS_G000010_23042021_03_8_660_695_Sample_16_660_25.0.mp4,17
Person_4,no emotion,MYS_G000010_23042021_03_97_44058_44100_Sample_681_43920_25.0.mp4,21
Person_4,no emotion,MYS_G000010_23072021_01_2_15060_15180_Sample_107_15060_25.0.mp4,60
Person_4,no emotion,MYS_G000010_23072021_01_65_24300_24420_Sample_171_24300_25.0.mp4,60
Person_4,no emotion,MYS_G000010_23072021_05_34_19200_19377_Sample_249_19200_25.0.mp4,88
Person_4,no emotion,MYS_G000010_23072021_05_36_19500_19618_Sample_253_19500_25.0.mp4,59
Person_4,no emotion,MYS_G000010_23072021_05_38_19982_20097_Sample_258_19860_25.0.mp4,57
Person_4,no emotion,MYS_G000010_23072021_05_39_20160_20871_Sample_261_20160_25.0.mp4,355
Person_4,no emotion,MYS_G000010_23072021_05_43_21848_21933_Sample_277_21840_25.0.mp4,42
Person_4,no emotion,MYS_G000010_27082021_01_128_28500_28677_Sample_298_28500_25.0.mp4,88
Person_4,no emotion,MYS_G000010_27082021_01_134_29646_29760_Sample_313_29580_25.0.mp4,57
Person_4,no emotion,MYS_G000010_27082021_01_152_35760_35877_Sample_384_35760_25.0.mp4,58
Person_4,no emotion,MYS_G000010_27082021_01_155_36217_36300_Sample_391_36120_25.0.mp4,41
Person_4,no emotion,MYS_G000010_27082021_01_162_3240_3717_Sample_41_3240_25.0.mp4,238
Person_4,no emotion,MYS_G000010_27082021_01_165_39660_39777_Sample_434_39660_25.0.mp4,58
Person_4,no emotion,MYS_G000010_27082021_01_167_40320_40439_Sample_439_40320_25.0.mp4,59
Person_4,no emotion,MYS_G000010_27082021_01_169_40500_40617_Sample_442_40500_25.0.mp4,58
Person_4,no emotion,MYS_G000010_27082021_01_172_42193_42297_Sample_460_42120_25.0.mp4,52
Person_4,no emotion,MYS_G000010_27082021_01_179_43983_44098_Sample_483_43980_25.0.mp4,57
Person_4,no emotion,MYS_G000010_27082021_01_182_48300_48417_Sample_512_48300_25.0.mp4,58
Person_4,no emotion,MYS_G000010_27082021_01_188_51758_51937_Sample_542_51660_25.0.mp4,89
Person_4,no emotion,MYS_G000010_27082021_01_204_59317_59397_Sample_610_59100_25.0.mp4,40
Person_4,no emotion,MYS_G000010_27082021_01_208_61620_61684_Sample_630_61620_25.0.mp4,32
Person_4,no emotion,MYS_G000010_27082021_01_211_62160_62239_Sample_640_62160_25.0.mp4,39
Person_4,no emotion,MYS_G000010_27082021_01_214_62760_62878_Sample_648_62760_25.0.mp4,59
Person_4,no emotion,MYS_G000010_27082021_01_216_63120_63237_Sample_651_63120_25.0.mp4,58
Person_4,no emotion,MYS_G000010_27082021_01_218_63420_63537_Sample_655_63420_25.0.mp4,58
Person_4,no emotion,MYS_G000010_27082021_01_23_101400_101445_Sample_1066_101400_25.0.mp4,10
Person_4,no emotion,MYS_G000010_27082021_01_240_76080_76239_Sample_790_76080_25.0.mp4,79
Person_4,no emotion,MYS_G000010_27082021_01_250_81660_81742_Sample_853_81660_25.0.mp4,41
Person_4,no emotion,MYS_G000010_27082021_01_272_89170_89264_Sample_932_89100_25.0.mp4,47
Person_4,no emotion,MYS_G000010_27082021_01_41_106085_106197_Sample_1121_105960_25.0.mp4,56
Person_4,no emotion,MYS_G000010_27082021_01_63_111240_111358_Sample_1186_111240_25.0.mp4,59
Person_4,no emotion,MYS_G000010_27082021_01_64_111480_111957_Sample_1187_111480_25.0.mp4,238
Person_4,no emotion,MYS_G000010_27082021_01_95_17520_17638_Sample_179_17520_25.0.mp4,59
Person_4,no emotion,MYS_G000010_30042021_01_304_149100_149340_Sample_2464_149100_25.0.mp4,120
Person_4,no emotion,MYS_G000010_30042021_01_323_155940_156240_Sample_2573_155940_25.0.mp4,150
Person_4,no emotion,MYS_G000010_30042021_01_326_157380_157620_Sample_2588_157380_25.0.mp4,120
Person_4,no emotion,MYS_G000010_30042021_01_328_157800_157980_Sample_2596_157800_25.0.mp4,90
Person_4,no emotion,MYS_G000010_30042021_01_329_158220_158400_Sample_2608_158220_25.0.mp4,90
Person_4,no emotion,MYS_G000010_30042021_01_331_158460_158700_Sample_2612_158460_25.0.mp4,120
Person_4,no emotion,MYS_G000010_30042021_01_335_159720_159900_Sample_2636_159720_25.0.mp4,90
Person_4,no emotion,MYS_G000010_30042021_01_338_159960_160200_Sample_2642_159960_25.0.mp4,120
Person_4,no emotion,MYS_G000010_30042021_01_339_160320_160500_Sample_2649_160320_25.0.mp4,90
Person_4,no emotion,MYS_G000010_30042021_01_344_160800_161340_Sample_2661_160800_25.0.mp4,270
Person_4,no emotion,MYS_G000010_30042021_01_360_162900_163260_Sample_2709_162900_25.0.mp4,180
Person_4,no emotion,MYS_G000010_30042021_01_369_163860_163980_Sample_2728_163860_25.0.mp4,60
Person_4,no emotion,MYS_G000010_30042021_01_373_164460_164640_Sample_2738_164460_25.0.mp4,90
Person_4,no emotion,MYS_G000010_30042021_01_374_164700_165060_Sample_2742_164700_25.0.mp4,180
Person_4,no emotion,MYS_G000010_30042021_01_384_165420_165720_Sample_2759_165420_25.0.mp4,150
Person_4,no emotion,MYS_G000010_30042021_01_386_166380_166560_Sample_2775_166380_25.0.mp4,90
Person_4,no emotion,MYS_G000010_30042021_01_387_166380_166560_Sample_2775_166380_25.0.mp4,90
Person_4,no emotion,MYS_G000010_30042021_01_392_166860_167040_Sample_2784_166860_25.0.mp4,90
Person_4,no emotion,MYS_G000010_30042021_01_393_167100_167400_Sample_2786_167100_25.0.mp4,150
Person_4,no emotion,MYS_G000010_30042021_01_41_67920_68040_Sample_1117_67920_25.0.mp4,60
Person_4,no emotion,MYS_G000010_30042021_01_428_20460_20580_Sample_329_20460_25.0.mp4,60
Person_4,no emotion,MYS_G000010_30042021_01_436_22380_22500_Sample_354_22380_25.0.mp4,60
Person_4,no emotion,MYS_G000010_30042021_01_449_24000_24120_Sample_377_24000_25.0.mp4,60
Person_4,no emotion,MYS_G000010_30042021_01_484_29940_30240_Sample_464_29940_25.0.mp4,150
Person_4,no emotion,MYS_G000010_30042021_01_525_35641_35711_Sample_552_35640_25.0.mp4,26
Person_4,no emotion,MYS_G000010_30042021_01_532_36540_36840_Sample_566_36540_25.0.mp4,150
Person_4,no emotion,MYS_G000010_30042021_01_535_37021_37039_Sample_572_37020_25.0.mp4,1
Person_4,no emotion,MYS_G000010_30042021_01_549_39060_39180_Sample_610_39060_25.0.mp4,60
Person_4,no emotion,MYS_G000010_30042021_01_591_45780_46080_Sample_740_45780_25.0.mp4,150
Person_4,no emotion,MYS_G000010_30042021_01_598_46920_47040_Sample_766_46920_25.0.mp4,60
Person_4,no emotion,MYS_G000010_30042021_01_599_47592_47677_Sample_770_47220_25.0.mp4,25
Person_4,no emotion,MYS_G000010_30042021_01_608_49080_49200_Sample_809_49080_25.0.mp4,60
Person_4,no emotion,MYS_G000010_30042021_01_61_76440_76980_Sample_1243_76440_25.0.mp4,270
Person_4,no emotion,MYS_G000010_30042021_01_630_54060_54180_Sample_889_54060_25.0.mp4,60
Person_4,no emotion,MYS_G000010_30042021_01_638_56280_56400_Sample_916_56280_25.0.mp4,60
Person_4,no emotion,MYS_G000010_30042021_01_64_77560_77613_Sample_1260_77520_25.0.mp4,23
Person_4,no emotion,MYS_G000010_30042021_01_652_59940_60120_Sample_973_59940_25.0.mp4,90
Person_4,no emotion,MYS_G000010_30042021_01_74_80760_80940_Sample_1305_80760_25.0.mp4,90
Person_4,no emotion,MYS_G000010_30042021_01_87_86160_86280_Sample_1395_86160_25.0.mp4,60
Person_40,no emotion,MYS_G000029_26032021_01_11_21362_21391_Sample_124_21360_25.0.mp4,14
Person_40,no emotion,MYS_G000029_26032021_01_13_23908_23993_Sample_136_23820_25.0.mp4,42
Person_40,no emotion,MYS_G000029_26032021_01_21_30789_30843_Sample_172_30780_25.0.mp4,27
Person_40,no emotion,MYS_G000029_26032021_01_29_140_180_Sample_1_0_25.0.mp4,14
Person_40,no emotion,MYS_G000029_26032021_01_41_46333_46377_Sample_255_46260_25.0.mp4,22
Person_40,no emotion,MYS_G000029_26032021_01_48_10691_10745_Sample_61_10680_25.0.mp4,27
Person_40,no emotion,MYS_G000029_26032021_01_50_14674_14697_Sample_82_14520_25.0.mp4,11
Person_40,no emotion,MYS_G000029_26032021_01_52_15647_15682_Sample_89_15540_25.0.mp4,17
Person_40,no emotion,MYS_G000029_26032021_01_54_16626_16673_Sample_98_16620_25.0.mp4,23
Person_40,no emotion,MYS_G000029_26032021_01_7_1329_1353_Sample_10_1260_25.0.mp4,12
Person_40,no emotion,MYS_G000029_26032021_01_8_18860_18900_Sample_111_18780_25.0.mp4,20
Person_40,no emotion,MYS_G000029_26032021_01_9_19207_19236_Sample_114_19200_25.0.mp4,9
Person_401,no emotion,MYS_G000122_24072021_02_15_22260_26100_Sample_155_22260_25.0.mp4,1920
Person_401,no emotion,MYS_G000122_24072021_02_37_4740_5220_Sample_23_4740_25.0.mp4,240
Person_401,no emotion,MYS_G000122_24072021_02_44_44340_45120_Sample_333_44340_25.0.mp4,390
Person_401,no emotion,MYS_G000122_24072021_02_46_45900_45993_Sample_347_45900_25.0.mp4,30
Person_401,no emotion,MYS_G000122_24072021_02_47_46045_46107_Sample_351_46020_25.0.mp4,27
Person_401,no emotion,MYS_G000122_24072021_02_48_46260_46380_Sample_353_46260_25.0.mp4,60
Person_401,no emotion,MYS_G000122_24072021_02_51_47100_47460_Sample_361_47100_25.0.mp4,180
Person_401,no emotion,MYS_G000122_24072021_02_54_47580_49920_Sample_369_47580_25.0.mp4,1170
Person_401,no emotion,MYS_G000122_24072021_02_57_50040_50160_Sample_392_50040_25.0.mp4,60
Person_401,no emotion,MYS_G000122_24072021_02_58_50220_50520_Sample_395_50220_25.0.mp4,150
Person_401,no emotion,MYS_G000122_24072021_02_8_20471_20552_Sample_150_20460_25.0.mp4,23
Person_401,no emotion,MYS_G000122_24072021_02_9_20460_28140_Sample_150_20460_25.0.mp4,3840
Person_402,no emotion,MYS_G000096_11122021_01_103_8761_8791_Sample_95_8760_25.0.mp4,7
Person_402,no emotion,MYS_G000096_11122021_01_62_3138_3178_Sample_32_2160_25.0.mp4,19
Person_404,no emotion,MYS_G000106_17072021_01_2_7683_7988_Sample_103_7680_25.0.mp4,152
Person_404,no emotion,MYS_G000106_17072021_01_37_6260_6777_Sample_49_3720_25.0.mp4,258
Person_406,no emotion,MYS_G000106_10072021_02_22_2400_3039_Sample_21_2400_25.0.mp4,319
Person_406,no emotion,MYS_G000106_10072021_02_2_12480_12657_Sample_107_12480_25.0.mp4,88
Person_406,no emotion,MYS_G000106_10072021_02_37_3195_3713_Sample_24_3180_25.0.mp4,259
Person_406,no emotion,MYS_G000106_10072021_02_3_420_1314_Sample_10_420_25.0.mp4,447
Person_406,no emotion,MYS_G000106_10072021_02_65_4766_4860_Sample_35_4680_25.0.mp4,47
Person_406,no emotion,MYS_G000106_10072021_02_6_15420_15834_Sample_126_15420_25.0.mp4,207
Person_406,no emotion,MYS_G000106_10072021_02_83_10500_10562_Sample_91_10500_25.0.mp4,31
Person_406,no emotion,MYS_G000106_10072021_02_9_1380_2337_Sample_16_1380_25.0.mp4,478
Person_406,no emotion,MYS_G000106_17072021_01_13_11708_11877_Sample_160_11640_25.0.mp4,84
Person_406,no emotion,MYS_G000106_17072021_01_18_12540_14188_Sample_173_12540_25.0.mp4,824
Person_406,no emotion,MYS_G000106_17072021_01_1_31_2637_Sample_0_0_25.0.mp4,1303
Person_406,no emotion,MYS_G000106_17072021_01_21_14280_14637_Sample_197_14280_25.0.mp4,178
Person_406,no emotion,MYS_G000106_17072021_01_24_14880_15389_Sample_209_14880_25.0.mp4,254
Person_406,no emotion,MYS_G000106_17072021_01_33_2820_4431_Sample_32_2820_25.0.mp4,805
Person_407,no emotion,MYS_G000106_10072021_02_12_1740_1826_Sample_18_1740_25.0.mp4,43
Person_407,no emotion,MYS_G000106_10072021_02_4_14426_14511_Sample_117_14340_25.0.mp4,42
Person_407,no emotion,MYS_G000106_10072021_02_54_4011_4159_Sample_29_3900_25.0.mp4,74
Person_407,no emotion,MYS_G000106_10072021_02_63_4536_4940_Sample_32_4500_25.0.mp4,202
Person_407,no emotion,MYS_G000106_10072021_02_70_6008_6041_Sample_44_6000_25.0.mp4,16
Person_407,no emotion,MYS_G000106_10072021_02_71_6240_6357_Sample_47_6240_25.0.mp4,58
Person_407,no emotion,MYS_G000106_10072021_02_73_6960_7139_Sample_52_6960_25.0.mp4,89
Person_407,no emotion,MYS_G000106_10072021_02_76_7620_7685_Sample_60_7620_25.0.mp4,32
Person_407,no emotion,MYS_G000106_10072021_02_84_10800_10977_Sample_94_10800_25.0.mp4,88
Person_409,no emotion,MYS_G000120_24072021_138_109200_109245_Sample_704_109200_25.0.mp4,22
Person_409,no emotion,MYS_G000120_24072021_62_82695_82740_Sample_540_82560_25.0.mp4,22
Person_409,no emotion,MYS_G000120_24072021_63_83350_83400_Sample_541_83220_25.0.mp4,25
Person_41,no emotion,MYS_G000106_10072021_02_13_30600_30777_Sample_195_30600_25.0.mp4,88
Person_41,no emotion,MYS_G000106_10072021_02_14_30840_31257_Sample_197_30840_25.0.mp4,208
Person_41,no emotion,MYS_G000106_10072021_02_19_32460_32578_Sample_212_32460_25.0.mp4,59
Person_41,no emotion,MYS_G000106_10072021_02_20_32760_33173_Sample_215_32760_25.0.mp4,206
Person_41,no emotion,MYS_G000106_10072021_02_23_33690_33775_Sample_223_33660_25.0.mp4,42
Person_41,no emotion,MYS_G000106_10072021_02_24_34920_35134_Sample_228_34920_25.0.mp4,107
Person_41,no emotion,MYS_G000106_10072021_02_51_42913_43017_Sample_278_42840_25.0.mp4,52
Person_41,no emotion,MYS_G000106_10072021_02_78_8675_8730_Sample_69_8640_25.0.mp4,27
Person_41,no emotion,MYS_G000106_10072021_02_79_8820_8871_Sample_73_8820_25.0.mp4,25
Person_41,no emotion,MYS_G000106_10072021_02_81_240_499_Sample_8_240_25.0.mp4,129
Person_41,no emotion,MYS_G000106_17072021_01_11_11040_11397_Sample_153_11040_25.0.mp4,178
Person_41,no emotion,MYS_G000106_17072021_01_9_1523_1556_Sample_14_1500_25.0.mp4,16
Person_46,no emotion,MYS_G000011_05022021_03_106_33420_33540_Sample_420_33420_25.0.mp4,60
Person_46,no emotion,MYS_G000011_05022021_03_10_10140_10320_Sample_123_10140_25.0.mp4,90
Person_46,no emotion,MYS_G000011_05022021_03_21_36480_36720_Sample_467_36480_25.0.mp4,120
Person_46,no emotion,MYS_G000011_05022021_03_23_13500_13920_Sample_166_13500_25.0.mp4,210
Person_46,no emotion,MYS_G000011_05022021_03_23_37004_37080_Sample_472_36780_25.0.mp4,42
Person_46,no emotion,MYS_G000011_05022021_03_29_14160_14340_Sample_175_14160_25.0.mp4,90
Person_46,no emotion,MYS_G000011_05022021_03_2_34020_34260_Sample_430_34020_25.0.mp4,120
Person_46,no emotion,MYS_G000011_05022021_03_2_8280_8940_Sample_102_8280_25.0.mp4,330
Person_46,no emotion,MYS_G000011_05022021_03_31_14640_16020_Sample_177_14640_25.0.mp4,690
Person_46,no emotion,MYS_G000011_05022021_03_38_39720_40620_Sample_509_39720_25.0.mp4,450
Person_46,no emotion,MYS_G000011_05022021_03_38_48780_49140_Sample_615_48780_25.0.mp4,180
Person_46,no emotion,MYS_G000011_05022021_03_41_49320_49560_Sample_620_49320_25.0.mp4,120
Person_46,no emotion,MYS_G000011_05022021_03_44_18510_18562_Sample_211_17760_25.0.mp4,20
Person_46,no emotion,MYS_G000011_05022021_03_48_42214_42338_Sample_533_41700_25.0.mp4,34
Person_46,no emotion,MYS_G000011_05022021_03_6_9180_9720_Sample_112_9180_25.0.mp4,270
Person_46,no emotion,MYS_G000011_05022021_03_75_53400_53820_Sample_682_53400_25.0.mp4,210
Person_46,no emotion,MYS_G000011_05022021_03_76_53940_55260_Sample_688_53940_25.0.mp4,660
Person_46,no emotion,MYS_G000011_05022021_03_86_30240_30480_Sample_380_30240_25.0.mp4,120
Person_46,no emotion,MYS_G000011_05022021_03_89_31141_31211_Sample_389_31140_25.0.mp4,17
Person_46,no emotion,MYS_G000011_05022021_03_90_31235_31380_Sample_389_31140_25.0.mp4,48
Person_46,no emotion,MYS_G000011_05022021_04_10_13876_14280_Sample_139_13800_25.0.mp4,202
Person_46,no emotion,MYS_G000011_05022021_04_13_42810_42940_Sample_472_42720_25.0.mp4,65
Person_46,no emotion,MYS_G000011_05022021_04_14_14340_14520_Sample_146_14340_25.0.mp4,90
Person_46,no emotion,MYS_G000011_05022021_04_14_29827_29985_Sample_325_29580_25.0.mp4,79
Person_46,no emotion,MYS_G000011_05022021_04_15_43320_43440_Sample_478_43320_25.0.mp4,60
Person_46,no emotion,MYS_G000011_05022021_04_18_16015_16080_Sample_159_15720_25.0.mp4,32
Person_46,no emotion,MYS_G000011_05022021_04_21_16200_16452_Sample_163_16200_25.0.mp4,126
Person_46,no emotion,MYS_G000011_05022021_04_24_16860_17408_Sample_172_16860_25.0.mp4,274
Person_46,no emotion,MYS_G000011_05022021_04_24_46154_46542_Sample_511_45900_25.0.mp4,194
Person_46,no emotion,MYS_G000011_05022021_04_2_10771_10897_Sample_112_10740_25.0.mp4,63
Person_46,no emotion,MYS_G000011_05022021_04_30_46760_46788_Sample_520_46680_25.0.mp4,14
Person_46,no emotion,MYS_G000011_05022021_04_31_46843_46883_Sample_520_46680_25.0.mp4,20
Person_46,no emotion,MYS_G000011_05022021_04_35_5400_5464_Sample_52_5400_25.0.mp4,32
Person_46,no emotion,MYS_G000011_05022021_04_36_5644_5747_Sample_52_5400_25.0.mp4,51
Person_46,no emotion,MYS_G000011_05022021_04_37_34870_35032_Sample_371_34860_25.0.mp4,81
Person_46,no emotion,MYS_G000011_05022021_04_38_35095_35174_Sample_371_34860_25.0.mp4,39
Person_46,no emotion,MYS_G000011_05022021_04_39_35728_35912_Sample_376_35520_25.0.mp4,92
Person_46,no emotion,MYS_G000011_05022021_04_3_11199_11224_Sample_112_10740_25.0.mp4,8
Person_46,no emotion,MYS_G000011_05022021_04_42_21985_22195_Sample_225_21720_25.0.mp4,105
Person_46,no emotion,MYS_G000011_05022021_04_43_22380_22860_Sample_233_22380_25.0.mp4,240
Person_46,no emotion,MYS_G000011_05022021_04_45_22860_22935_Sample_236_22860_25.0.mp4,37
Person_46,no emotion,MYS_G000011_05022021_04_45_49189_49751_Sample_551_49080_25.0.mp4,281
Person_46,no emotion,MYS_G000011_05022021_04_46_49988_50091_Sample_551_49080_25.0.mp4,51
Person_46,no emotion,MYS_G000011_05022021_04_47_37021_37308_Sample_397_36960_25.0.mp4,143
Person_46,no emotion,MYS_G000011_05022021_04_49_23542_23624_Sample_244_23400_25.0.mp4,41
Person_46,no emotion,MYS_G000011_05022021_04_49_37411_38310_Sample_403_37380_25.0.mp4,449
Person_46,no emotion,MYS_G000011_05022021_04_4_11580_11762_Sample_118_11580_25.0.mp4,91
Person_46,no emotion,MYS_G000011_05022021_04_53_39549_39676_Sample_425_39240_25.0.mp4,63
Person_46,no emotion,MYS_G000011_05022021_04_54_23827_23969_Sample_249_23760_25.0.mp4,71
Person_46,no emotion,MYS_G000011_05022021_04_59_24840_24947_Sample_259_24840_25.0.mp4,53
Person_46,no emotion,MYS_G000011_05022021_04_5_11883_12110_Sample_118_11580_25.0.mp4,113
Person_46,no emotion,MYS_G000011_05022021_04_60_4665_4748_Sample_43_4620_25.0.mp4,41
Person_46,no emotion,MYS_G000011_05022021_04_61_4955_5040_Sample_43_4620_25.0.mp4,42
Person_46,no emotion,MYS_G000011_05022021_04_62_25209_25234_Sample_268_25140_25.0.mp4,12
Person_46,no emotion,MYS_G000011_05022021_04_62_40356_40430_Sample_440_40140_25.0.mp4,37
Person_46,no emotion,MYS_G000011_05022021_04_63_40789_40923_Sample_440_40140_25.0.mp4,67
Person_46,no emotion,MYS_G000011_05022021_04_64_40773_40800_Sample_443_40440_25.0.mp4,13
Person_46,no emotion,MYS_G000011_05022021_04_66_25380_25500_Sample_271_25380_25.0.mp4,60
Person_46,no emotion,MYS_G000011_05022021_04_68_26614_26635_Sample_275_25620_25.0.mp4,10
Person_46,no emotion,MYS_G000011_05022021_04_69_41880_42071_Sample_458_41880_25.0.mp4,95
Person_46,no emotion,MYS_G000011_05022021_04_7_12688_13380_Sample_127_12540_25.0.mp4,346
Person_46,no emotion,MYS_G000011_05022021_04_8_13560_13680_Sample_137_13560_25.0.mp4,60
Person_46,no emotion,MYS_G000011_05022021_05_101_193_234_Sample_237.mp4,9
Person_46,no emotion,MYS_G000011_05022021_05_111_0_300_Sample_249.mp4,150
Person_46,no emotion,MYS_G000011_05022021_05_114_0_600_Sample_254.mp4,300
Person_46,no emotion,MYS_G000011_05022021_05_11_10_129_Sample_12.mp4,59
Person_46,no emotion,MYS_G000011_05022021_05_133_283_392_Sample_39.mp4,41
Person_46,no emotion,MYS_G000011_05022021_05_142_660_732_Sample_55.mp4,31
Person_46,no emotion,MYS_G000011_05022021_05_143_773_834_Sample_55.mp4,11
Person_46,no emotion,MYS_G000011_05022021_05_156_2_86_Sample_88.mp4,51
Person_46,no emotion,MYS_G000011_05022021_05_160_5_117_Sample_97.mp4,51
Person_46,no emotion,MYS_G000011_05022021_05_27_448_468_Sample_134.mp4,9
Person_46,no emotion,MYS_G000011_05022021_05_29_0_120_Sample_138.mp4,59
Person_46,no emotion,MYS_G000011_05022021_05_30_0_186_Sample_139.mp4,70
Person_46,no emotion,MYS_G000011_05022021_05_4_247_353_Sample_105.mp4,24
Person_46,no emotion,MYS_G000011_05022021_05_61_7_247_Sample_17.mp4,119
Person_46,no emotion,MYS_G000011_05022021_05_74_1_27_Sample_205.mp4,3
Person_46,no emotion,MYS_G000011_05022021_05_76_544_624_Sample_205.mp4,43
Person_46,no emotion,MYS_G000011_05022021_05_78_777_819_Sample_205.mp4,10
Person_46,no emotion,MYS_G000011_05022021_05_79_1181_1481_Sample_205.mp4,153
Person_46,no emotion,MYS_G000011_05022021_05_87_165_240_Sample_219.mp4,50
Person_46,no emotion,MYS_G000011_05022021_05_91_432_512_Sample_223.mp4,52
Person_46,no emotion,MYS_G000011_05022021_05_98_0_27_Sample_235.mp4,11
Person_46,no emotion,MYS_G000011_05022021_05_99_175_257_Sample_235.mp4,44
Person_46,no emotion,MYS_G000011_15022021_01_12_0_180_Sample_122.mp4,89
Person_46,no emotion,MYS_G000011_15022021_01_14_0_180_Sample_124.mp4,89
Person_46,no emotion,MYS_G000011_15022021_01_14_0_840_Sample_48.mp4,419
Person_46,no emotion,MYS_G000011_15022021_01_18_0_480_Sample_54.mp4,239
Person_46,no emotion,MYS_G000011_15022021_01_19_0_300_Sample_56.mp4,150
Person_46,no emotion,MYS_G000011_15022021_01_20_0_240_Sample_57.mp4,119
Person_46,no emotion,MYS_G000011_15022021_01_23_0_540_Sample_72.mp4,269
Person_46,no emotion,MYS_G000011_15022021_01_26_0_1200_Sample_132.mp4,600
Person_46,no emotion,MYS_G000011_15022021_01_28_0_1200_Sample_79.mp4,600
Person_46,no emotion,MYS_G000011_15022021_01_29_0_120_Sample_139.mp4,59
Person_46,no emotion,MYS_G000011_15022021_01_2_0_26_Sample_32.mp4,4
Person_46,no emotion,MYS_G000011_15022021_01_30_0_120_Sample_140.mp4,60
Person_46,no emotion,MYS_G000011_15022021_01_32_0_2340_Sample_91.mp4,1169
Person_46,no emotion,MYS_G000011_15022021_01_32_0_240_Sample_143.mp4,119
Person_46,no emotion,MYS_G000011_15022021_01_3_0_780_Sample_105.mp4,390
Person_46,no emotion,MYS_G000011_15022021_01_40_0_240_Sample_156.mp4,119
Person_46,no emotion,MYS_G000011_15022021_01_41_0_1437_Sample_161.mp4,718
Person_46,no emotion,MYS_G000011_15022021_01_4_0_240_Sample_35.mp4,120
Person_46,no emotion,MYS_G000011_15022021_01_5_0_300_Sample_37.mp4,150
Person_46,no emotion,MYS_G000011_15022021_01_6_0_120_Sample_40.mp4,60
Person_46,no emotion,MYS_G000011_15022021_01_72_0_300_Sample_256.mp4,150
Person_46,no emotion,MYS_G000011_15022021_01_76_0_300_Sample_265.mp4,150
Person_46,no emotion,MYS_G000011_15022021_01_77_0_240_Sample_269.mp4,119
Person_46,no emotion,MYS_G000011_15022021_01_7_0_1080_Sample_41.mp4,539
Person_46,no emotion,MYS_G000011_15022021_01_81_0_300_Sample_283.mp4,150
Person_46,no emotion,MYS_G000011_15022021_01_83_0_360_Sample_289.mp4,179
Person_46,no emotion,MYS_G000011_15022021_01_84_0_120_Sample_29.mp4,59
Person_46,no emotion,MYS_G000011_15022021_02_12_0_537_Sample_382.mp4,268
Person_46,no emotion,MYS_G000011_15022021_02_12_1034_1165_Sample_158.mp4,27
Person_46,no emotion,MYS_G000011_15022021_02_16_0_120_Sample_390.mp4,60
Person_46,no emotion,MYS_G000011_15022021_02_17_0_180_Sample_392.mp4,89
Person_46,no emotion,MYS_G000011_15022021_02_18_0_120_Sample_174.mp4,59
Person_46,no emotion,MYS_G000011_15022021_02_24_0_660_Sample_184.mp4,329
Person_46,no emotion,MYS_G000011_15022021_02_28_1_360_Sample_41.mp4,179
Person_46,no emotion,MYS_G000011_15022021_02_31_0_120_Sample_193.mp4,59
Person_46,no emotion,MYS_G000011_15022021_02_32_0_180_Sample_419.mp4,89
Person_46,no emotion,MYS_G000011_15022021_02_33_25_262_Sample_2.mp4,118
Person_46,no emotion,MYS_G000011_15022021_02_34_0_420_Sample_421.mp4,209
Person_46,no emotion,MYS_G000011_15022021_02_36_0_660_Sample_433.mp4,329
Person_46,no emotion,MYS_G000011_15022021_02_37_0_1980_Sample_216.mp4,989
Person_46,no emotion,MYS_G000011_15022021_02_39_0_660_Sample_439.mp4,329
Person_46,no emotion,MYS_G000011_15022021_02_44_0_120_Sample_451.mp4,59
Person_46,no emotion,MYS_G000011_15022021_02_46_0_1080_Sample_458.mp4,539
Person_46,no emotion,MYS_G000011_15022021_02_47_2_122_Sample_25.mp4,60
Person_46,no emotion,MYS_G000011_15022021_02_50_0_420_Sample_254.mp4,209
Person_46,no emotion,MYS_G000011_15022021_02_57_0_1080_Sample_507.mp4,539
Person_46,no emotion,MYS_G000011_15022021_02_61_1_961_Sample_29.mp4,479
Person_46,no emotion,MYS_G000011_15022021_02_65_0_300_Sample_320.mp4,150
Person_46,no emotion,MYS_G000011_15022021_02_66_0_480_Sample_323.mp4,239
Person_46,no emotion,MYS_G000011_15022021_02_67_0_180_Sample_57.mp4,89
Person_46,no emotion,MYS_G000011_15022021_02_68_0_540_Sample_61.mp4,269
Person_46,no emotion,MYS_G000011_15022021_02_6_0_480_Sample_365.mp4,240
Person_46,no emotion,MYS_G000011_15022021_02_71_0_360_Sample_332.mp4,179
Person_46,no emotion,MYS_G000011_15022021_02_74_0_240_Sample_74.mp4,119
Person_46,no emotion,MYS_G000011_15022021_02_75_0_420_Sample_339.mp4,209
Person_46,no emotion,MYS_G000011_15022021_02_78_0_420_Sample_353.mp4,209
Person_46,no emotion,MYS_G000011_15022021_02_8_0_240_Sample_377.mp4,119
Person_46,no emotion,MYS_G000011_15022021_03_100_32_53_Sample_562.mp4,4
Person_46,no emotion,MYS_G000011_15022021_03_108_1_338_Sample_73.mp4,168
Person_46,no emotion,MYS_G000011_15022021_03_113_0_1978_Sample_86.mp4,988
Person_46,no emotion,MYS_G000011_15022021_03_17_100_987_Sample_4.mp4,443
Person_46,no emotion,MYS_G000011_15022021_03_24_846_882_Sample_411.mp4,11
Person_46,no emotion,MYS_G000011_15022021_03_44_1322_1338_Sample_465.mp4,5
Person_46,no emotion,MYS_G000011_15022021_03_54_407_460_Sample_48.mp4,26
Person_46,no emotion,MYS_G000011_15022021_03_56_2678_8625_Sample_209.mp4,2973
Person_46,no emotion,MYS_G000011_15022021_03_63_19_290_Sample_488.mp4,135
Person_46,no emotion,MYS_G000011_15022021_03_68_0_119_Sample_492.mp4,59
Person_46,no emotion,MYS_G000011_15022021_03_71_283_321_Sample_496.mp4,17
Person_46,no emotion,MYS_G000011_15022021_03_77_29_243_Sample_515.mp4,107
Person_46,no emotion,MYS_G000011_15022021_03_81_0_226_Sample_521.mp4,112
Person_46,no emotion,MYS_G000011_15022021_03_82_0_183_Sample_292.mp4,91
Person_46,no emotion,MYS_G000011_15022021_03_83_64_261_Sample_526.mp4,98
Person_46,no emotion,MYS_G000011_15022021_03_84_24_120_Sample_301.mp4,48
Person_46,no emotion,MYS_G000011_15022021_03_84_417_2532_Sample_526.mp4,1057
Person_46,no emotion,MYS_G000011_15022021_03_86_0_120_Sample_305.mp4,60
Person_46,no emotion,MYS_G000011_15022021_03_87_0_118_Sample_307.mp4,59
Person_46,no emotion,MYS_G000011_15022021_03_89_432_1360_Sample_31.mp4,464
Person_46,no emotion,MYS_G000011_15022021_03_90_0_120_Sample_310.mp4,60
Person_46,no emotion,MYS_G000011_15022021_03_91_106_117_Sample_314.mp4,3
Person_46,no emotion,MYS_G000011_15022021_03_94_136_657_Sample_319.mp4,260
Person_46,no emotion,MYS_G000011_15022021_04_12_72_147_Sample_12.mp4,37
Person_46,no emotion,MYS_G000011_15022021_04_21_4_3244_Sample_22.mp4,1619
Person_46,no emotion,MYS_G000011_15022021_04_27_2_839_Sample_47.mp4,418
Person_46,no emotion,MYS_G000011_15022021_04_33_1_728_Sample_77.mp4,363
Person_46,no emotion,MYS_G000011_15022021_04_34_18_86_Sample_81.mp4,34
Person_46,no emotion,MYS_G000011_15022021_04_38_37_464_Sample_89.mp4,214
Person_46,no emotion,MYS_G000011_15022021_04_4_1_121_Sample_100.mp4,60
Person_46,no emotion,MYS_G000011_15022021_04_5_0_598_Sample_105.mp4,298
Person_46,no emotion,MYS_G000011_15022021_04_7_52_159_Sample_11.mp4,53
Person_46,no emotion,MYS_G000011_22012021_02_15_18720_18900_Sample_162_18720_25.0.mp4,90
Person_46,no emotion,MYS_G000011_22012021_02_1_10560_10800_Sample_102_10560_25.0.mp4,120
Person_46,no emotion,MYS_G000011_22012021_02_36_22140_22260_Sample_210_22140_25.0.mp4,60
Person_46,no emotion,MYS_G000011_22012021_02_39_23160_23520_Sample_222_23160_25.0.mp4,180
Person_46,no emotion,MYS_G000011_22012021_02_46_25920_26040_Sample_243_25920_25.0.mp4,60
Person_46,no emotion,MYS_G000011_22012021_02_49_26580_26700_Sample_251_26580_25.0.mp4,60
Person_46,no emotion,MYS_G000011_22012021_02_50_26880_27180_Sample_253_26880_25.0.mp4,150
Person_46,no emotion,MYS_G000011_22012021_02_51_27360_27540_Sample_260_27360_25.0.mp4,90
Person_46,no emotion,MYS_G000011_22012021_02_5_12780_12900_Sample_110_12780_25.0.mp4,60
Person_46,no emotion,MYS_G000011_22012021_02_60_28215_28255_Sample_271_28200_25.0.mp4,15
Person_46,no emotion,MYS_G000011_22012021_02_61_28660_28697_Sample_274_28620_25.0.mp4,13
Person_46,no emotion,MYS_G000011_22012021_02_6_13201_13228_Sample_112_13200_25.0.mp4,8
Person_46,no emotion,MYS_G000011_22012021_02_74_31440_31620_Sample_311_31440_25.0.mp4,90
Person_46,no emotion,MYS_G000011_22012021_02_76_31680_31800_Sample_316_31680_25.0.mp4,60
Person_46,no emotion,MYS_G000011_22012021_02_79_31860_31980_Sample_321_31860_25.0.mp4,60
Person_46,no emotion,MYS_G000011_22012021_02_8_13980_14100_Sample_118_13980_25.0.mp4,60
Person_46,no emotion,MYS_G000011_28012021_02_11_9_180_Sample_263.mp4,85
Person_46,no emotion,MYS_G000011_28012021_02_12_24_540_Sample_121.mp4,258
Person_46,no emotion,MYS_G000011_28012021_02_14_0_21_Sample_269.mp4,12
Person_46,no emotion,MYS_G000011_28012021_02_14_14_87_Sample_123.mp4,36
Person_46,no emotion,MYS_G000011_28012021_02_15_42_286_Sample_127.mp4,122
Person_46,no emotion,MYS_G000011_28012021_02_17_19_1751_Sample_130.mp4,866
Person_46,no emotion,MYS_G000011_28012021_02_17_6_240_Sample_276.mp4,116
Person_46,no emotion,MYS_G000011_28012021_02_18_9_146_Sample_278.mp4,68
Person_46,no emotion,MYS_G000011_28012021_02_20_102_114_Sample_280.mp4,6
Person_46,no emotion,MYS_G000011_28012021_02_21_84_180_Sample_282.mp4,48
Person_46,no emotion,MYS_G000011_28012021_02_21_88_1181_Sample_137.mp4,546
Person_46,no emotion,MYS_G000011_28012021_02_23_113_360_Sample_284.mp4,123
Person_46,no emotion,MYS_G000011_28012021_02_24_120_1200_Sample_290.mp4,540
Person_46,no emotion,MYS_G000011_28012021_02_25_0_120_Sample_149.mp4,59
Person_46,no emotion,MYS_G000011_28012021_02_27_0_360_Sample_152.mp4,179
Person_46,no emotion,MYS_G000011_28012021_02_28_893_906_Sample_296.mp4,4
Person_46,no emotion,MYS_G000011_28012021_02_29_9_92_Sample_155.mp4,41
Person_46,no emotion,MYS_G000011_28012021_02_2_22_125_Sample_10.mp4,51
Person_46,no emotion,MYS_G000011_28012021_02_31_2_182_Sample_17.mp4,89
Person_46,no emotion,MYS_G000011_28012021_02_32_0_360_Sample_303.mp4,179
Person_46,no emotion,MYS_G000011_28012021_02_32_25_137_Sample_2.mp4,56
Person_46,no emotion,MYS_G000011_28012021_02_33_22_540_Sample_306.mp4,258
Person_46,no emotion,MYS_G000011_28012021_02_34_46_311_Sample_220.mp4,132
Person_46,no emotion,MYS_G000011_28012021_02_35_0_120_Sample_312.mp4,59
Person_46,no emotion,MYS_G000011_28012021_02_35_401_420_Sample_220.mp4,12
Person_46,no emotion,MYS_G000011_28012021_02_36_0_63_Sample_314.mp4,31
Person_46,no emotion,MYS_G000011_28012021_02_37_213_521_Sample_315.mp4,154
Person_46,no emotion,MYS_G000011_28012021_02_37_70_120_Sample_225.mp4,18
Person_46,no emotion,MYS_G000011_28012021_02_38_61_111_Sample_227.mp4,25
Person_46,no emotion,MYS_G000011_28012021_02_39_2_91_Sample_23.mp4,44
Person_46,no emotion,MYS_G000011_28012021_02_40_12_156_Sample_4.mp4,71
Person_46,no emotion,MYS_G000011_28012021_02_41_35_181_Sample_41.mp4,72
Person_46,no emotion,MYS_G000011_28012021_02_41_36_1090_Sample_234.mp4,527
Person_46,no emotion,MYS_G000011_28012021_02_44_1_180_Sample_48.mp4,89
Person_46,no emotion,MYS_G000011_28012021_02_49_977_2760_Sample_59.mp4,891
Person_46,no emotion,MYS_G000011_28012021_02_4_65_227_Sample_246.mp4,81
Person_46,no emotion,MYS_G000011_28012021_02_56_57_81_Sample_70.mp4,5
Person_46,no emotion,MYS_G000011_28012021_02_57_54_300_Sample_72.mp4,123
Person_46,no emotion,MYS_G000011_28012021_02_58_0_120_Sample_75.mp4,60
Person_46,no emotion,MYS_G000011_28012021_02_59_79_120_Sample_87.mp4,20
Person_46,no emotion,MYS_G000011_28012021_02_61_0_600_Sample_90.mp4,300
Person_46,no emotion,MYS_G000011_28012021_02_63_3_177_Sample_94.mp4,86
Person_46,no emotion,MYS_G000011_28012021_02_64_22_1800_Sample_98.mp4,889
Person_46,no emotion,MYS_G000011_28012021_02_7_55_240_Sample_116.mp4,92
Person_46,no emotion,MYS_G000011_28012021_02_8_280_394_Sample_255.mp4,56
Person_46,no emotion,MYS_G000011_28012021_02_9_11_240_Sample_118.mp4,114
Person_46,no emotion,MYS_G000011_28012021_04_10_0_300_Sample_115.mp4,150
Person_46,no emotion,MYS_G000011_28012021_04_10_5_100_Sample_19.mp4,47
Person_46,no emotion,MYS_G000011_28012021_04_12_34_135_Sample_117.mp4,50
Person_46,no emotion,MYS_G000011_28012021_04_12_4_123_Sample_21.mp4,59
Person_46,no emotion,MYS_G000011_28012021_04_13_11_112_Sample_118.mp4,50
Person_46,no emotion,MYS_G000011_28012021_04_15_0_64_Sample_131.mp4,31
Person_46,no emotion,MYS_G000011_28012021_04_16_158_783_Sample_132.mp4,312
Person_46,no emotion,MYS_G000011_28012021_04_18_0_15_Sample_139.mp4,7
Person_46,no emotion,MYS_G000011_28012021_04_1_59_300_Sample_141.mp4,121
Person_46,no emotion,MYS_G000011_28012021_04_21_52_178_Sample_44.mp4,63
Person_46,no emotion,MYS_G000011_28012021_04_22_28_246_Sample_49.mp4,109
Person_46,no emotion,MYS_G000011_28012021_04_24_132_412_Sample_57.mp4,140
Person_46,no emotion,MYS_G000011_28012021_04_27_109_336_Sample_61.mp4,113
Person_46,no emotion,MYS_G000011_28012021_04_2_43_120_Sample_145.mp4,38
Person_46,no emotion,MYS_G000011_28012021_04_2_54_63_Sample_103.mp4,3
Person_46,no emotion,MYS_G000011_28012021_04_31_1_121_Sample_71.mp4,59
Person_46,no emotion,MYS_G000011_28012021_04_32_1_121_Sample_72.mp4,59
Person_46,no emotion,MYS_G000011_28012021_04_33_1_481_Sample_73.mp4,239
Person_46,no emotion,MYS_G000011_28012021_04_40_57_121_Sample_82.mp4,32
Person_46,no emotion,MYS_G000011_28012021_04_41_1_178_Sample_84.mp4,88
Person_46,no emotion,MYS_G000011_28012021_04_42_1_478_Sample_87.mp4,238
Person_46,no emotion,MYS_G000011_28012021_04_43_53_241_Sample_89.mp4,93
Person_46,no emotion,MYS_G000011_28012021_04_46_1_538_Sample_93.mp4,268
Person_46,no emotion,MYS_G000011_28012021_04_5_19_42_Sample_158.mp4,13
Person_46,no emotion,MYS_G000011_28012021_04_6_59_204_Sample_111.mp4,72
Person_46,no emotion,MYS_G000011_28012021_04_7_6_903_Sample_16.mp4,448
Person_46,no emotion,MYS_G000011_28012021_04_8_126_474_Sample_161.mp4,174
Person_46,no emotion,MYS_G000013_25052021_01_21_13068_13105_Sample_70_13020_25.0.mp4,18
Person_46,no emotion,MYS_G000013_25052021_01_3_17880_17912_Sample_111_17880_25.0.mp4,16
Person_46,no emotion,MYS_G000013_25052021_01_5_30860_30925_Sample_219_30240_25.0.mp4,32
Person_5,no emotion,MYS_G000010_02042021_01_104_42423_42477_Sample_487_42360_25.0.mp4,27
Person_5,no emotion,MYS_G000010_02042021_01_108_42857_43017_Sample_490_42540_25.0.mp4,80
Person_5,no emotion,MYS_G000010_02042021_01_111_43649_43737_Sample_498_43500_25.0.mp4,44
Person_5,no emotion,MYS_G000010_02042021_01_116_44121_44277_Sample_507_44040_25.0.mp4,78
Person_5,no emotion,MYS_G000010_02042021_01_119_44533_44637_Sample_514_44460_25.0.mp4,52
Person_5,no emotion,MYS_G000010_02042021_01_122_45171_45237_Sample_520_45120_25.0.mp4,33
Person_5,no emotion,MYS_G000010_02042021_01_127_45912_46014_Sample_530_45900_25.0.mp4,51
Person_5,no emotion,MYS_G000010_02042021_01_134_46688_46782_Sample_542_46680_25.0.mp4,47
Person_5,no emotion,MYS_G000010_02042021_01_167_51787_51837_Sample_622_51720_25.0.mp4,25
Person_5,no emotion,MYS_G000010_02042021_01_16_12314_12417_Sample_134_12300_25.0.mp4,51
Person_5,no emotion,MYS_G000010_02042021_01_173_52080_52251_Sample_631_52080_25.0.mp4,85
Person_5,no emotion,MYS_G000010_02042021_01_174_52514_52611_Sample_639_52500_25.0.mp4,48
Person_5,no emotion,MYS_G000010_02042021_01_182_54660_54776_Sample_667_54660_25.0.mp4,58
Person_5,no emotion,MYS_G000010_02042021_01_198_5853_6297_Sample_82_5700_25.0.mp4,222
Person_5,no emotion,MYS_G000010_02042021_01_199_6365_6594_Sample_84_6360_25.0.mp4,114
Person_5,no emotion,MYS_G000010_02042021_01_1_7816_7967_Sample_100_7740_25.0.mp4,75
Person_5,no emotion,MYS_G000010_02042021_01_201_6840_7022_Sample_90_6840_25.0.mp4,91
Person_5,no emotion,MYS_G000010_02042021_01_27_14160_14460_Sample_162_14160_25.0.mp4,150
Person_5,no emotion,MYS_G000010_02042021_01_3_9064_9180_Sample_105_9060_25.0.mp4,58
Person_5,no emotion,MYS_G000010_02042021_01_63_27205_27265_Sample_302_27180_25.0.mp4,30
Person_5,no emotion,MYS_G000010_02042021_01_69_27925_28006_Sample_314_27900_25.0.mp4,40
Person_5,no emotion,MYS_G000010_02042021_01_70_28341_28473_Sample_319_28320_25.0.mp4,66
Person_5,no emotion,MYS_G000010_02042021_01_77_29565_29698_Sample_336_29520_25.0.mp4,66
Person_5,no emotion,MYS_G000010_02042021_01_86_31146_31251_Sample_355_31140_25.0.mp4,52
Person_5,no emotion,MYS_G000010_02042021_02_100_25260_25380_Sample_314_25260_25.0.mp4,60
Person_5,no emotion,MYS_G000010_02042021_02_122_27600_27720_Sample_355_27600_25.0.mp4,60
Person_5,no emotion,MYS_G000010_02042021_02_126_28560_28800_Sample_368_28560_25.0.mp4,120
Person_5,no emotion,MYS_G000010_02042021_02_12_14820_15480_Sample_181_14820_25.0.mp4,330
Person_5,no emotion,MYS_G000010_02042021_02_133_29520_29700_Sample_382_29520_25.0.mp4,90
Person_5,no emotion,MYS_G000010_02042021_02_134_29820_30060_Sample_384_29820_25.0.mp4,120
Person_5,no emotion,MYS_G000010_02042021_02_141_31260_31440_Sample_402_31260_25.0.mp4,90
Person_5,no emotion,MYS_G000010_02042021_02_144_31560_31680_Sample_407_31560_25.0.mp4,60
Person_5,no emotion,MYS_G000010_02042021_02_149_32280_32400_Sample_414_32280_25.0.mp4,60
Person_5,no emotion,MYS_G000010_02042021_02_150_32400_32640_Sample_416_32400_25.0.mp4,120
Person_5,no emotion,MYS_G000010_02042021_02_157_33000_33360_Sample_423_33000_25.0.mp4,180
Person_5,no emotion,MYS_G000010_02042021_02_164_35760_36060_Sample_452_35760_25.0.mp4,150
Person_5,no emotion,MYS_G000010_02042021_02_171_37320_37440_Sample_472_37320_25.0.mp4,60
Person_5,no emotion,MYS_G000010_02042021_02_178_38820_39180_Sample_488_38820_25.0.mp4,180
Person_5,no emotion,MYS_G000010_02042021_02_183_39360_39480_Sample_493_39360_25.0.mp4,60
Person_5,no emotion,MYS_G000010_02042021_02_185_39660_39840_Sample_498_39660_25.0.mp4,90
Person_5,no emotion,MYS_G000010_02042021_02_221_53820_53940_Sample_695_53820_25.0.mp4,60
Person_5,no emotion,MYS_G000010_02042021_02_232_7020_7320_Sample_70_7020_25.0.mp4,150
Person_5,no emotion,MYS_G000010_02042021_02_233_54180_54300_Sample_701_54180_25.0.mp4,60
Person_5,no emotion,MYS_G000010_02042021_02_235_54360_54480_Sample_705_54360_25.0.mp4,60
Person_5,no emotion,MYS_G000010_02042021_02_23_16020_16140_Sample_198_16020_25.0.mp4,60
Person_5,no emotion,MYS_G000010_02042021_02_243_7620_7740_Sample_79_7620_25.0.mp4,60
Person_5,no emotion,MYS_G000010_02042021_02_250_8460_8580_Sample_98_8460_25.0.mp4,60
Person_5,no emotion,MYS_G000010_02042021_02_29_13380_13500_Sample_160_13380_25.0.mp4,60
Person_5,no emotion,MYS_G000010_02042021_02_3_13620_13740_Sample_162_13620_25.0.mp4,60
Person_5,no emotion,MYS_G000010_02042021_02_41_17280_17460_Sample_213_17280_25.0.mp4,90
Person_5,no emotion,MYS_G000010_02042021_02_5_13860_14220_Sample_165_13860_25.0.mp4,180
Person_5,no emotion,MYS_G000010_02042021_02_74_21360_21480_Sample_267_21360_25.0.mp4,60
Person_5,no emotion,MYS_G000010_02042021_02_7_14400_14640_Sample_175_14400_25.0.mp4,120
Person_5,no emotion,MYS_G000010_02042021_02_85_23340_23520_Sample_292_23340_25.0.mp4,90
Person_5,no emotion,MYS_G000010_02042021_02_91_24060_24480_Sample_302_24060_25.0.mp4,210
Person_5,no emotion,MYS_G000010_02042021_03_104_50280_50460_Sample_700_50280_25.0.mp4,90
Person_5,no emotion,MYS_G000010_02042021_03_108_50820_51240_Sample_713_50820_25.0.mp4,210
Person_5,no emotion,MYS_G000010_02042021_03_109_51300_51480_Sample_719_51300_25.0.mp4,90
Person_5,no emotion,MYS_G000010_02042021_03_113_52140_52260_Sample_725_52140_25.0.mp4,60
Person_5,no emotion,MYS_G000010_02042021_03_114_52380_52500_Sample_728_52380_25.0.mp4,60
Person_5,no emotion,MYS_G000010_02042021_03_129_8975_9025_Sample_97_8880_25.0.mp4,27
Person_5,no emotion,MYS_G000010_02042021_03_131_9193_9253_Sample_99_9120_25.0.mp4,32
Person_5,no emotion,MYS_G000010_02042021_03_19_12540_12660_Sample_141_12540_25.0.mp4,60
Person_5,no emotion,MYS_G000010_02042021_03_29_20880_21240_Sample_258_20880_25.0.mp4,180
Person_5,no emotion,MYS_G000010_02042021_03_31_23082_23144_Sample_301_23040_25.0.mp4,19
Person_5,no emotion,MYS_G000010_02042021_03_33_23220_23400_Sample_304_23220_25.0.mp4,90
Person_5,no emotion,MYS_G000010_02042021_03_36_23520_23820_Sample_307_23520_25.0.mp4,150
Person_5,no emotion,MYS_G000010_02042021_03_41_23880_24240_Sample_313_23880_25.0.mp4,180
Person_5,no emotion,MYS_G000010_02042021_03_56_27618_27709_Sample_360_27120_25.0.mp4,27
Person_5,no emotion,MYS_G000010_02042021_03_70_38160_38340_Sample_519_38160_25.0.mp4,90
Person_5,no emotion,MYS_G000010_02042021_04_107_51847_51911_Sample_640_51000_25.0.mp4,29
Person_5,no emotion,MYS_G000010_02042021_04_10_8048_8105_Sample_121_8040_25.0.mp4,28
Person_5,no emotion,MYS_G000010_02042021_04_111_52020_52121_Sample_652_52020_25.0.mp4,50
Person_5,no emotion,MYS_G000010_02042021_04_115_52695_52725_Sample_658_52440_25.0.mp4,13
Person_5,no emotion,MYS_G000010_02042021_04_116_4164_4238_Sample_65_4080_25.0.mp4,37
Person_5,no emotion,MYS_G000010_02042021_04_118_53160_53345_Sample_666_53160_25.0.mp4,92
Person_5,no emotion,MYS_G000010_02042021_04_124_53828_53929_Sample_682_53820_25.0.mp4,50
Person_5,no emotion,MYS_G000010_02042021_04_127_54375_54515_Sample_687_54060_25.0.mp4,70
Person_5,no emotion,MYS_G000010_02042021_04_131_54697_54859_Sample_694_54660_25.0.mp4,81
Person_5,no emotion,MYS_G000010_02042021_04_138_6150_6224_Sample_96_6120_25.0.mp4,37
Person_5,no emotion,MYS_G000010_02042021_04_13_8400_8485_Sample_126_8400_25.0.mp4,42
Person_5,no emotion,MYS_G000010_02042021_04_16_25309_25414_Sample_333_25020_25.0.mp4,52
Person_5,no emotion,MYS_G000010_02042021_04_19_25765_25856_Sample_337_25680_25.0.mp4,45
Person_5,no emotion,MYS_G000010_02042021_04_27_28368_28486_Sample_368_28320_25.0.mp4,59
Person_5,no emotion,MYS_G000010_02042021_04_39_14400_14520_Sample_226_14400_25.0.mp4,60
Person_5,no emotion,MYS_G000010_02042021_04_42_14880_15109_Sample_231_14880_25.0.mp4,114
Person_5,no emotion,MYS_G000010_02042021_04_42_32828_32982_Sample_428_32820_25.0.mp4,77
Person_5,no emotion,MYS_G000010_02042021_04_48_17103_17217_Sample_250_17100_25.0.mp4,57
Person_5,no emotion,MYS_G000010_02042021_04_50_34809_34930_Sample_449_34800_25.0.mp4,60
Person_5,no emotion,MYS_G000010_02042021_04_52_18600_18701_Sample_266_18600_25.0.mp4,50
Person_5,no emotion,MYS_G000010_02042021_04_57_3083_3120_Sample_46_3060_25.0.mp4,18
Person_5,no emotion,MYS_G000010_02042021_04_59_20160_20269_Sample_285_20160_25.0.mp4,54
Person_5,no emotion,MYS_G000010_02042021_04_62_38644_38797_Sample_493_38580_25.0.mp4,76
Person_5,no emotion,MYS_G000010_02042021_04_65_21120_21295_Sample_296_21120_25.0.mp4,87
Person_5,no emotion,MYS_G000010_02042021_04_66_39902_40077_Sample_501_39660_25.0.mp4,87
Person_5,no emotion,MYS_G000010_02042021_04_68_40268_40401_Sample_509_40260_25.0.mp4,66
Person_5,no emotion,MYS_G000010_02042021_04_69_3461_3647_Sample_50_3300_25.0.mp4,93
Person_5,no emotion,MYS_G000010_02042021_04_71_40649_40841_Sample_515_40620_25.0.mp4,96
Person_5,no emotion,MYS_G000010_02042021_04_74_41285_41424_Sample_523_41220_25.0.mp4,69
Person_5,no emotion,MYS_G000010_02042021_04_7_7441_7597_Sample_113_7440_25.0.mp4,78
Person_5,no emotion,MYS_G000010_02042021_04_81_42420_42535_Sample_541_42300_25.0.mp4,57
Person_5,no emotion,MYS_G000010_02042021_04_83_43000_43187_Sample_548_42960_25.0.mp4,93
Person_5,no emotion,MYS_G000010_02042021_04_91_45525_45578_Sample_581_45480_25.0.mp4,26
Person_5,no emotion,MYS_G000010_02042021_04_98_48393_48480_Sample_612_48300_25.0.mp4,43
Person_5,no emotion,MYS_G000010_02042021_04_99_48547_48636_Sample_616_48540_25.0.mp4,44
Person_5,no emotion,MYS_G000010_05032021_01_100_9303_9416_Sample_69_9300_25.0.mp4,56
Person_5,no emotion,MYS_G000010_05032021_01_103_10442_10538_Sample_78_10440_25.0.mp4,48
Person_5,no emotion,MYS_G000010_05032021_01_108_11829_11884_Sample_91_11820_25.0.mp4,27
Person_5,no emotion,MYS_G000010_05032021_01_110_13557_13866_Sample_99_13080_25.0.mp4,154
Person_5,no emotion,MYS_G000010_05032021_01_11_17641_17708_Sample_125_17640_25.0.mp4,33
Person_5,no emotion,MYS_G000010_05032021_01_17_21060_21151_Sample_152_21060_25.0.mp4,45
Person_5,no emotion,MYS_G000010_05032021_01_19_21765_21897_Sample_154_21360_25.0.mp4,66
Person_5,no emotion,MYS_G000010_05032021_01_20_21960_22062_Sample_156_21960_25.0.mp4,51
Person_5,no emotion,MYS_G000010_05032021_01_21_22700_22797_Sample_158_22500_25.0.mp4,48
Person_5,no emotion,MYS_G000010_05032021_01_25_25380_25606_Sample_186_25380_25.0.mp4,113
Person_5,no emotion,MYS_G000010_05032021_01_27_26109_26215_Sample_192_26100_25.0.mp4,53
Person_5,no emotion,MYS_G000010_05032021_01_30_27122_27226_Sample_201_27120_25.0.mp4,52
Person_5,no emotion,MYS_G000010_05032021_01_31_27480_27886_Sample_205_27480_25.0.mp4,203
Person_5,no emotion,MYS_G000010_05032021_01_34_30784_30913_Sample_218_30780_25.0.mp4,64
Person_5,no emotion,MYS_G000010_05032021_01_35_31341_31478_Sample_221_31320_25.0.mp4,68
Person_5,no emotion,MYS_G000010_05032021_01_38_31633_32330_Sample_225_31560_25.0.mp4,348
Person_5,no emotion,MYS_G000010_05032021_01_45_33553_33849_Sample_239_32880_25.0.mp4,148
Person_5,no emotion,MYS_G000010_05032021_01_47_36124_36311_Sample_260_35580_25.0.mp4,93
Person_5,no emotion,MYS_G000010_05032021_01_48_36526_36623_Sample_265_36480_25.0.mp4,48
Person_5,no emotion,MYS_G000010_05032021_01_52_37704_37797_Sample_274_37680_25.0.mp4,46
Person_5,no emotion,MYS_G000010_05032021_01_53_38071_38383_Sample_275_37860_25.0.mp4,156
Person_5,no emotion,MYS_G000010_05032021_01_54_39245_39345_Sample_279_39240_25.0.mp4,50
Person_5,no emotion,MYS_G000010_05032021_01_61_41792_42001_Sample_295_41760_25.0.mp4,104
Person_5,no emotion,MYS_G000010_05032021_01_62_42415_42453_Sample_303_42360_25.0.mp4,19
Person_5,no emotion,MYS_G000010_05032021_01_65_45192_45254_Sample_316_45180_25.0.mp4,31
Person_5,no emotion,MYS_G000010_05032021_01_66_45550_45696_Sample_319_45540_25.0.mp4,73
Person_5,no emotion,MYS_G000010_05032021_01_67_45797_45825_Sample_321_45780_25.0.mp4,14
Person_5,no emotion,MYS_G000010_05032021_01_68_46098_46194_Sample_324_46080_25.0.mp4,48
Person_5,no emotion,MYS_G000010_05032021_01_6_15600_15766_Sample_114_15600_25.0.mp4,83
Person_5,no emotion,MYS_G000010_05032021_01_72_47200_47293_Sample_332_47160_25.0.mp4,46
Person_5,no emotion,MYS_G000010_05032021_01_73_48038_48118_Sample_337_47940_25.0.mp4,40
Person_5,no emotion,MYS_G000010_05032021_01_7_16024_16069_Sample_118_16020_25.0.mp4,22
Person_5,no emotion,MYS_G000010_05032021_01_86_6840_6928_Sample_48_6840_25.0.mp4,44
Person_5,no emotion,MYS_G000010_05032021_01_88_7164_7245_Sample_50_7140_25.0.mp4,40
Person_5,no emotion,MYS_G000010_05032021_01_95_8940_9027_Sample_63_8940_25.0.mp4,43
Person_5,no emotion,MYS_G000010_05032021_02_101_51900_52046_Sample_373_51900_25.0.mp4,73
Person_5,no emotion,MYS_G000010_05032021_02_104_52568_52620_Sample_378_52560_25.0.mp4,26
Person_5,no emotion,MYS_G000010_05032021_02_105_53436_53512_Sample_384_53400_25.0.mp4,38
Person_5,no emotion,MYS_G000010_05032021_02_108_53774_53837_Sample_387_53760_25.0.mp4,31
Person_5,no emotion,MYS_G000010_05032021_02_10_25896_25950_Sample_165_25860_25.0.mp4,27
Person_5,no emotion,MYS_G000010_05032021_02_112_54368_54430_Sample_394_54360_25.0.mp4,31
Person_5,no emotion,MYS_G000010_05032021_02_115_420_1346_Sample_5_420_25.0.mp4,463
Person_5,no emotion,MYS_G000010_05032021_02_116_14886_14978_Sample_60_14880_25.0.mp4,46
Person_5,no emotion,MYS_G000010_05032021_02_11_4800_4977_Sample_16_4800_25.0.mp4,88
Person_5,no emotion,MYS_G000010_05032021_02_127_17608_17662_Sample_79_17580_25.0.mp4,27
Person_5,no emotion,MYS_G000010_05032021_02_128_1811_1836_Sample_7_1800_25.0.mp4,11
Person_5,no emotion,MYS_G000010_05032021_02_14_28020_28104_Sample_180_28020_25.0.mp4,42
Person_5,no emotion,MYS_G000010_05032021_02_16_29707_30101_Sample_188_29700_25.0.mp4,197
Person_5,no emotion,MYS_G000010_05032021_02_17_5220_5397_Sample_18_5220_25.0.mp4,88
Person_5,no emotion,MYS_G000010_05032021_02_20_30734_31617_Sample_193_30360_25.0.mp4,441
Person_5,no emotion,MYS_G000010_05032021_02_25_5970_6897_Sample_19_5460_25.0.mp4,463
Person_5,no emotion,MYS_G000010_05032021_02_26_31749_32105_Sample_201_31740_25.0.mp4,178
Person_5,no emotion,MYS_G000010_05032021_02_2_20940_21054_Sample_113_20940_25.0.mp4,57
Person_5,no emotion,MYS_G000010_05032021_02_32_32820_33013_Sample_217_32820_25.0.mp4,96
Person_5,no emotion,MYS_G000010_05032021_02_37_6960_7381_Sample_22_6960_25.0.mp4,210
Person_5,no emotion,MYS_G000010_05032021_02_38_36083_36417_Sample_238_35760_25.0.mp4,167
Person_5,no emotion,MYS_G000010_05032021_02_42_36550_36756_Sample_241_36540_25.0.mp4,103
Person_5,no emotion,MYS_G000010_05032021_02_44_37027_37069_Sample_245_37020_25.0.mp4,21
Person_5,no emotion,MYS_G000010_05032021_02_48_37989_38139_Sample_251_37980_25.0.mp4,75
Person_5,no emotion,MYS_G000010_05032021_02_4_3420_3852_Sample_12_3420_25.0.mp4,216
Person_5,no emotion,MYS_G000010_05032021_02_60_40380_40475_Sample_272_40380_25.0.mp4,47
Person_5,no emotion,MYS_G000010_05032021_02_64_41528_41575_Sample_282_41520_25.0.mp4,23
Person_5,no emotion,MYS_G000010_05032021_02_65_42137_42175_Sample_284_41700_25.0.mp4,19
Person_5,no emotion,MYS_G000010_05032021_02_71_214_357_Sample_2_0_25.0.mp4,71
Person_5,no emotion,MYS_G000010_05032021_02_7_25086_25277_Sample_156_25080_25.0.mp4,95
Person_5,no emotion,MYS_G000010_05032021_02_80_44599_44624_Sample_314_44580_25.0.mp4,12
Person_5,no emotion,MYS_G000010_05032021_02_84_45480_45515_Sample_325_45480_25.0.mp4,17
Person_5,no emotion,MYS_G000010_05032021_02_89_47050_47117_Sample_340_47040_25.0.mp4,33
Person_5,no emotion,MYS_G000010_05032021_02_91_9427_9500_Sample_34_9420_25.0.mp4,36
Person_5,no emotion,MYS_G000010_05032021_02_92_49013_50077_Sample_354_48420_25.0.mp4,532
Person_5,no emotion,MYS_G000010_06082021_01_14_23800_23820_Sample_352_23640_25.0.mp4,11
Person_5,no emotion,MYS_G000010_06082021_01_1_21600_22020_Sample_326_21600_25.0.mp4,210
Person_5,no emotion,MYS_G000010_06082021_01_2_7800_7920_Sample_111_7800_25.0.mp4,60
Person_5,no emotion,MYS_G000010_06082021_01_30_2880_3000_Sample_39_2880_25.0.mp4,60
Person_5,no emotion,MYS_G000010_06082021_01_30_46680_46800_Sample_638_46680_25.0.mp4,60
Person_5,no emotion,MYS_G000010_06082021_01_35_19440_19560_Sample_292_19440_25.0.mp4,60
Person_5,no emotion,MYS_G000010_06082021_01_35_47328_47347_Sample_645_47040_25.0.mp4,11
Person_5,no emotion,MYS_G000010_06082021_01_38_47520_48120_Sample_652_47520_25.0.mp4,300
Person_5,no emotion,MYS_G000010_06082021_01_39_20100_20220_Sample_300_20100_25.0.mp4,60
Person_5,no emotion,MYS_G000010_06082021_01_43_48180_48360_Sample_666_48180_25.0.mp4,90
Person_5,no emotion,MYS_G000010_06082021_01_45_28680_28800_Sample_440_28680_25.0.mp4,60
Person_5,no emotion,MYS_G000010_06082021_01_46_28980_29340_Sample_444_28980_25.0.mp4,180
Person_5,no emotion,MYS_G000010_06082021_01_49_11760_12000_Sample_172_11760_25.0.mp4,120
Person_5,no emotion,MYS_G000010_06082021_01_50_49500_49620_Sample_680_49500_25.0.mp4,60
Person_5,no emotion,MYS_G000010_06082021_01_58_12660_12840_Sample_189_12660_25.0.mp4,90
Person_5,no emotion,MYS_G000010_06082021_01_5_22080_22500_Sample_333_22080_25.0.mp4,210
Person_5,no emotion,MYS_G000010_06082021_01_64_33000_33240_Sample_480_33000_25.0.mp4,120
Person_5,no emotion,MYS_G000010_06082021_01_73_7021_7047_Sample_99_7020_25.0.mp4,8
Person_5,no emotion,MYS_G000010_07052021_01_10_812_995_Sample_15_660_25.0.mp4,91
Person_5,no emotion,MYS_G000010_07052021_01_15_1569_1698_Sample_28_1380_25.0.mp4,64
Person_5,no emotion,MYS_G000010_07052021_01_20_3132_3223_Sample_53_3120_25.0.mp4,45
Person_5,no emotion,MYS_G000010_09042021_01_103_23940_24060_Sample_296_23940_25.0.mp4,60
Person_5,no emotion,MYS_G000010_09042021_01_107_26340_26460_Sample_317_26340_25.0.mp4,60
Person_5,no emotion,MYS_G000010_09042021_01_108_2040_2160_Sample_34_2040_25.0.mp4,60
Person_5,no emotion,MYS_G000010_09042021_01_111_32580_33000_Sample_384_32580_25.0.mp4,210
Person_5,no emotion,MYS_G000010_09042021_01_118_33360_33660_Sample_397_33360_25.0.mp4,150
Person_5,no emotion,MYS_G000010_09042021_01_121_33967_34038_Sample_403_33720_25.0.mp4,22
Person_5,no emotion,MYS_G000010_09042021_01_129_35280_35400_Sample_420_35280_25.0.mp4,60
Person_5,no emotion,MYS_G000010_09042021_01_131_35580_35940_Sample_423_35580_25.0.mp4,180
Person_5,no emotion,MYS_G000010_09042021_01_134_36120_36480_Sample_429_36120_25.0.mp4,180
Person_5,no emotion,MYS_G000010_09042021_01_139_37842_37913_Sample_449_37620_25.0.mp4,33
Person_5,no emotion,MYS_G000010_09042021_01_146_38850_39094_Sample_474_38640_25.0.mp4,59
Person_5,no emotion,MYS_G000010_09042021_01_148_40187_40240_Sample_474_38640_25.0.mp4,25
Person_5,no emotion,MYS_G000010_09042021_01_14_8820_9000_Sample_125_8820_25.0.mp4,90
Person_5,no emotion,MYS_G000010_09042021_01_157_40620_41760_Sample_506_40620_25.0.mp4,570
Person_5,no emotion,MYS_G000010_09042021_01_162_42460_42521_Sample_524_42240_25.0.mp4,7
Person_5,no emotion,MYS_G000010_09042021_01_163_42660_44460_Sample_530_42660_25.0.mp4,900
Person_5,no emotion,MYS_G000010_09042021_01_176_44580_45120_Sample_549_44580_25.0.mp4,270
Person_5,no emotion,MYS_G000010_09042021_01_18_9660_10020_Sample_134_9660_25.0.mp4,180
Person_5,no emotion,MYS_G000010_09042021_01_195_3900_4200_Sample_62_3900_25.0.mp4,150
Person_5,no emotion,MYS_G000010_09042021_01_199_557_597_Sample_9_300_25.0.mp4,18
Person_5,no emotion,MYS_G000010_09042021_01_200_6360_6540_Sample_91_6360_25.0.mp4,90
Person_5,no emotion,MYS_G000010_09042021_01_203_7020_7094_Sample_98_7020_25.0.mp4,22
Person_5,no emotion,MYS_G000010_09042021_01_25_10260_10500_Sample_141_10260_25.0.mp4,120
Person_5,no emotion,MYS_G000010_09042021_01_28_10800_11100_Sample_148_10800_25.0.mp4,150
Person_5,no emotion,MYS_G000010_09042021_01_31_11160_11280_Sample_151_11160_25.0.mp4,60
Person_5,no emotion,MYS_G000010_09042021_01_34_11520_11760_Sample_155_11520_25.0.mp4,120
Person_5,no emotion,MYS_G000010_09042021_01_36_11940_12180_Sample_162_11940_25.0.mp4,120
Person_5,no emotion,MYS_G000010_09042021_01_37_12300_12420_Sample_165_12300_25.0.mp4,60
Person_5,no emotion,MYS_G000010_09042021_01_47_13200_13320_Sample_177_13200_25.0.mp4,60
Person_5,no emotion,MYS_G000010_09042021_01_49_13860_14220_Sample_185_13860_25.0.mp4,180
Person_5,no emotion,MYS_G000010_09042021_01_54_14558_14580_Sample_193_14400_25.0.mp4,12
Person_5,no emotion,MYS_G000010_09042021_01_56_14640_15300_Sample_195_14640_25.0.mp4,330
Person_5,no emotion,MYS_G000010_09042021_01_61_15360_16140_Sample_205_15360_25.0.mp4,390
Person_5,no emotion,MYS_G000010_09042021_01_67_16200_16440_Sample_216_16200_25.0.mp4,120
Person_5,no emotion,MYS_G000010_09042021_01_69_17272_17280_Sample_228_17040_25.0.mp4,8
Person_5,no emotion,MYS_G000010_09042021_01_94_21960_22860_Sample_281_21960_25.0.mp4,450
Person_5,no emotion,MYS_G000010_09042021_03_103_23160_23238_Sample_334_23160_25.0.mp4,39
Person_5,no emotion,MYS_G000010_09042021_03_110_1980_2036_Sample_34_1980_25.0.mp4,28
Person_5,no emotion,MYS_G000010_09042021_03_112_23944_24077_Sample_351_23940_25.0.mp4,66
Person_5,no emotion,MYS_G000010_09042021_03_113_24396_24420_Sample_355_24300_25.0.mp4,12
Person_5,no emotion,MYS_G000010_09042021_03_114_24676_24791_Sample_359_24480_25.0.mp4,57
Person_5,no emotion,MYS_G000010_09042021_03_116_25142_25200_Sample_367_24960_25.0.mp4,29
Person_5,no emotion,MYS_G000010_09042021_03_127_26280_26354_Sample_390_26280_25.0.mp4,37
Person_5,no emotion,MYS_G000010_09042021_03_148_30733_30891_Sample_438_30360_25.0.mp4,79
Person_5,no emotion,MYS_G000010_09042021_03_150_32282_32357_Sample_464_32280_25.0.mp4,37
Person_5,no emotion,MYS_G000010_09042021_03_157_49380_49515_Sample_661_49380_25.0.mp4,67
Person_5,no emotion,MYS_G000010_09042021_03_160_49917_50040_Sample_667_49800_25.0.mp4,61
Person_5,no emotion,MYS_G000010_09042021_03_172_6640_6681_Sample_93_6240_25.0.mp4,20
Person_5,no emotion,MYS_G000010_09042021_03_19_660_1126_Sample_12_660_25.0.mp4,233
Person_5,no emotion,MYS_G000010_09042021_03_23_9258_9410_Sample_138_9240_25.0.mp4,76
Person_5,no emotion,MYS_G000010_09042021_03_30_9908_9968_Sample_152_9900_25.0.mp4,30
Person_5,no emotion,MYS_G000010_09042021_03_37_10808_10925_Sample_169_10800_25.0.mp4,58
Person_5,no emotion,MYS_G000010_09042021_03_40_11533_11580_Sample_176_11220_25.0.mp4,11
Person_5,no emotion,MYS_G000010_09042021_03_44_11827_11870_Sample_185_11820_25.0.mp4,21
Person_5,no emotion,MYS_G000010_09042021_03_46_12060_12180_Sample_189_12060_25.0.mp4,60
Person_5,no emotion,MYS_G000010_09042021_03_49_12459_12545_Sample_195_12420_25.0.mp4,43
Person_5,no emotion,MYS_G000010_09042021_03_65_14651_14712_Sample_228_14640_25.0.mp4,30
Person_5,no emotion,MYS_G000010_09042021_03_78_16493_16555_Sample_252_16440_25.0.mp4,31
Person_5,no emotion,MYS_G000010_09042021_03_85_19346_19580_Sample_285_19200_25.0.mp4,117
Person_5,no emotion,MYS_G000010_09042021_03_92_20520_20583_Sample_303_20520_25.0.mp4,31
Person_5,no emotion,MYS_G000010_09042021_03_95_21948_22028_Sample_315_21540_25.0.mp4,40
Person_5,no emotion,MYS_G000010_09042021_04_12_10123_10156_Sample_143_10080_25.0.mp4,21
Person_5,no emotion,MYS_G000010_09042021_04_171_50014_50032_Sample_563_49920_25.0.mp4,8
Person_5,no emotion,MYS_G000010_09042021_04_194_53280_53820_Sample_608_53280_25.0.mp4,270
Person_5,no emotion,MYS_G000010_09042021_04_197_53940_54180_Sample_614_53940_25.0.mp4,120
Person_5,no emotion,MYS_G000010_09042021_04_200_54240_54900_Sample_619_54240_25.0.mp4,330
Person_5,no emotion,MYS_G000010_09042021_04_205_55020_55740_Sample_632_55020_25.0.mp4,360
Person_5,no emotion,MYS_G000010_09072021_01_102_128160_128760_Sample_1496_128160_25.0.mp4,300
Person_5,no emotion,MYS_G000010_09072021_01_113_11340_11640_Sample_160_11340_25.0.mp4,150
Person_5,no emotion,MYS_G000010_09072021_01_119_11940_12060_Sample_169_11940_25.0.mp4,60
Person_5,no emotion,MYS_G000010_09072021_01_120_12420_13080_Sample_177_12420_25.0.mp4,330
Person_5,no emotion,MYS_G000010_09072021_01_126_13200_13440_Sample_187_13200_25.0.mp4,120
Person_5,no emotion,MYS_G000010_09072021_01_139_14520_14700_Sample_204_14520_25.0.mp4,90
Person_5,no emotion,MYS_G000010_09072021_01_13_9540_9660_Sample_133_9540_25.0.mp4,60
Person_5,no emotion,MYS_G000010_09072021_01_161_17820_17940_Sample_244_17820_25.0.mp4,60
Person_5,no emotion,MYS_G000010_09072021_01_172_2220_2400_Sample_26_2220_25.0.mp4,90
Person_5,no emotion,MYS_G000010_09072021_01_1_76200_76380_Sample_1009_76200_25.0.mp4,90
Person_5,no emotion,MYS_G000010_09072021_01_200_23040_23340_Sample_306_23040_25.0.mp4,150
Person_5,no emotion,MYS_G000010_09072021_01_217_25440_25620_Sample_354_25440_25.0.mp4,90
Person_5,no emotion,MYS_G000010_09072021_01_22_9581_9660_Sample_133_9540_25.0.mp4,51
Person_5,no emotion,MYS_G000010_09072021_01_239_27000_27120_Sample_385_27000_25.0.mp4,60
Person_5,no emotion,MYS_G000010_09072021_01_241_3060_3240_Sample_38_3060_25.0.mp4,90
Person_5,no emotion,MYS_G000010_09072021_01_252_28020_28140_Sample_401_28020_25.0.mp4,60
Person_5,no emotion,MYS_G000010_09072021_01_271_30360_30540_Sample_440_30360_25.0.mp4,90
Person_5,no emotion,MYS_G000010_09072021_01_289_32580_32760_Sample_471_32580_25.0.mp4,90
Person_5,no emotion,MYS_G000010_09072021_01_292_33000_33480_Sample_476_33000_25.0.mp4,240
Person_5,no emotion,MYS_G000010_09072021_01_307_35280_35580_Sample_504_35280_25.0.mp4,150
Person_5,no emotion,MYS_G000010_09072021_01_310_35820_36060_Sample_514_35820_25.0.mp4,120
Person_5,no emotion,MYS_G000010_09072021_01_314_36660_36840_Sample_528_36660_25.0.mp4,90
Person_5,no emotion,MYS_G000010_09072021_01_318_37080_37320_Sample_539_37080_25.0.mp4,120
Person_5,no emotion,MYS_G000010_09072021_01_32_102420_102540_Sample_1374_102420_25.0.mp4,60
Person_5,no emotion,MYS_G000010_09072021_01_330_38460_38580_Sample_555_38460_25.0.mp4,60
Person_5,no emotion,MYS_G000010_09072021_01_33_8700_8880_Sample_125_8700_25.0.mp4,90
Person_5,no emotion,MYS_G000010_09072021_01_343_40140_40260_Sample_583_40140_25.0.mp4,60
Person_5,no emotion,MYS_G000010_09072021_01_34_102660_102840_Sample_1376_102660_25.0.mp4,90
Person_5,no emotion,MYS_G000010_09072021_01_354_41460_41580_Sample_600_41460_25.0.mp4,60
Person_5,no emotion,MYS_G000010_09072021_01_355_41760_42060_Sample_603_41760_25.0.mp4,150
Person_5,no emotion,MYS_G000010_09072021_01_362_43320_43440_Sample_628_43320_25.0.mp4,60
Person_5,no emotion,MYS_G000010_09072021_01_364_43500_43740_Sample_631_43500_25.0.mp4,120
Person_5,no emotion,MYS_G000010_09072021_01_368_43800_43980_Sample_637_43800_25.0.mp4,90
Person_5,no emotion,MYS_G000010_09072021_01_36_92100_92220_Sample_1268_92100_25.0.mp4,60
Person_5,no emotion,MYS_G000010_09072021_01_374_44760_45120_Sample_652_44760_25.0.mp4,180
Person_5,no emotion,MYS_G000010_09072021_01_38_92460_92640_Sample_1273_92460_25.0.mp4,90
Person_5,no emotion,MYS_G000010_09072021_01_392_5280_5580_Sample_69_5280_25.0.mp4,150
Person_5,no emotion,MYS_G000010_09072021_01_393_240_360_Sample_6_240_25.0.mp4,60
Person_5,no emotion,MYS_G000010_09072021_01_401_48780_49020_Sample_721_48780_25.0.mp4,120
Person_5,no emotion,MYS_G000010_09072021_01_403_49080_49320_Sample_724_49080_25.0.mp4,120
Person_5,no emotion,MYS_G000010_09072021_01_495_5760_5880_Sample_82_5760_25.0.mp4,60
Person_5,no emotion,MYS_G000010_09072021_01_508_67740_67860_Sample_850_67740_25.0.mp4,60
Person_5,no emotion,MYS_G000010_09072021_01_512_68640_68760_Sample_864_68640_25.0.mp4,60
Person_5,no emotion,MYS_G000010_09072021_01_515_6060_6360_Sample_86_6060_25.0.mp4,150
Person_5,no emotion,MYS_G000010_09072021_01_544_70740_70860_Sample_909_70740_25.0.mp4,60
Person_5,no emotion,MYS_G000010_09072021_01_554_6480_6600_Sample_93_6480_25.0.mp4,60
Person_5,no emotion,MYS_G000010_09072021_01_59_113280_113580_Sample_1429_113280_25.0.mp4,150
Person_5,no emotion,MYS_G000010_09072021_01_59_82620_82800_Sample_1115_82620_25.0.mp4,90
Person_5,no emotion,MYS_G000010_09072021_01_66_10320_10440_Sample_143_10320_25.0.mp4,60
Person_5,no emotion,MYS_G000010_09072021_01_68_115620_115740_Sample_1443_115620_25.0.mp4,60
Person_5,no emotion,MYS_G000010_09072021_01_69_83984_84022_Sample_1133_83880_25.0.mp4,15
Person_5,no emotion,MYS_G000010_09072021_01_74_84300_84480_Sample_1139_84300_25.0.mp4,90
Person_5,no emotion,MYS_G000010_09072021_01_78_117480_117659_Sample_1456_117480_25.0.mp4,98
Person_5,no emotion,MYS_G000010_09072021_01_79_117960_118140_Sample_1459_117960_25.0.mp4,90
Person_5,no emotion,MYS_G000010_09072021_01_7_88080_88260_Sample_1208_88080_25.0.mp4,90
Person_5,no emotion,MYS_G000010_09072021_01_80_118560_118680_Sample_1462_118560_25.0.mp4,60
Person_5,no emotion,MYS_G000010_09072021_01_80_84660_84840_Sample_1147_84660_25.0.mp4,90
Person_5,no emotion,MYS_G000010_09072021_01_81_120240_120360_Sample_1468_120240_25.0.mp4,60
Person_5,no emotion,MYS_G000010_09072021_01_82_10740_10920_Sample_146_10740_25.0.mp4,90
Person_5,no emotion,MYS_G000010_09072021_01_82_84960_85200_Sample_1152_84960_25.0.mp4,120
Person_5,no emotion,MYS_G000010_09072021_01_83_120900_121260_Sample_1471_120900_25.0.mp4,180
Person_5,no emotion,MYS_G000010_09072021_01_85_122400_122760_Sample_1476_122400_25.0.mp4,180
Person_5,no emotion,MYS_G000010_09072021_01_89_123780_124620_Sample_1481_123780_25.0.mp4,420
Person_5,no emotion,MYS_G000010_09072021_01_90_124680_125520_Sample_1483_124680_25.0.mp4,420
Person_5,no emotion,MYS_G000010_09072021_01_91_125580_126000_Sample_1484_125580_25.0.mp4,210
Person_5,no emotion,MYS_G000010_09072021_01_92_126060_126300_Sample_1485_126060_25.0.mp4,120
Person_5,no emotion,MYS_G000010_09072021_01_93_126360_126480_Sample_1486_126360_25.0.mp4,60
Person_5,no emotion,MYS_G000010_09072021_01_95_126780_126960_Sample_1488_126780_25.0.mp4,90
Person_5,no emotion,MYS_G000010_09072021_01_99_127740_127920_Sample_1493_127740_25.0.mp4,90
Person_5,no emotion,MYS_G000010_12032021_01_10_23460_23580_Sample_140_23460_25.0.mp4,60
Person_5,no emotion,MYS_G000010_12032021_01_15_26760_26940_Sample_153_26760_25.0.mp4,90
Person_5,no emotion,MYS_G000010_12032021_01_17_27600_27960_Sample_158_27600_25.0.mp4,180
Person_5,no emotion,MYS_G000010_12032021_01_19_28920_29100_Sample_166_28920_25.0.mp4,90
Person_5,no emotion,MYS_G000010_12032021_01_22_30600_30780_Sample_172_30600_25.0.mp4,90
Person_5,no emotion,MYS_G000010_12032021_01_24_31123_31140_Sample_176_30840_25.0.mp4,8
Person_5,no emotion,MYS_G000010_12032021_01_25_31200_31500_Sample_178_31200_25.0.mp4,150
Person_5,no emotion,MYS_G000010_12032021_01_28_31651_31671_Sample_180_31560_25.0.mp4,7
Person_5,no emotion,MYS_G000010_12032021_01_29_32263_32306_Sample_182_31800_25.0.mp4,17
Person_5,no emotion,MYS_G000010_12032021_01_2_21277_21387_Sample_128_20460_25.0.mp4,61
Person_5,no emotion,MYS_G000010_12032021_01_37_35055_35100_Sample_195_34320_25.0.mp4,24
Person_5,no emotion,MYS_G000010_12032021_01_39_35220_35460_Sample_197_35220_25.0.mp4,120
Person_5,no emotion,MYS_G000010_12032021_01_40_35520_35820_Sample_199_35520_25.0.mp4,150
Person_5,no emotion,MYS_G000010_12032021_01_42_35880_36480_Sample_201_35880_25.0.mp4,300
Person_5,no emotion,MYS_G000010_12032021_01_43_36540_36780_Sample_204_36540_25.0.mp4,120
Person_5,no emotion,MYS_G000010_12032021_01_46_39300_39420_Sample_212_39300_25.0.mp4,60
Person_5,no emotion,MYS_G000010_12032021_01_51_41880_42480_Sample_233_41880_25.0.mp4,300
Person_5,no emotion,MYS_G000010_12032021_01_53_42600_42780_Sample_236_42600_25.0.mp4,90
Person_5,no emotion,MYS_G000010_12032021_01_54_42840_42960_Sample_237_42840_25.0.mp4,60
Person_5,no emotion,MYS_G000010_12032021_01_55_43020_43320_Sample_238_43020_25.0.mp4,150
Person_5,no emotion,MYS_G000010_12032021_01_56_43500_44160_Sample_241_43500_25.0.mp4,330
Person_5,no emotion,MYS_G000010_12032021_01_61_5700_5820_Sample_33_5700_25.0.mp4,60
Person_5,no emotion,MYS_G000010_12032021_01_62_5940_6180_Sample_35_5940_25.0.mp4,120
Person_5,no emotion,MYS_G000010_12032021_01_65_6360_6600_Sample_39_6360_25.0.mp4,120
Person_5,no emotion,MYS_G000010_12032021_01_69_540_660_Sample_5_540_25.0.mp4,60
Person_5,no emotion,MYS_G000010_12032021_01_6_23280_23400_Sample_139_23280_25.0.mp4,60
Person_5,no emotion,MYS_G000010_12032021_01_70_7560_7800_Sample_53_7560_25.0.mp4,120
Person_5,no emotion,MYS_G000010_12032021_01_75_780_3360_Sample_6_780_25.0.mp4,1290
Person_5,no emotion,MYS_G000010_12032021_01_76_8160_8940_Sample_60_8160_25.0.mp4,390
Person_5,no emotion,MYS_G000010_12032021_01_79_9420_9900_Sample_68_9420_25.0.mp4,240
Person_5,no emotion,MYS_G000010_12032021_01_82_11400_11520_Sample_82_11400_25.0.mp4,60
Person_5,no emotion,MYS_G000010_12032021_01_90_13680_14040_Sample_89_13680_25.0.mp4,180
Person_5,no emotion,MYS_G000010_13082021_03_39_14400_14579_Sample_219_14400_25.0.mp4,89
Person_5,no emotion,MYS_G000010_13082021_03_61_20160_20279_Sample_310_20160_25.0.mp4,59
Person_5,no emotion,MYS_G000010_16042021_01_1_390_552_Sample_1_60_25.0.mp4,90
Person_5,no emotion,MYS_G000010_16042021_01_46_1190_1303_Sample_18_1140_25.0.mp4,78
Person_5,no emotion,MYS_G000010_16042021_01_51_1620_1920_Sample_23_1620_25.0.mp4,150
Person_5,no emotion,MYS_G000010_16042021_01_56_3420_3600_Sample_50_3420_25.0.mp4,90
Person_5,no emotion,MYS_G000010_16072021_01_108_34800_35122_Sample_394_34800_25.0.mp4,161
Person_5,no emotion,MYS_G000010_16072021_01_14_8220_8580_Sample_134_8220_25.0.mp4,180
Person_5,no emotion,MYS_G000010_16072021_01_160_43620_43798_Sample_509_43620_25.0.mp4,89
Person_5,no emotion,MYS_G000010_16072021_01_164_2940_3059_Sample_51_2940_25.0.mp4,59
Person_5,no emotion,MYS_G000010_16072021_01_180_3180_3536_Sample_54_3180_25.0.mp4,178
Person_5,no emotion,MYS_G000010_16072021_01_184_46740_46858_Sample_554_46740_25.0.mp4,59
Person_5,no emotion,MYS_G000010_16072021_01_198_48780_48956_Sample_584_48780_25.0.mp4,88
Person_5,no emotion,MYS_G000010_16072021_01_202_49140_49215_Sample_591_49140_25.0.mp4,37
Person_5,no emotion,MYS_G000010_16072021_01_220_51120_51153_Sample_628_51120_25.0.mp4,16
Person_5,no emotion,MYS_G000010_16072021_01_235_53400_53938_Sample_653_53400_25.0.mp4,269
Person_5,no emotion,MYS_G000010_16072021_01_244_54000_54117_Sample_668_54000_25.0.mp4,58
Person_5,no emotion,MYS_G000010_16072021_01_249_54360_54539_Sample_672_54360_25.0.mp4,89
Person_5,no emotion,MYS_G000010_16072021_01_257_55140_55318_Sample_683_55140_25.0.mp4,89
Person_5,no emotion,MYS_G000010_16072021_01_260_55680_55799_Sample_688_55680_25.0.mp4,59
Person_5,no emotion,MYS_G000010_16072021_01_262_61984_62220_Sample_690_55860_25.0.mp4,118
Person_5,no emotion,MYS_G000010_16072021_01_267_4380_4495_Sample_69_4380_25.0.mp4,13
Person_5,no emotion,MYS_G000010_16072021_01_293_66540_66657_Sample_759_66540_25.0.mp4,58
Person_5,no emotion,MYS_G000010_16072021_01_295_66830_66900_Sample_762_66780_25.0.mp4,35
Person_5,no emotion,MYS_G000010_16072021_01_309_69593_69689_Sample_792_69540_25.0.mp4,48
Person_5,no emotion,MYS_G000010_16072021_01_314_331_477_Sample_7_120_25.0.mp4,73
Person_5,no emotion,MYS_G000010_16072021_01_316_4980_5279_Sample_80_4980_25.0.mp4,149
Person_5,no emotion,MYS_G000010_16072021_01_339_5520_6354_Sample_86_5520_25.0.mp4,417
Person_5,no emotion,MYS_G000010_16072021_01_347_77700_77936_Sample_887_77700_25.0.mp4,118
Person_5,no emotion,MYS_G000010_16072021_01_348_78180_78297_Sample_890_78180_25.0.mp4,58
Person_5,no emotion,MYS_G000010_16072021_01_352_78420_78657_Sample_895_78420_25.0.mp4,118
Person_5,no emotion,MYS_G000010_16072021_01_354_120_314_Sample_8_120_25.0.mp4,97
Person_5,no emotion,MYS_G000010_16072021_01_366_79860_79977_Sample_919_79860_25.0.mp4,58
Person_5,no emotion,MYS_G000010_16072021_01_36_21000_21117_Sample_229_21000_25.0.mp4,58
Person_5,no emotion,MYS_G000010_16072021_01_37_660_778_Sample_22_660_25.0.mp4,59
Person_5,no emotion,MYS_G000010_16072021_01_38_21180_21298_Sample_231_21180_25.0.mp4,59
Person_5,no emotion,MYS_G000010_16072021_01_42_22491_23277_Sample_243_22140_25.0.mp4,393
Person_5,no emotion,MYS_G000010_16072021_01_49_900_1137_Sample_25_900_25.0.mp4,118
Person_5,no emotion,MYS_G000010_16072021_01_54_23880_24237_Sample_269_23880_25.0.mp4,178
Person_5,no emotion,MYS_G000010_16072021_01_57_24300_24397_Sample_275_24300_25.0.mp4,48
Person_5,no emotion,MYS_G000010_16072021_01_67_26220_26337_Sample_298_26220_25.0.mp4,58
Person_5,no emotion,MYS_G000010_16072021_01_69_26820_26997_Sample_303_26820_25.0.mp4,88
Person_5,no emotion,MYS_G000010_16072021_01_6_7380_7558_Sample_117_7380_25.0.mp4,89
Person_5,no emotion,MYS_G000010_16072021_01_74_27720_27837_Sample_312_27720_25.0.mp4,58
Person_5,no emotion,MYS_G000010_16072021_01_76_28743_29037_Sample_319_28680_25.0.mp4,147
Person_5,no emotion,MYS_G000010_16072021_01_83_30180_30357_Sample_335_30180_25.0.mp4,88
Person_5,no emotion,MYS_G000010_16072021_01_84_30420_31197_Sample_339_30420_25.0.mp4,388
Person_5,no emotion,MYS_G000010_16072021_01_87_31459_31497_Sample_348_31320_25.0.mp4,19
Person_5,no emotion,MYS_G000010_16072021_01_88_31560_31678_Sample_353_31560_25.0.mp4,59
Person_5,no emotion,MYS_G000010_16072021_01_89_31800_32037_Sample_356_31800_25.0.mp4,118
Person_5,no emotion,MYS_G000010_16072021_01_91_32187_32277_Sample_360_32100_25.0.mp4,45
Person_5,no emotion,MYS_G000010_16072021_02_123_41840_41891_Sample_452_41700_25.0.mp4,24
Person_5,no emotion,MYS_G000010_16072021_02_129_42517_42660_Sample_461_42480_25.0.mp4,71
Person_5,no emotion,MYS_G000010_16072021_02_134_43320_43497_Sample_474_43320_25.0.mp4,88
Person_5,no emotion,MYS_G000010_16072021_02_150_46226_46260_Sample_515_45900_25.0.mp4,12
Person_5,no emotion,MYS_G000010_16072021_02_220_56940_57477_Sample_715_56940_25.0.mp4,268
Person_5,no emotion,MYS_G000010_16072021_02_231_62100_62195_Sample_744_62100_25.0.mp4,47
Person_5,no emotion,MYS_G000010_16072021_02_246_6060_6237_Sample_94_6060_25.0.mp4,88
Person_5,no emotion,MYS_G000010_16072021_02_44_28088_28137_Sample_239_28020_25.0.mp4,49
Person_5,no emotion,MYS_G000010_16072021_02_53_29460_29577_Sample_268_29460_25.0.mp4,58
Person_5,no emotion,MYS_G000010_16072021_02_56_30391_30480_Sample_281_30300_25.0.mp4,44
Person_5,no emotion,MYS_G000010_16072021_02_62_31080_31317_Sample_298_31080_25.0.mp4,118
Person_5,no emotion,MYS_G000010_16072021_02_71_32340_32577_Sample_318_32340_25.0.mp4,118
Person_5,no emotion,MYS_G000010_16072021_02_80_33120_33168_Sample_328_33120_25.0.mp4,11
Person_5,no emotion,MYS_G000010_16072021_02_82_33300_33538_Sample_331_33300_25.0.mp4,119
Person_5,no emotion,MYS_G000010_16072021_02_84_33660_33900_Sample_334_33660_25.0.mp4,120
Person_5,no emotion,MYS_G000010_20082021_01_10_6660_6840_Sample_120_6660_25.0.mp4,90
Person_5,no emotion,MYS_G000010_20082021_01_19_600_896_Sample_14_600_25.0.mp4,148
Person_5,no emotion,MYS_G000010_20082021_01_22_8520_8640_Sample_153_8520_25.0.mp4,60
Person_5,no emotion,MYS_G000010_20082021_01_61_11460_11700_Sample_206_11460_25.0.mp4,120
Person_5,no emotion,MYS_G000010_20082021_01_67_1080_1200_Sample_21_1080_25.0.mp4,60
Person_5,no emotion,MYS_G000010_20082021_01_6_300_540_Sample_10_300_25.0.mp4,120
Person_5,no emotion,MYS_G000010_21052021_01_100_36000_36033_Sample_455_36000_25.0.mp4,16
Person_5,no emotion,MYS_G000010_21052021_01_101_36240_36303_Sample_459_36240_25.0.mp4,31
Person_5,no emotion,MYS_G000010_21052021_01_103_36600_36662_Sample_462_36600_25.0.mp4,31
Person_5,no emotion,MYS_G000010_21052021_01_105_38520_38562_Sample_481_38520_25.0.mp4,21
Person_5,no emotion,MYS_G000010_21052021_01_120_43802_43844_Sample_531_43800_25.0.mp4,21
Person_5,no emotion,MYS_G000010_21052021_01_125_46200_46326_Sample_549_46200_25.0.mp4,63
Person_5,no emotion,MYS_G000010_21052021_01_166_7147_7193_Sample_83_7140_25.0.mp4,23
Person_5,no emotion,MYS_G000010_21052021_01_169_7624_7650_Sample_88_7620_25.0.mp4,13
Person_5,no emotion,MYS_G000010_21052021_01_173_8112_8141_Sample_94_8100_25.0.mp4,14
Person_5,no emotion,MYS_G000010_21052021_01_174_8435_8482_Sample_97_8400_25.0.mp4,23
Person_5,no emotion,MYS_G000010_21052021_01_31_16684_16737_Sample_204_16440_25.0.mp4,26
Person_5,no emotion,MYS_G000010_21052021_01_35_16920_17019_Sample_209_16920_25.0.mp4,49
Person_5,no emotion,MYS_G000010_21052021_01_36_17260_17377_Sample_212_17160_25.0.mp4,58
Person_5,no emotion,MYS_G000010_21052021_01_39_17851_17928_Sample_220_17700_25.0.mp4,38
Person_5,no emotion,MYS_G000010_21052021_01_40_18243_18323_Sample_227_18180_25.0.mp4,40
Person_5,no emotion,MYS_G000010_21052021_01_44_18720_18808_Sample_237_18720_25.0.mp4,44
Person_5,no emotion,MYS_G000010_21052021_01_51_20925_21006_Sample_268_20880_25.0.mp4,40
Person_5,no emotion,MYS_G000010_21052021_01_52_21346_21417_Sample_274_21240_25.0.mp4,35
Person_5,no emotion,MYS_G000010_21052021_01_53_21579_21657_Sample_278_21480_25.0.mp4,39
Person_5,no emotion,MYS_G000010_21052021_01_55_21841_21948_Sample_282_21780_25.0.mp4,53
Person_5,no emotion,MYS_G000010_21052021_01_62_23954_24128_Sample_305_23700_25.0.mp4,87
Person_5,no emotion,MYS_G000010_21052021_01_65_24480_24706_Sample_314_24480_25.0.mp4,113
Person_5,no emotion,MYS_G000010_21052021_01_85_30240_30402_Sample_382_30240_25.0.mp4,81
Person_5,no emotion,MYS_G000010_21052021_01_92_31440_31542_Sample_401_31440_25.0.mp4,51
Person_5,no emotion,MYS_G000010_21052021_01_95_31860_31970_Sample_407_31860_25.0.mp4,55
Person_5,no emotion,MYS_G000010_21052021_02_144_39180_39300_Sample_576_39180_25.0.mp4,60
Person_5,no emotion,MYS_G000010_21052021_02_172_50940_51060_Sample_737_50940_25.0.mp4,60
Person_5,no emotion,MYS_G000010_21052021_02_186_51840_52080_Sample_756_51840_25.0.mp4,120
Person_5,no emotion,MYS_G000010_21052021_02_190_52680_52800_Sample_768_52680_25.0.mp4,60
Person_5,no emotion,MYS_G000010_21052021_02_45_74160_74400_Sample_1111_74160_25.0.mp4,120
Person_5,no emotion,MYS_G000010_23042021_01_101_30801_30840_Sample_395_30360_25.0.mp4,36
Person_5,no emotion,MYS_G000010_23042021_01_10_7680_8100_Sample_122_7680_25.0.mp4,210
Person_5,no emotion,MYS_G000010_23042021_01_114_2460_3180_Sample_44_2460_25.0.mp4,360
Person_5,no emotion,MYS_G000010_23042021_01_122_36720_36840_Sample_487_36720_25.0.mp4,60
Person_5,no emotion,MYS_G000010_23042021_01_12_8160_8280_Sample_130_8160_25.0.mp4,60
Person_5,no emotion,MYS_G000010_23042021_01_130_37920_38280_Sample_506_37920_25.0.mp4,180
Person_5,no emotion,MYS_G000010_23042021_01_133_38400_38520_Sample_514_38400_25.0.mp4,60
Person_5,no emotion,MYS_G000010_23042021_01_135_38580_39120_Sample_517_38580_25.0.mp4,270
Person_5,no emotion,MYS_G000010_23042021_01_13_8340_8520_Sample_135_8340_25.0.mp4,90
Person_5,no emotion,MYS_G000010_23042021_01_160_42540_42660_Sample_586_42540_25.0.mp4,60
Person_5,no emotion,MYS_G000010_23042021_01_164_42840_42960_Sample_593_42840_25.0.mp4,60
Person_5,no emotion,MYS_G000010_23042021_01_166_43140_43380_Sample_597_43140_25.0.mp4,120
Person_5,no emotion,MYS_G000010_23042021_01_171_3540_3660_Sample_62_3540_25.0.mp4,60
Person_5,no emotion,MYS_G000010_23042021_01_173_45420_45900_Sample_641_45420_25.0.mp4,240
Person_5,no emotion,MYS_G000010_23042021_01_181_3780_4200_Sample_66_3780_25.0.mp4,210
Person_5,no emotion,MYS_G000010_23042021_01_183_46560_46680_Sample_665_46560_25.0.mp4,60
Person_5,no emotion,MYS_G000010_23042021_01_186_47400_48240_Sample_678_47400_25.0.mp4,420
Person_5,no emotion,MYS_G000010_23042021_01_208_49860_49980_Sample_721_49860_25.0.mp4,60
Person_5,no emotion,MYS_G000010_23042021_01_216_5880_7500_Sample_99_5880_25.0.mp4,810
Person_5,no emotion,MYS_G000010_23042021_01_56_1620_2040_Sample_28_1620_25.0.mp4,210
Person_5,no emotion,MYS_G000010_23042021_01_61_0_240_Sample_3_0_25.0.mp4,120
Person_5,no emotion,MYS_G000010_23042021_01_65_22680_22800_Sample_309_22680_25.0.mp4,60
Person_5,no emotion,MYS_G000010_23042021_01_68_22980_23100_Sample_313_22980_25.0.mp4,60
Person_5,no emotion,MYS_G000010_23042021_01_73_25440_25620_Sample_342_25440_25.0.mp4,90
Person_5,no emotion,MYS_G000010_23042021_02_113_3694_3926_Sample_55_3480_25.0.mp4,116
Person_5,no emotion,MYS_G000010_23042021_02_127_5523_5618_Sample_81_5340_25.0.mp4,47
Person_5,no emotion,MYS_G000010_23042021_02_129_6301_6362_Sample_96_6240_25.0.mp4,30
Person_5,no emotion,MYS_G000010_23042021_02_12_7948_8040_Sample_130_7920_25.0.mp4,46
Person_5,no emotion,MYS_G000010_23042021_02_1_6540_6599_Sample_101_6540_25.0.mp4,29
Person_5,no emotion,MYS_G000010_23042021_02_26_10208_10229_Sample_156_10200_25.0.mp4,10
Person_5,no emotion,MYS_G000010_23042021_02_28_10498_10562_Sample_159_10440_25.0.mp4,32
Person_5,no emotion,MYS_G000010_23042021_02_30_10808_10842_Sample_164_10800_25.0.mp4,17
Person_5,no emotion,MYS_G000010_23042021_02_31_12292_12417_Sample_176_11760_25.0.mp4,62
Person_5,no emotion,MYS_G000010_23042021_02_38_12966_13059_Sample_196_12720_25.0.mp4,46
Person_5,no emotion,MYS_G000010_23042021_02_3_6976_7017_Sample_108_6960_25.0.mp4,20
Person_5,no emotion,MYS_G000010_23042021_02_43_13931_13967_Sample_217_13920_25.0.mp4,18
Person_5,no emotion,MYS_G000010_23042021_02_45_14123_14168_Sample_222_14100_25.0.mp4,22
Person_5,no emotion,MYS_G000010_23042021_02_48_1083_1259_Sample_22_1080_25.0.mp4,88
Person_5,no emotion,MYS_G000010_23042021_02_56_15900_15984_Sample_252_15900_25.0.mp4,42
Person_5,no emotion,MYS_G000010_23042021_02_59_16286_16335_Sample_257_16260_25.0.mp4,24
Person_5,no emotion,MYS_G000010_23042021_02_5_7140_7239_Sample_114_7140_25.0.mp4,49
Person_5,no emotion,MYS_G000010_23042021_02_64_16807_16850_Sample_266_16800_25.0.mp4,21
Person_5,no emotion,MYS_G000010_23042021_02_72_18163_18326_Sample_284_17700_25.0.mp4,81
Person_5,no emotion,MYS_G000010_23042021_02_75_18542_18597_Sample_295_18540_25.0.mp4,27
Person_5,no emotion,MYS_G000010_23042021_02_76_1612_1697_Sample_30_1500_25.0.mp4,42
Person_5,no emotion,MYS_G000010_23042021_02_79_22775_22818_Sample_339_22680_25.0.mp4,21
Person_5,no emotion,MYS_G000010_23042021_03_103_44730_44757_Sample_689_44640_25.0.mp4,13
Person_5,no emotion,MYS_G000010_23042021_03_105_45007_45058_Sample_691_44820_25.0.mp4,25
Person_5,no emotion,MYS_G000010_23042021_03_106_45242_45273_Sample_693_45120_25.0.mp4,13
Person_5,no emotion,MYS_G000010_23042021_03_108_46035_46077_Sample_699_45720_25.0.mp4,21
Person_5,no emotion,MYS_G000010_23042021_03_110_47527_47637_Sample_717_46920_25.0.mp4,55
Person_5,no emotion,MYS_G000010_23042021_03_113_47972_47997_Sample_726_47820_25.0.mp4,12
Person_5,no emotion,MYS_G000010_23042021_03_121_50494_50545_Sample_747_50400_25.0.mp4,25
Person_5,no emotion,MYS_G000010_23042021_03_123_51027_51057_Sample_751_50940_25.0.mp4,15
Person_5,no emotion,MYS_G000010_23042021_03_126_52289_52317_Sample_762_52200_25.0.mp4,14
Person_5,no emotion,MYS_G000010_23042021_03_127_52513_52550_Sample_766_52500_25.0.mp4,18
Person_5,no emotion,MYS_G000010_23042021_03_128_53088_53114_Sample_769_52920_25.0.mp4,13
Person_5,no emotion,MYS_G000010_23042021_03_131_53348_53367_Sample_773_53220_25.0.mp4,8
Person_5,no emotion,MYS_G000010_23042021_03_133_54137_54172_Sample_778_54060_25.0.mp4,17
Person_5,no emotion,MYS_G000010_23042021_03_135_55321_55364_Sample_786_55320_25.0.mp4,21
Person_5,no emotion,MYS_G000010_23042021_03_30_12513_12612_Sample_227_12240_25.0.mp4,49
Person_5,no emotion,MYS_G000010_23042021_03_35_13645_13772_Sample_242_13440_25.0.mp4,63
Person_5,no emotion,MYS_G000010_23042021_03_52_16786_16850_Sample_304_16560_25.0.mp4,32
Person_5,no emotion,MYS_G000010_23042021_03_53_16995_17037_Sample_308_16920_25.0.mp4,21
Person_5,no emotion,MYS_G000010_23042021_03_54_17100_17180_Sample_310_17100_25.0.mp4,40
Person_5,no emotion,MYS_G000010_23042021_03_57_18741_18895_Sample_328_18300_25.0.mp4,77
Person_5,no emotion,MYS_G000010_23042021_03_5_7740_7895_Sample_142_7740_25.0.mp4,77
Person_5,no emotion,MYS_G000010_23042021_03_62_20040_20098_Sample_354_20040_25.0.mp4,29
Person_5,no emotion,MYS_G000010_23042021_03_67_22796_22841_Sample_390_22620_25.0.mp4,22
Person_5,no emotion,MYS_G000010_23042021_03_69_35712_35819_Sample_552_35700_25.0.mp4,53
Person_5,no emotion,MYS_G000010_23042021_03_74_37413_37485_Sample_573_37320_25.0.mp4,36
Person_5,no emotion,MYS_G000010_23042021_03_77_38529_38579_Sample_597_38460_25.0.mp4,25
Person_5,no emotion,MYS_G000010_23042021_03_85_41622_41697_Sample_641_41400_25.0.mp4,37
Person_5,no emotion,MYS_G000010_23042021_03_89_42613_42657_Sample_653_42240_25.0.mp4,22
Person_5,no emotion,MYS_G000010_23042021_03_95_43809_43859_Sample_677_43680_25.0.mp4,25
Person_5,no emotion,MYS_G000010_23042021_03_99_44425_44566_Sample_683_44040_25.0.mp4,70
Person_5,no emotion,MYS_G000010_23072021_01_102_27180_27300_Sample_203_27180_25.0.mp4,60
Person_5,no emotion,MYS_G000010_23072021_01_13_15420_15900_Sample_113_15420_25.0.mp4,240
Person_5,no emotion,MYS_G000010_23072021_01_14_15960_16320_Sample_119_15960_25.0.mp4,180
Person_5,no emotion,MYS_G000010_23072021_01_195_12060_12300_Sample_83_12060_25.0.mp4,120
Person_5,no emotion,MYS_G000010_23072021_01_197_12360_12480_Sample_86_12360_25.0.mp4,60
Person_5,no emotion,MYS_G000010_23072021_01_198_12540_12900_Sample_88_12540_25.0.mp4,180
Person_5,no emotion,MYS_G000010_23072021_01_203_14100_14640_Sample_96_14100_25.0.mp4,270
Person_5,no emotion,MYS_G000010_23072021_01_38_21780_21960_Sample_131_21780_25.0.mp4,90
Person_5,no emotion,MYS_G000010_23072021_01_47_22680_23100_Sample_145_22680_25.0.mp4,210
Person_5,no emotion,MYS_G000010_23072021_01_50_23160_23340_Sample_150_23160_25.0.mp4,90
Person_5,no emotion,MYS_G000010_23072021_01_51_23580_24240_Sample_159_23580_25.0.mp4,330
Person_5,no emotion,MYS_G000010_23072021_03_2_3900_4200_Sample_12_3900_25.0.mp4,150
Person_5,no emotion,MYS_G000010_23072021_03_6_4740_4860_Sample_17_4740_25.0.mp4,60
Person_5,no emotion,MYS_G000010_23072021_03_9_5120_5206_Sample_18_4920_25.0.mp4,24
Person_5,no emotion,MYS_G000010_23072021_05_13_10980_11397_Sample_149_10980_25.0.mp4,208
Person_5,no emotion,MYS_G000010_23072021_05_14_11520_11637_Sample_155_11520_25.0.mp4,58
Person_5,no emotion,MYS_G000010_23072021_05_15_11640_11759_Sample_157_11640_25.0.mp4,59
Person_5,no emotion,MYS_G000010_23072021_05_17_12480_12778_Sample_167_12480_25.0.mp4,149
Person_5,no emotion,MYS_G000010_23072021_05_18_13380_14152_Sample_178_13380_25.0.mp4,386
Person_5,no emotion,MYS_G000010_23072021_05_22_15720_16198_Sample_203_15720_25.0.mp4,239
Person_5,no emotion,MYS_G000010_23072021_05_25_17040_17158_Sample_218_17040_25.0.mp4,59
Person_5,no emotion,MYS_G000010_23072021_05_28_17460_17577_Sample_226_17460_25.0.mp4,58
Person_5,no emotion,MYS_G000010_23072021_05_47_1532_1618_Sample_28_1380_25.0.mp4,11
Person_5,no emotion,MYS_G000010_23072021_05_55_28140_28437_Sample_348_28140_25.0.mp4,148
Person_5,no emotion,MYS_G000010_23072021_05_75_5745_5937_Sample_82_5700_25.0.mp4,96
Person_5,no emotion,MYS_G000010_27082021_01_118_25500_25617_Sample_252_25500_25.0.mp4,58
Person_5,no emotion,MYS_G000010_27082021_01_136_30452_30540_Sample_322_30360_25.0.mp4,44
Person_5,no emotion,MYS_G000010_27082021_01_18_100800_100918_Sample_1058_100800_25.0.mp4,59
Person_5,no emotion,MYS_G000010_27082021_01_203_58740_58859_Sample_609_58740_25.0.mp4,59
Person_5,no emotion,MYS_G000010_27082021_01_210_61894_61977_Sample_636_61860_25.0.mp4,41
Person_5,no emotion,MYS_G000010_27082021_01_253_82200_82676_Sample_861_82200_25.0.mp4,238
Person_5,no emotion,MYS_G000010_27082021_01_274_89280_89387_Sample_934_89280_25.0.mp4,53
Person_5,no emotion,MYS_G000010_27082021_01_29_102734_102770_Sample_1083_102660_25.0.mp4,18
Person_5,no emotion,MYS_G000010_27082021_01_30_102901_103077_Sample_1086_102900_25.0.mp4,88
Person_5,no emotion,MYS_G000010_27082021_01_53_109920_110337_Sample_1168_109920_25.0.mp4,208
Person_5,no emotion,MYS_G000010_27082021_01_68_111929_112020_Sample_1190_111900_25.0.mp4,45
Person_5,no emotion,MYS_G000010_27082021_01_7_97440_97559_Sample_1017_97440_25.0.mp4,59
Person_5,no emotion,MYS_G000010_27082021_01_80_14580_14699_Sample_138_14580_25.0.mp4,59
Person_5,no emotion,MYS_G000010_30042021_01_100_92580_92820_Sample_1472_92580_25.0.mp4,120
Person_5,no emotion,MYS_G000010_30042021_01_309_149820_149940_Sample_2479_149820_25.0.mp4,60
Person_5,no emotion,MYS_G000010_30042021_01_311_150060_150240_Sample_2484_150060_25.0.mp4,90
Person_5,no emotion,MYS_G000010_30042021_01_316_152400_152520_Sample_2520_152400_25.0.mp4,60
Person_5,no emotion,MYS_G000010_30042021_01_317_152400_153360_Sample_2523_152400_25.0.mp4,480
Person_5,no emotion,MYS_G000010_30042021_01_327_157440_157560_Sample_2591_157440_25.0.mp4,60
Person_5,no emotion,MYS_G000010_30042021_01_330_158280_158400_Sample_2609_158280_25.0.mp4,60
Person_5,no emotion,MYS_G000010_30042021_01_336_159900_160020_Sample_2640_159900_25.0.mp4,60
Person_5,no emotion,MYS_G000010_30042021_01_340_160320_160500_Sample_2650_160320_25.0.mp4,90
Person_5,no emotion,MYS_G000010_30042021_01_341_160560_160740_Sample_2654_160560_25.0.mp4,90
Person_5,no emotion,MYS_G000010_30042021_01_345_160920_161280_Sample_2663_160920_25.0.mp4,180
Person_5,no emotion,MYS_G000010_30042021_01_349_161400_161580_Sample_2673_161400_25.0.mp4,90
Person_5,no emotion,MYS_G000010_30042021_01_352_161880_162000_Sample_2685_161880_25.0.mp4,60
Person_5,no emotion,MYS_G000010_30042021_01_358_162420_162540_Sample_2697_162420_25.0.mp4,60
Person_5,no emotion,MYS_G000010_30042021_01_359_162720_163020_Sample_2705_162720_25.0.mp4,150
Person_5,no emotion,MYS_G000010_30042021_01_363_163080_163200_Sample_2713_163080_25.0.mp4,60
Person_5,no emotion,MYS_G000010_30042021_01_371_164220_164460_Sample_2731_164220_25.0.mp4,120
Person_5,no emotion,MYS_G000010_30042021_01_37_67200_67380_Sample_1104_67200_25.0.mp4,90
Person_5,no emotion,MYS_G000010_30042021_01_40_67740_67860_Sample_1113_67740_25.0.mp4,60
Person_5,no emotion,MYS_G000010_30042021_01_418_19140_19500_Sample_303_19140_25.0.mp4,180
Person_5,no emotion,MYS_G000010_30042021_01_422_19620_20100_Sample_316_19620_25.0.mp4,240
Person_5,no emotion,MYS_G000010_30042021_01_426_20220_20700_Sample_325_20220_25.0.mp4,240
Person_5,no emotion,MYS_G000010_30042021_01_429_20880_21060_Sample_331_20880_25.0.mp4,90
Person_5,no emotion,MYS_G000010_30042021_01_431_21120_21480_Sample_337_21120_25.0.mp4,180
Person_5,no emotion,MYS_G000010_30042021_01_460_26400_26880_Sample_409_26400_25.0.mp4,240
Person_5,no emotion,MYS_G000010_30042021_01_467_26940_28080_Sample_420_26940_25.0.mp4,570
Person_5,no emotion,MYS_G000010_30042021_01_485_2880_3000_Sample_47_2880_25.0.mp4,60
Person_5,no emotion,MYS_G000010_30042021_01_491_3120_3300_Sample_48_3120_25.0.mp4,90
Person_5,no emotion,MYS_G000010_30042021_01_517_34620_34980_Sample_537_34620_25.0.mp4,180
Person_5,no emotion,MYS_G000010_30042021_01_527_35700_35880_Sample_555_35700_25.0.mp4,90
Person_5,no emotion,MYS_G000010_30042021_01_528_35940_36600_Sample_557_35940_25.0.mp4,330
Person_5,no emotion,MYS_G000010_30042021_01_533_36660_36900_Sample_569_36660_25.0.mp4,120
Person_5,no emotion,MYS_G000010_30042021_01_534_36960_37200_Sample_571_36960_25.0.mp4,120
Person_5,no emotion,MYS_G000010_30042021_01_53_71160_71340_Sample_1175_71160_25.0.mp4,90
Person_5,no emotion,MYS_G000010_30042021_01_548_38700_38820_Sample_602_38700_25.0.mp4,60
Person_5,no emotion,MYS_G000010_30042021_01_553_39300_39420_Sample_616_39300_25.0.mp4,60
Person_5,no emotion,MYS_G000010_30042021_01_556_39540_39660_Sample_623_39540_25.0.mp4,60
Person_5,no emotion,MYS_G000010_30042021_01_558_39780_39900_Sample_627_39780_25.0.mp4,60
Person_5,no emotion,MYS_G000010_30042021_01_560_40020_40320_Sample_631_40020_25.0.mp4,150
Person_5,no emotion,MYS_G000010_30042021_01_564_40524_40611_Sample_638_40500_25.0.mp4,57
Person_5,no emotion,MYS_G000010_30042021_01_566_40920_41040_Sample_646_40920_25.0.mp4,60
Person_5,no emotion,MYS_G000010_30042021_01_571_41820_41940_Sample_658_41820_25.0.mp4,60
Person_5,no emotion,MYS_G000010_30042021_01_573_42420_42660_Sample_672_42420_25.0.mp4,120
Person_5,no emotion,MYS_G000010_30042021_01_575_42960_43140_Sample_685_42960_25.0.mp4,90
Person_5,no emotion,MYS_G000010_30042021_01_580_43680_43800_Sample_700_43680_25.0.mp4,60
Person_5,no emotion,MYS_G000010_30042021_01_583_43980_44160_Sample_707_43980_25.0.mp4,90
Person_5,no emotion,MYS_G000010_30042021_01_584_44220_44340_Sample_709_44220_25.0.mp4,60
Person_5,no emotion,MYS_G000010_30042021_01_594_46260_46380_Sample_754_46260_25.0.mp4,60
Person_5,no emotion,MYS_G000010_30042021_01_601_47400_47520_Sample_775_47400_25.0.mp4,60
Person_5,no emotion,MYS_G000010_30042021_01_610_49201_49255_Sample_810_49200_25.0.mp4,16
Person_5,no emotion,MYS_G000010_30042021_01_611_49301_49320_Sample_810_49200_25.0.mp4,7
Person_5,no emotion,MYS_G000010_30042021_01_614_50460_50760_Sample_833_50460_25.0.mp4,150
Person_5,no emotion,MYS_G000010_30042021_01_623_52080_52500_Sample_861_52080_25.0.mp4,210
Person_5,no emotion,MYS_G000010_30042021_01_625_52579_52672_Sample_869_52560_25.0.mp4,50
Person_5,no emotion,MYS_G000010_30042021_01_627_5400_5580_Sample_88_5400_25.0.mp4,90
Person_5,no emotion,MYS_G000010_30042021_01_633_54480_54600_Sample_897_54480_25.0.mp4,60
Person_5,no emotion,MYS_G000010_30042021_01_634_54840_55020_Sample_902_54840_25.0.mp4,90
Person_5,no emotion,MYS_G000010_30042021_01_635_55200_55320_Sample_905_55200_25.0.mp4,60
Person_5,no emotion,MYS_G000010_30042021_01_636_55620_55740_Sample_910_55620_25.0.mp4,60
Person_5,no emotion,MYS_G000010_30042021_01_640_5640_5880_Sample_92_5640_25.0.mp4,120
Person_5,no emotion,MYS_G000010_30042021_01_645_5940_6060_Sample_94_5940_25.0.mp4,60
Person_5,no emotion,MYS_G000010_30042021_01_647_58140_58320_Sample_946_58140_25.0.mp4,90
Person_5,no emotion,MYS_G000010_30042021_01_649_58380_58500_Sample_949_58380_25.0.mp4,60
Person_5,no emotion,MYS_G000010_30042021_01_659_6180_6300_Sample_99_6180_25.0.mp4,60
Person_5,no emotion,MYS_G000010_30042021_01_76_84000_84180_Sample_1354_84000_25.0.mp4,90
Person_5,no emotion,MYS_G000011_05022021_03_104_33868_33900_Sample_418_33300_25.0.mp4,15
Person_5,no emotion,MYS_G000011_05022021_03_13_10860_11040_Sample_133_10860_25.0.mp4,90
Person_5,no emotion,MYS_G000011_05022021_03_17_11820_12180_Sample_148_11820_25.0.mp4,180
Person_5,no emotion,MYS_G000011_05022021_03_17_45900_47400_Sample_581_45900_25.0.mp4,750
Person_5,no emotion,MYS_G000011_05022021_03_1_34020_35157_Sample_429_34020_25.0.mp4,568
Person_5,no emotion,MYS_G000011_05022021_03_20_12616_12678_Sample_156_12540_25.0.mp4,24
Person_5,no emotion,MYS_G000011_05022021_03_22_36720_36840_Sample_471_36720_25.0.mp4,60
Person_5,no emotion,MYS_G000011_05022021_03_30_3300_3780_Sample_47_3300_25.0.mp4,240
Person_5,no emotion,MYS_G000011_05022021_03_31_37984_38037_Sample_480_37320_25.0.mp4,20
Person_5,no emotion,MYS_G000011_05022021_03_32_48060_49020_Sample_606_48060_25.0.mp4,480
Person_5,no emotion,MYS_G000011_05022021_03_37_16140_16560_Sample_192_16140_25.0.mp4,210
Person_5,no emotion,MYS_G000011_05022021_03_40_39900_40080_Sample_512_39900_25.0.mp4,90
Person_5,no emotion,MYS_G000011_05022021_03_41_40321_40371_Sample_518_40320_25.0.mp4,33
Person_5,no emotion,MYS_G000011_05022021_03_42_40638_40683_Sample_518_40320_25.0.mp4,16
Person_5,no emotion,MYS_G000011_05022021_03_42_49380_49620_Sample_621_49380_25.0.mp4,120
Person_5,no emotion,MYS_G000011_05022021_03_43_19221_19260_Sample_210_17640_25.0.mp4,26
Person_5,no emotion,MYS_G000011_05022021_03_46_49740_49920_Sample_630_49740_25.0.mp4,90
Person_5,no emotion,MYS_G000011_05022021_03_50_50040_50700_Sample_635_50040_25.0.mp4,330
Person_5,no emotion,MYS_G000011_05022021_03_51_19320_19680_Sample_226_19320_25.0.mp4,180
Person_5,no emotion,MYS_G000011_05022021_03_51_3900_4680_Sample_53_3900_25.0.mp4,390
Person_5,no emotion,MYS_G000011_05022021_03_55_43380_43500_Sample_549_43380_25.0.mp4,60
Person_5,no emotion,MYS_G000011_05022021_03_56_50880_51720_Sample_649_50880_25.0.mp4,420
Person_5,no emotion,MYS_G000011_05022021_03_64_5100_5220_Sample_65_5100_25.0.mp4,60
Person_5,no emotion,MYS_G000011_05022021_03_65_22200_22620_Sample_267_22200_25.0.mp4,210
Person_5,no emotion,MYS_G000011_05022021_03_65_51840_52020_Sample_661_51840_25.0.mp4,90
Person_5,no emotion,MYS_G000011_05022021_03_71_28620_29100_Sample_359_28620_25.0.mp4,240
Person_5,no emotion,MYS_G000011_05022021_03_74_53280_53580_Sample_680_53280_25.0.mp4,150
Person_5,no emotion,MYS_G000011_05022021_03_77_54047_54144_Sample_689_53940_25.0.mp4,49
Person_5,no emotion,MYS_G000011_05022021_03_78_29160_29457_Sample_366_29160_25.0.mp4,148
Person_5,no emotion,MYS_G000011_05022021_03_78_54360_54900_Sample_695_54360_25.0.mp4,270
Person_5,no emotion,MYS_G000011_05022021_03_81_30057_30084_Sample_369_29520_25.0.mp4,17
Person_5,no emotion,MYS_G000011_05022021_03_88_31080_31260_Sample_387_31080_25.0.mp4,90
Person_5,no emotion,MYS_G000011_05022021_03_8_44700_44820_Sample_567_44700_25.0.mp4,60
Person_5,no emotion,MYS_G000011_05022021_03_95_31800_31920_Sample_400_31800_25.0.mp4,60
Person_5,no emotion,MYS_G000011_05022021_03_96_32680_32811_Sample_401_31980_25.0.mp4,38
Person_5,no emotion,MYS_G000011_05022021_03_9_10020_10140_Sample_121_10020_25.0.mp4,60
Person_5,no emotion,MYS_G000011_05022021_03_9_35280_35820_Sample_445_35280_25.0.mp4,270
Person_5,no emotion,MYS_G000011_05022021_04_13_14126_14783_Sample_142_14100_25.0.mp4,328
Person_5,no emotion,MYS_G000011_05022021_04_16_30129_30240_Sample_332_30120_25.0.mp4,55
Person_5,no emotion,MYS_G000011_05022021_04_16_43553_44220_Sample_480_43440_25.0.mp4,333
Person_5,no emotion,MYS_G000011_05022021_04_17_15280_15588_Sample_156_15240_25.0.mp4,154
Person_5,no emotion,MYS_G000011_05022021_04_17_5073_6180_Sample_48_5040_25.0.mp4,553
Person_5,no emotion,MYS_G000011_05022021_04_20_30585_30706_Sample_337_30540_25.0.mp4,60
Person_5,no emotion,MYS_G000011_05022021_04_20_45108_45400_Sample_497_45000_25.0.mp4,146
Person_5,no emotion,MYS_G000011_05022021_04_21_3900_4380_Sample_33_3900_25.0.mp4,240
Person_5,no emotion,MYS_G000011_05022021_04_22_16528_16560_Sample_167_16440_25.0.mp4,16
Person_5,no emotion,MYS_G000011_05022021_04_22_45600_46172_Sample_508_45600_25.0.mp4,286
Person_5,no emotion,MYS_G000011_05022021_04_24_31200_32673_Sample_343_31200_25.0.mp4,736
Person_5,no emotion,MYS_G000011_05022021_04_26_17308_17582_Sample_175_17220_25.0.mp4,137
Person_5,no emotion,MYS_G000011_05022021_04_27_1740_1870_Sample_17_1740_25.0.mp4,65
Person_5,no emotion,MYS_G000011_05022021_04_28_1945_2102_Sample_17_1740_25.0.mp4,78
Person_5,no emotion,MYS_G000011_05022021_04_30_33318_33372_Sample_357_33300_25.0.mp4,27
Person_5,no emotion,MYS_G000011_05022021_04_31_33727_33910_Sample_357_33300_25.0.mp4,91
Person_5,no emotion,MYS_G000011_05022021_04_32_34019_34279_Sample_357_33300_25.0.mp4,130
Person_5,no emotion,MYS_G000011_05022021_04_33_46839_46920_Sample_521_46740_25.0.mp4,40
Person_5,no emotion,MYS_G000011_05022021_04_34_34389_34419_Sample_362_34380_25.0.mp4,15
Person_5,no emotion,MYS_G000011_05022021_04_36_35020_35356_Sample_368_34740_25.0.mp4,168
Person_5,no emotion,MYS_G000011_05022021_04_38_21258_21293_Sample_218_21240_25.0.mp4,17
Person_5,no emotion,MYS_G000011_05022021_04_38_47740_47755_Sample_531_47700_25.0.mp4,7
Person_5,no emotion,MYS_G000011_05022021_04_39_21327_21398_Sample_218_21240_25.0.mp4,35
Person_5,no emotion,MYS_G000011_05022021_04_40_35722_35875_Sample_379_35700_25.0.mp4,76
Person_5,no emotion,MYS_G000011_05022021_04_41_36120_36240_Sample_383_36120_25.0.mp4,60
Person_5,no emotion,MYS_G000011_05022021_04_42_36337_36420_Sample_386_36300_25.0.mp4,41
Person_5,no emotion,MYS_G000011_05022021_04_42_48483_48600_Sample_544_48480_25.0.mp4,58
Person_5,no emotion,MYS_G000011_05022021_04_45_36688_36855_Sample_394_36600_25.0.mp4,83
Person_5,no emotion,MYS_G000011_05022021_04_47_49238_49380_Sample_553_49200_25.0.mp4,71
Person_5,no emotion,MYS_G000011_05022021_04_48_23160_23460_Sample_240_23160_25.0.mp4,150
Person_5,no emotion,MYS_G000011_05022021_04_49_49456_49514_Sample_556_49440_25.0.mp4,29
Person_5,no emotion,MYS_G000011_05022021_04_50_49633_49740_Sample_560_49620_25.0.mp4,53
Person_5,no emotion,MYS_G000011_05022021_04_51_49825_49903_Sample_563_49800_25.0.mp4,39
Person_5,no emotion,MYS_G000011_05022021_04_52_23520_23640_Sample_246_23520_25.0.mp4,60
Person_5,no emotion,MYS_G000011_05022021_04_52_38350_38368_Sample_412_38340_25.0.mp4,9
Person_5,no emotion,MYS_G000011_05022021_04_54_51028_51120_Sample_573_50940_25.0.mp4,46
Person_5,no emotion,MYS_G000011_05022021_04_55_24180_24273_Sample_253_24180_25.0.mp4,46
Person_5,no emotion,MYS_G000011_05022021_04_55_39483_39527_Sample_429_39420_25.0.mp4,22
Person_5,no emotion,MYS_G000011_05022021_04_56_4679_4920_Sample_42_4500_25.0.mp4,120
Person_5,no emotion,MYS_G000011_05022021_04_57_24833_25093_Sample_257_24540_25.0.mp4,130
Person_5,no emotion,MYS_G000011_05022021_04_58_39632_40177_Sample_431_39600_25.0.mp4,272
Person_5,no emotion,MYS_G000011_05022021_04_58_53057_53200_Sample_599_53040_25.0.mp4,71
Person_5,no emotion,MYS_G000011_05022021_04_67_25562_25724_Sample_274_25560_25.0.mp4,81
Person_5,no emotion,MYS_G000011_05022021_04_67_40621_41088_Sample_446_40560_25.0.mp4,233
Person_5,no emotion,MYS_G000011_05022021_04_67_54428_54597_Sample_618_54420_25.0.mp4,84
Person_5,no emotion,MYS_G000011_05022021_04_68_41733_41820_Sample_453_41580_25.0.mp4,43
Person_5,no emotion,MYS_G000011_05022021_04_70_3240_3840_Sample_27_3240_25.0.mp4,300
Person_5,no emotion,MYS_G000011_05022021_04_70_42414_42440_Sample_461_41940_25.0.mp4,13
Person_5,no emotion,MYS_G000011_05022021_04_70_55073_55301_Sample_627_54960_25.0.mp4,114
Person_5,no emotion,MYS_G000011_05022021_04_8_28068_28200_Sample_304_28020_25.0.mp4,66
Person_5,no emotion,MYS_G000011_05022021_05_112_0_360_Sample_251.mp4,179
Person_5,no emotion,MYS_G000011_05022021_05_116_0_300_Sample_256.mp4,150
Person_5,no emotion,MYS_G000011_05022021_05_147_2_1081_Sample_62.mp4,539
Person_5,no emotion,MYS_G000011_05022021_05_151_1_241_Sample_74.mp4,119
Person_5,no emotion,MYS_G000011_05022021_05_152_638_740_Sample_82.mp4,72
Person_5,no emotion,MYS_G000011_05022021_05_159_1_301_Sample_92.mp4,150
Person_5,no emotion,MYS_G000011_05022021_05_1_256_301_Sample_101.mp4,29
Person_5,no emotion,MYS_G000011_05022021_05_42_456_591_Sample_15.mp4,103
Person_5,no emotion,MYS_G000011_05022021_05_57_0_120_Sample_166.mp4,59
Person_5,no emotion,MYS_G000011_05022021_05_58_0_360_Sample_167.mp4,179
Person_5,no emotion,MYS_G000011_05022021_05_5_1_420_Sample_106.mp4,209
Person_5,no emotion,MYS_G000011_05022021_05_6_1_180_Sample_109.mp4,89
Person_5,no emotion,MYS_G000011_05022021_05_82_5_185_Sample_21.mp4,89
Person_5,no emotion,MYS_G000011_05022021_05_95_5_305_Sample_23.mp4,150
Person_5,no emotion,MYS_G000011_15022021_01_95_0_120_Sample_303.mp4,59
Person_5,no emotion,MYS_G000011_15022021_03_49_0_120_Sample_191.mp4,59
Person_5,no emotion,MYS_G000011_15022021_03_52_25_126_Sample_477.mp4,50
Person_5,no emotion,MYS_G000011_15022021_03_63_0_240_Sample_237.mp4,119
Person_5,no emotion,MYS_G000011_15022021_03_85_0_46_Sample_303.mp4,22
Person_5,no emotion,MYS_G000011_15022021_03_8_49_121_Sample_38.mp4,36
Person_5,no emotion,MYS_G000011_15022021_03_96_0_120_Sample_323.mp4,59
Person_5,no emotion,MYS_G000011_15022021_03_99_0_120_Sample_326.mp4,59
Person_5,no emotion,MYS_G000011_22012021_02_101_35940_36120_Sample_377_35940_25.0.mp4,90
Person_5,no emotion,MYS_G000011_22012021_02_11_14557_14760_Sample_125_14520_25.0.mp4,101
Person_5,no emotion,MYS_G000011_22012021_02_20_19620_19740_Sample_172_19620_25.0.mp4,60
Person_5,no emotion,MYS_G000011_22012021_02_23_20160_20280_Sample_181_20160_25.0.mp4,60
Person_5,no emotion,MYS_G000011_22012021_02_26_20640_20760_Sample_188_20640_25.0.mp4,60
Person_5,no emotion,MYS_G000011_22012021_02_37_22374_22402_Sample_212_22320_25.0.mp4,9
Person_5,no emotion,MYS_G000011_22012021_02_3_12240_12360_Sample_108_12240_25.0.mp4,60
Person_5,no emotion,MYS_G000011_22012021_02_90_1020_1140_Sample_9_1020_25.0.mp4,60
Person_5,no emotion,MYS_G000011_22012021_02_9_39720_39840_Sample_439_39720_25.0.mp4,60
Person_5,no emotion,MYS_G000011_26022021_04_103_1_361_Sample_83.mp4,179
Person_5,no emotion,MYS_G000011_26022021_04_105_1_121_Sample_85.mp4,60
Person_5,no emotion,MYS_G000011_26022021_04_11_11_70_Sample_110.mp4,10
Person_5,no emotion,MYS_G000011_26022021_04_12_0_240_Sample_111.mp4,119
Person_5,no emotion,MYS_G000011_26022021_04_13_75_263_Sample_114.mp4,37
Person_5,no emotion,MYS_G000011_26022021_04_14_0_300_Sample_117.mp4,150
Person_5,no emotion,MYS_G000011_26022021_04_33_0_180_Sample_144.mp4,89
Person_5,no emotion,MYS_G000011_26022021_04_34_0_120_Sample_147.mp4,59
Person_5,no emotion,MYS_G000011_26022021_04_36_0_120_Sample_150.mp4,60
Person_5,no emotion,MYS_G000011_26022021_04_47_1000_1046_Sample_160.mp4,15
Person_5,no emotion,MYS_G000011_26022021_04_56_0_240_Sample_179.mp4,119
Person_5,no emotion,MYS_G000011_26022021_04_5_0_300_Sample_101.mp4,150
Person_5,no emotion,MYS_G000011_26022021_04_60_0_600_Sample_185.mp4,300
Person_5,no emotion,MYS_G000011_26022021_04_63_0_237_Sample_191.mp4,118
Person_5,no emotion,MYS_G000011_26022021_04_68_0_180_Sample_199.mp4,89
Person_5,no emotion,MYS_G000011_26022021_04_6_0_300_Sample_105.mp4,150
Person_5,no emotion,MYS_G000011_26022021_04_71_0_2520_Sample_207.mp4,1259
Person_5,no emotion,MYS_G000011_26022021_04_87_2_182_Sample_35.mp4,90
Person_5,no emotion,MYS_G000011_26022021_04_89_1_241_Sample_60.mp4,120
Person_5,no emotion,MYS_G000011_26022021_04_92_1_121_Sample_65.mp4,60
Person_5,no emotion,MYS_G000011_26022021_04_94_1_361_Sample_71.mp4,179
Person_5,no emotion,MYS_G000011_26022021_04_97_145_181_Sample_76.mp4,28
Person_5,no emotion,MYS_G000011_28012021_02_19_0_66_Sample_133.mp4,32
Person_5,no emotion,MYS_G000011_28012021_02_19_11_88_Sample_279.mp4,38
Person_5,no emotion,MYS_G000011_28012021_02_20_1_120_Sample_134.mp4,59
Person_5,no emotion,MYS_G000011_28012021_02_38_55_120_Sample_37.mp4,32
Person_5,no emotion,MYS_G000011_28012021_02_3_34_120_Sample_105.mp4,43
Person_5,no emotion,MYS_G000011_28012021_02_60_0_120_Sample_89.mp4,59
Person_5,no emotion,MYS_G000011_28012021_04_20_39_121_Sample_41.mp4,41
Person_5,no emotion,MYS_G000011_28012021_04_30_41_114_Sample_70.mp4,36
Person_5,no emotion,MYS_G000011_28012021_04_44_31_178_Sample_90.mp4,73
Person_5,no emotion,MYS_G000011_28012021_04_45_1_161_Sample_92.mp4,80
Person_54,no emotion,MYS_G000106_10072021_02_11_29232_30151_Sample_183_29160_25.0.mp4,459
Person_54,no emotion,MYS_G000106_10072021_02_17_31560_32327_Sample_203_31560_25.0.mp4,383
Person_54,no emotion,MYS_G000106_10072021_02_18_32508_32591_Sample_211_32460_25.0.mp4,41
Person_54,no emotion,MYS_G000106_10072021_02_53_44480_44557_Sample_289_44460_25.0.mp4,38
Person_54,no emotion,MYS_G000106_10072021_02_55_49200_49281_Sample_302_49200_25.0.mp4,40
Person_54,no emotion,MYS_G000106_10072021_02_56_49320_49496_Sample_303_49320_25.0.mp4,88
Person_54,no emotion,MYS_G000106_10072021_02_59_51600_52033_Sample_312_51600_25.0.mp4,216
Person_54,no emotion,MYS_G000106_10072021_02_60_52642_52734_Sample_313_52380_25.0.mp4,46
Person_54,no emotion,MYS_G000106_10072021_02_77_8165_8904_Sample_64_8160_25.0.mp4,369
Person_54,no emotion,MYS_G000106_10072021_02_82_10600_10662_Sample_90_10440_25.0.mp4,31
Person_54,no emotion,MYS_G000106_10072021_02_85_11045_11147_Sample_95_10860_25.0.mp4,51
Person_6,no emotion,MYS_G000010_06082021_01_10_23280_23400_Sample_344_23280_25.0.mp4,60
Person_6,no emotion,MYS_G000010_06082021_01_14_43108_43156_Sample_588_42120_25.0.mp4,18
Person_6,no emotion,MYS_G000010_06082021_01_16_16260_16440_Sample_247_16260_25.0.mp4,90
Person_6,no emotion,MYS_G000010_06082021_01_20_25200_25320_Sample_378_25200_25.0.mp4,60
Person_6,no emotion,MYS_G000010_06082021_01_21_45180_45300_Sample_611_45180_25.0.mp4,60
Person_6,no emotion,MYS_G000010_06082021_01_22_17400_17760_Sample_268_17400_25.0.mp4,180
Person_6,no emotion,MYS_G000010_06082021_01_26_18360_18540_Sample_278_18360_25.0.mp4,90
Person_6,no emotion,MYS_G000010_06082021_01_26_45720_45900_Sample_620_45720_25.0.mp4,90
Person_6,no emotion,MYS_G000010_06082021_01_28_45960_46260_Sample_622_45960_25.0.mp4,150
Person_6,no emotion,MYS_G000010_06082021_01_2_21600_21840_Sample_327_21600_25.0.mp4,120
Person_6,no emotion,MYS_G000010_06082021_01_33_27180_27300_Sample_409_27180_25.0.mp4,60
Person_6,no emotion,MYS_G000010_06082021_01_34_19260_19380_Sample_291_19260_25.0.mp4,60
Person_6,no emotion,MYS_G000010_06082021_01_36_47340_47700_Sample_648_47340_25.0.mp4,180
Person_6,no emotion,MYS_G000010_06082021_01_38_9480_9780_Sample_141_9480_25.0.mp4,150
Person_6,no emotion,MYS_G000010_06082021_01_39_9840_10020_Sample_144_9840_25.0.mp4,90
Person_6,no emotion,MYS_G000010_06082021_01_42_28080_28260_Sample_430_28080_25.0.mp4,90
Person_6,no emotion,MYS_G000010_06082021_01_44_48360_48600_Sample_668_48360_25.0.mp4,120
Person_6,no emotion,MYS_G000010_06082021_01_46_21120_21420_Sample_319_21120_25.0.mp4,150
Person_6,no emotion,MYS_G000010_06082021_01_47_48840_49080_Sample_673_48840_25.0.mp4,120
Person_6,no emotion,MYS_G000010_06082021_01_48_11908_11967_Sample_171_11640_25.0.mp4,33
Person_6,no emotion,MYS_G000010_06082021_01_49_30240_30480_Sample_456_30240_25.0.mp4,120
Person_6,no emotion,MYS_G000010_06082021_01_51_12060_12180_Sample_175_12060_25.0.mp4,60
Person_6,no emotion,MYS_G000010_06082021_01_55_12360_12600_Sample_183_12360_25.0.mp4,120
Person_6,no emotion,MYS_G000010_06082021_01_58_32580_32760_Sample_474_32580_25.0.mp4,90
Person_6,no emotion,MYS_G000010_06082021_01_5_40560_40740_Sample_573_40560_25.0.mp4,90
Person_6,no emotion,MYS_G000010_06082021_01_61_12780_13080_Sample_191_12780_25.0.mp4,150
Person_6,no emotion,MYS_G000010_06082021_01_62_32940_33360_Sample_478_32940_25.0.mp4,210
Person_6,no emotion,MYS_G000010_06082021_01_62_5880_6120_Sample_83_5880_25.0.mp4,120
Person_6,no emotion,MYS_G000010_06082021_01_69_33900_34080_Sample_491_33900_25.0.mp4,90
Person_6,no emotion,MYS_G000010_06082021_01_6_14580_15120_Sample_221_14580_25.0.mp4,270
Person_6,no emotion,MYS_G000010_06082021_01_6_40920_41100_Sample_576_40920_25.0.mp4,90
Person_6,no emotion,MYS_G000010_06082021_01_73_34380_34500_Sample_498_34380_25.0.mp4,60
Person_6,no emotion,MYS_G000010_06082021_01_76_35365_35400_Sample_502_34860_25.0.mp4,31
Person_6,no emotion,MYS_G000010_06082021_01_78_35695_35713_Sample_509_35460_25.0.mp4,12
Person_6,no emotion,MYS_G000010_06082021_01_7_22740_22860_Sample_340_22740_25.0.mp4,60
Person_6,no emotion,MYS_G000010_06082021_01_7_41160_41340_Sample_581_41160_25.0.mp4,90
Person_6,no emotion,MYS_G000010_06082021_01_9_22920_23040_Sample_342_22920_25.0.mp4,60
Person_6,no emotion,MYS_G000010_06082021_01_9_41460_41820_Sample_584_41460_25.0.mp4,180
Person_6,no emotion,MYS_G000010_09072021_01_108_10920_11160_Sample_149_10920_25.0.mp4,120
Person_6,no emotion,MYS_G000010_09072021_01_111_11220_11400_Sample_156_11220_25.0.mp4,90
Person_6,no emotion,MYS_G000010_09072021_01_116_11460_11700_Sample_163_11460_25.0.mp4,120
Person_6,no emotion,MYS_G000010_09072021_01_123_12900_13320_Sample_183_12900_25.0.mp4,210
Person_6,no emotion,MYS_G000010_09072021_01_127_13440_13620_Sample_191_13440_25.0.mp4,90
Person_6,no emotion,MYS_G000010_09072021_01_129_13740_14280_Sample_194_13740_25.0.mp4,270
Person_6,no emotion,MYS_G000010_09072021_01_150_16020_16260_Sample_223_16020_25.0.mp4,120
Person_6,no emotion,MYS_G000010_09072021_01_152_16500_16620_Sample_227_16500_25.0.mp4,60
Person_6,no emotion,MYS_G000010_09072021_01_157_16680_16920_Sample_230_16680_25.0.mp4,120
Person_6,no emotion,MYS_G000010_09072021_01_159_17040_17280_Sample_234_17040_25.0.mp4,120
Person_6,no emotion,MYS_G000010_09072021_01_198_22560_22740_Sample_303_22560_25.0.mp4,90
Person_6,no emotion,MYS_G000010_09072021_01_203_23400_23520_Sample_311_23400_25.0.mp4,60
Person_6,no emotion,MYS_G000010_09072021_01_209_24420_24540_Sample_328_24420_25.0.mp4,60
Person_6,no emotion,MYS_G000010_09072021_01_214_2460_4199_Sample_33_2460_25.0.mp4,869
Person_6,no emotion,MYS_G000010_09072021_01_221_25680_25800_Sample_361_25680_25.0.mp4,60
Person_6,no emotion,MYS_G000010_09072021_01_232_26460_26580_Sample_376_26460_25.0.mp4,60
Person_6,no emotion,MYS_G000010_09072021_01_25_8640_8760_Sample_123_8640_25.0.mp4,60
Person_6,no emotion,MYS_G000010_09072021_01_26_90360_90660_Sample_1240_90360_25.0.mp4,150
Person_6,no emotion,MYS_G000010_09072021_01_2_88410_88445_Sample_1203_87960_25.0.mp4,23
Person_6,no emotion,MYS_G000010_09072021_01_30_77700_78120_Sample_1039_77700_25.0.mp4,210
Person_6,no emotion,MYS_G000010_09072021_01_31_91140_91260_Sample_1251_91140_25.0.mp4,60
Person_6,no emotion,MYS_G000010_09072021_01_32_77880_78240_Sample_1041_77880_25.0.mp4,180
Person_6,no emotion,MYS_G000010_09072021_01_332_38760_39000_Sample_559_38760_25.0.mp4,120
Person_6,no emotion,MYS_G000010_09072021_01_338_39540_39660_Sample_570_39540_25.0.mp4,60
Person_6,no emotion,MYS_G000010_09072021_01_353_4380_4500_Sample_59_4380_25.0.mp4,60
Person_6,no emotion,MYS_G000010_09072021_01_365_43560_43800_Sample_633_43560_25.0.mp4,120
Person_6,no emotion,MYS_G000010_09072021_01_379_45240_45360_Sample_662_45240_25.0.mp4,60
Person_6,no emotion,MYS_G000010_09072021_01_38_79200_79440_Sample_1059_79200_25.0.mp4,120
Person_6,no emotion,MYS_G000010_09072021_01_394_47520_47760_Sample_705_47520_25.0.mp4,120
Person_6,no emotion,MYS_G000010_09072021_01_3_88459_88528_Sample_1203_87960_25.0.mp4,21
Person_6,no emotion,MYS_G000010_09072021_01_42_80040_80220_Sample_1073_80040_25.0.mp4,90
Person_6,no emotion,MYS_G000010_09072021_01_488_5700_5820_Sample_81_5700_25.0.mp4,60
Person_6,no emotion,MYS_G000010_09072021_01_491_66480_66600_Sample_824_66480_25.0.mp4,60
Person_6,no emotion,MYS_G000010_09072021_01_507_5820_6060_Sample_84_5820_25.0.mp4,120
Person_6,no emotion,MYS_G000010_09072021_01_511_68520_68640_Sample_862_68520_25.0.mp4,60
Person_6,no emotion,MYS_G000010_09072021_01_514_68760_69120_Sample_866_68760_25.0.mp4,180
Person_6,no emotion,MYS_G000010_09072021_01_516_69240_69360_Sample_873_69240_25.0.mp4,60
Person_6,no emotion,MYS_G000010_09072021_01_540_70080_70500_Sample_895_70080_25.0.mp4,210
Person_6,no emotion,MYS_G000010_09072021_01_553_72480_72600_Sample_939_72480_25.0.mp4,60
Person_6,no emotion,MYS_G000010_09072021_01_556_72960_73380_Sample_951_72960_25.0.mp4,210
Person_6,no emotion,MYS_G000010_09072021_01_562_74520_74880_Sample_980_74520_25.0.mp4,180
Person_6,no emotion,MYS_G000010_09072021_01_57_82200_82500_Sample_1107_82200_25.0.mp4,150
Person_6,no emotion,MYS_G000010_09072021_01_78_84451_84470_Sample_1140_84360_25.0.mp4,13
Person_6,no emotion,MYS_G000010_09072021_01_98_85860_86220_Sample_1169_85860_25.0.mp4,180
Person_6,no emotion,MYS_G000010_13082021_03_10_830_868_Sample_13_780_25.0.mp4,19
Person_6,no emotion,MYS_G000010_13082021_03_110_3960_4917_Sample_58_3960_25.0.mp4,478
Person_6,no emotion,MYS_G000010_13082021_03_117_240_357_Sample_6_240_25.0.mp4,58
Person_6,no emotion,MYS_G000010_13082021_03_121_5040_5520_Sample_79_5040_25.0.mp4,240
Person_6,no emotion,MYS_G000010_13082021_03_12_9333_9387_Sample_144_9240_25.0.mp4,27
Person_6,no emotion,MYS_G000010_13082021_03_17_998_1241_Sample_15_960_25.0.mp4,121
Person_6,no emotion,MYS_G000010_13082021_03_26_12458_12528_Sample_187_12420_25.0.mp4,35
Person_6,no emotion,MYS_G000010_13082021_03_33_13200_13497_Sample_200_13200_25.0.mp4,148
Person_6,no emotion,MYS_G000010_13082021_03_35_13500_13619_Sample_205_13500_25.0.mp4,59
Person_6,no emotion,MYS_G000010_13082021_03_50_16689_16797_Sample_258_16680_25.0.mp4,54
Person_6,no emotion,MYS_G000010_13082021_03_54_17969_18057_Sample_279_17940_25.0.mp4,44
Person_6,no emotion,MYS_G000010_13082021_03_57_1740_1858_Sample_28_1740_25.0.mp4,59
Person_6,no emotion,MYS_G000010_13082021_03_59_49_88_Sample_2_0_25.0.mp4,18
Person_6,no emotion,MYS_G000010_13082021_03_65_21540_21781_Sample_325_21540_25.0.mp4,120
Person_6,no emotion,MYS_G000010_13082021_03_69_22680_22754_Sample_344_22680_25.0.mp4,37
Person_6,no emotion,MYS_G000010_13082021_03_6_8340_8612_Sample_132_8340_25.0.mp4,136
Person_6,no emotion,MYS_G000010_13082021_03_71_23280_23385_Sample_358_23280_25.0.mp4,52
Person_6,no emotion,MYS_G000010_13082021_03_79_25533_25977_Sample_386_25320_25.0.mp4,222
Person_6,no emotion,MYS_G000010_13082021_03_81_26700_26819_Sample_405_26700_25.0.mp4,59
Person_6,no emotion,MYS_G000010_13082021_03_83_26911_27057_Sample_407_26820_25.0.mp4,73
Person_6,no emotion,MYS_G000010_13082021_03_87_3275_3536_Sample_42_3000_25.0.mp4,130
Person_6,no emotion,MYS_G000010_13082021_03_91_29881_30244_Sample_445_29760_25.0.mp4,181
Person_6,no emotion,MYS_G000010_13082021_03_95_31200_31332_Sample_457_31200_25.0.mp4,66
Person_6,no emotion,MYS_G000010_13082021_03_99_31786_31958_Sample_467_31740_25.0.mp4,86
Person_6,no emotion,MYS_G000010_13082021_03_9_8700_9103_Sample_138_8700_25.0.mp4,201
Person_6,no emotion,MYS_G000010_16072021_01_104_34329_34374_Sample_388_34320_25.0.mp4,22
Person_6,no emotion,MYS_G000010_16072021_01_110_2084_2182_Sample_39_2040_25.0.mp4,49
Person_6,no emotion,MYS_G000010_16072021_01_115_36248_36360_Sample_412_36060_25.0.mp4,56
Person_6,no emotion,MYS_G000010_16072021_01_119_36901_36977_Sample_424_36780_25.0.mp4,15
Person_6,no emotion,MYS_G000010_16072021_01_125_37800_37999_Sample_437_37800_25.0.mp4,99
Person_6,no emotion,MYS_G000010_16072021_01_128_38742_38807_Sample_449_38700_25.0.mp4,32
Person_6,no emotion,MYS_G000010_16072021_01_141_40365_40437_Sample_470_40200_25.0.mp4,36
Person_6,no emotion,MYS_G000010_16072021_01_148_42293_42502_Sample_488_42120_25.0.mp4,104
Person_6,no emotion,MYS_G000010_16072021_01_159_43770_43835_Sample_508_43560_25.0.mp4,32
Person_6,no emotion,MYS_G000010_16072021_01_178_45959_46077_Sample_546_45900_25.0.mp4,59
Person_6,no emotion,MYS_G000010_16072021_01_188_47520_47637_Sample_566_47520_25.0.mp4,58
Person_6,no emotion,MYS_G000010_16072021_01_190_3420_3537_Sample_56_3420_25.0.mp4,58
Person_6,no emotion,MYS_G000010_16072021_01_207_49567_49651_Sample_600_49560_25.0.mp4,22
Person_6,no emotion,MYS_G000010_16072021_01_22_18960_19077_Sample_196_18960_25.0.mp4,58
Person_6,no emotion,MYS_G000010_16072021_01_252_54946_55077_Sample_678_54900_25.0.mp4,65
Person_6,no emotion,MYS_G000010_16072021_01_289_4680_4961_Sample_74_4680_25.0.mp4,140
Person_6,no emotion,MYS_G000010_16072021_01_291_66240_66363_Sample_756_66240_25.0.mp4,61
Person_6,no emotion,MYS_G000010_16072021_01_315_71280_71346_Sample_805_71280_25.0.mp4,33
Person_6,no emotion,MYS_G000010_16072021_01_333_75900_76077_Sample_863_75900_25.0.mp4,88
Person_6,no emotion,MYS_G000010_16072021_01_336_76211_76241_Sample_866_76140_25.0.mp4,9
Person_6,no emotion,MYS_G000010_16072021_01_342_77040_77277_Sample_878_77040_25.0.mp4,118
Person_6,no emotion,MYS_G000010_16072021_01_357_79276_79335_Sample_906_79260_25.0.mp4,29
Person_6,no emotion,MYS_G000010_16072021_01_372_80614_80760_Sample_928_80400_25.0.mp4,73
Person_6,no emotion,MYS_G000010_16072021_01_4_6862_6957_Sample_110_6780_25.0.mp4,47
Person_6,no emotion,MYS_G000010_16072021_01_8_7680_7844_Sample_123_7680_25.0.mp4,82
Person_6,no emotion,MYS_G000010_16072021_01_96_33096_33177_Sample_371_33060_25.0.mp4,40
Person_6,no emotion,MYS_G000010_16072021_02_107_38468_38476_Sample_413_38400_25.0.mp4,4
Person_6,no emotion,MYS_G000010_16072021_02_176_50460_50579_Sample_570_50460_25.0.mp4,59
Person_6,no emotion,MYS_G000010_16072021_02_235_63604_63698_Sample_759_63600_25.0.mp4,19
Person_6,no emotion,MYS_G000010_20082021_01_12_7346_7380_Sample_128_7140_25.0.mp4,6
Person_6,no emotion,MYS_G000010_20082021_01_193_4620_4740_Sample_84_4620_25.0.mp4,60
Person_6,no emotion,MYS_G000010_20082021_01_196_5040_5160_Sample_90_5040_25.0.mp4,60
Person_6,no emotion,MYS_G000010_20082021_01_1_5700_5820_Sample_100_5700_25.0.mp4,60
Person_6,no emotion,MYS_G000010_20082021_01_53_10560_10800_Sample_195_10560_25.0.mp4,120
Person_6,no emotion,MYS_G000010_20082021_01_68_13680_13800_Sample_249_13680_25.0.mp4,60
Person_6,no emotion,MYS_G000010_20082021_01_73_13860_13980_Sample_254_13860_25.0.mp4,60
Person_6,no emotion,MYS_G000010_20082021_01_93_17340_17460_Sample_307_17340_25.0.mp4,60
Person_61,no emotion,MYS_G000120_24072021_153_11136_11165_Sample_99_11100_25.0.mp4,12
Person_61,no emotion,MYS_G000120_24072021_18_46965_46992_Sample_406_46920_25.0.mp4,18
Person_61,no emotion,MYS_G000120_24072021_55_54907_54932_Sample_464_54900_25.0.mp4,12
Person_61,no emotion,MYS_G000120_24072021_74_24238_24328_Sample_215_23940_25.0.mp4,45
Person_63,no emotion,MYS_G000011_05022021_04_12_29106_29256_Sample_318_29100_25.0.mp4,75
Person_63,no emotion,MYS_G000011_05022021_04_21_45550_45626_Sample_507_45540_25.0.mp4,38
Person_63,no emotion,MYS_G000011_05022021_04_25_16920_18657_Sample_173_16920_25.0.mp4,868
Person_63,no emotion,MYS_G000011_05022021_04_44_48934_48974_Sample_549_48900_25.0.mp4,20
Person_63,no emotion,MYS_G000011_05022021_04_59_6248_6581_Sample_59_6180_25.0.mp4,166
Person_63,no emotion,MYS_G000011_05022021_04_60_6840_7276_Sample_59_6180_25.0.mp4,218
Person_63,no emotion,MYS_G000011_05022021_04_65_54576_54805_Sample_617_54420_25.0.mp4,114
Person_63,no emotion,MYS_G000011_05022021_04_66_54900_54971_Sample_617_54420_25.0.mp4,35
Person_63,no emotion,MYS_G000011_05022021_04_71_26551_26709_Sample_284_26520_25.0.mp4,79
Person_63,no emotion,MYS_G000011_15022021_03_113_0_324_Sample_367.mp4,162
Person_63,no emotion,MYS_G000011_15022021_03_22_47_1785_Sample_408.mp4,869
Person_63,no emotion,MYS_G000011_22012021_02_105_0_960_Sample_3_0_25.0.mp4,480
Person_7,no emotion,MYS_G000010_02042021_01_18_13068_13200_Sample_142_12720_25.0.mp4,66
Person_7,no emotion,MYS_G000010_02042021_01_22_13278_13349_Sample_151_13260_25.0.mp4,35
Person_7,no emotion,MYS_G000010_02042021_01_26_14130_14662_Sample_161_14100_25.0.mp4,266
Person_7,no emotion,MYS_G000010_02042021_01_51_24277_24444_Sample_265_24240_25.0.mp4,83
Person_7,no emotion,MYS_G000010_02042021_01_55_25305_25380_Sample_278_25260_25.0.mp4,37
Person_7,no emotion,MYS_G000010_02042021_02_121_27480_27600_Sample_354_27480_25.0.mp4,60
Person_7,no emotion,MYS_G000010_02042021_02_148_32160_32400_Sample_413_32160_25.0.mp4,120
Person_7,no emotion,MYS_G000010_02042021_02_152_32580_32880_Sample_419_32580_25.0.mp4,150
Person_7,no emotion,MYS_G000010_02042021_02_173_37500_38220_Sample_474_37500_25.0.mp4,360
Person_7,no emotion,MYS_G000010_02042021_02_201_60_180_Sample_6_60_25.0.mp4,60
Person_7,no emotion,MYS_G000010_02042021_02_88_23460_23580_Sample_294_23460_25.0.mp4,60
Person_7,no emotion,MYS_G000010_02042021_02_99_25140_25260_Sample_313_25140_25.0.mp4,60
Person_7,no emotion,MYS_G000010_02042021_03_32_23100_23400_Sample_303_23100_25.0.mp4,150
Person_7,no emotion,MYS_G000010_02042021_03_69_38160_38340_Sample_518_38160_25.0.mp4,90
Person_7,no emotion,MYS_G000010_02042021_03_83_46920_47160_Sample_653_46920_25.0.mp4,120
Person_7,no emotion,MYS_G000010_02042021_04_34_31653_31934_Sample_413_31620_25.0.mp4,140
Person_7,no emotion,MYS_G000010_02042021_04_38_32481_32514_Sample_422_32460_25.0.mp4,16
Person_7,no emotion,MYS_G000010_02042021_04_40_32793_32911_Sample_425_32700_25.0.mp4,59
Person_7,no emotion,MYS_G000010_02042021_04_46_33960_34693_Sample_441_33960_25.0.mp4,366
Person_7,no emotion,MYS_G000010_02042021_04_9_7680_7797_Sample_115_7620_25.0.mp4,58
Person_7,no emotion,MYS_G000010_06082021_03_45_9969_10269_Sample_78_9960_25.0.mp4,150
Person_7,no emotion,MYS_G000010_09042021_03_11_7944_8012_Sample_119_7860_25.0.mp4,34
Person_7,no emotion,MYS_G000010_09042021_03_133_27120_27172_Sample_399_27120_25.0.mp4,26
Person_7,no emotion,MYS_G000010_09042021_03_16_8488_8520_Sample_127_8400_25.0.mp4,16
Person_7,no emotion,MYS_G000010_09042021_04_146_44160_44280_Sample_494_44160_25.0.mp4,60
Person_7,no emotion,MYS_G000010_09042021_04_151_45360_45720_Sample_512_45360_25.0.mp4,180
Person_7,no emotion,MYS_G000010_09042021_04_157_46980_47160_Sample_530_46980_25.0.mp4,90
Person_7,no emotion,MYS_G000010_09042021_05_1_19111_19166_Sample_108_19080_25.0.mp4,13
Person_7,no emotion,MYS_G000010_09042021_05_68_10380_10500_Sample_42_10380_25.0.mp4,60
Person_7,no emotion,MYS_G000010_09072021_01_115_11400_11760_Sample_162_11400_25.0.mp4,180
Person_7,no emotion,MYS_G000010_09072021_01_134_14079_14158_Sample_198_13860_25.0.mp4,28
Person_7,no emotion,MYS_G000010_09072021_01_14_87360_87780_Sample_1192_87360_25.0.mp4,210
Person_7,no emotion,MYS_G000010_09072021_01_202_23340_23460_Sample_310_23340_25.0.mp4,60
Person_7,no emotion,MYS_G000010_09072021_01_40_92940_93060_Sample_1278_92940_25.0.mp4,60
Person_7,no emotion,MYS_G000010_09072021_01_440_58829_58881_Sample_778_58800_25.0.mp4,21
Person_7,no emotion,MYS_G000010_09072021_01_441_58920_59100_Sample_779_58920_25.0.mp4,90
Person_7,no emotion,MYS_G000010_09072021_01_546_71138_71223_Sample_911_70740_25.0.mp4,35
Person_7,no emotion,MYS_G000010_09072021_01_6_88080_89220_Sample_1207_88080_25.0.mp4,570
Person_7,no emotion,MYS_G000010_16042021_01_21_10440_10620_Sample_141_10440_25.0.mp4,90
Person_7,no emotion,MYS_G000010_16042021_01_48_14160_14400_Sample_182_14160_25.0.mp4,120
Person_7,no emotion,MYS_G000010_16042021_01_49_14460_14580_Sample_185_14460_25.0.mp4,60
Person_7,no emotion,MYS_G000010_16072021_01_102_34320_34560_Sample_386_34320_25.0.mp4,120
Person_7,no emotion,MYS_G000010_16072021_01_116_36300_36406_Sample_415_36300_25.0.mp4,53
Person_7,no emotion,MYS_G000010_16072021_01_120_36830_36960_Sample_425_36780_25.0.mp4,65
Person_7,no emotion,MYS_G000010_16072021_01_122_37168_37455_Sample_427_37140_25.0.mp4,143
Person_7,no emotion,MYS_G000010_16072021_01_130_38880_38978_Sample_452_38880_25.0.mp4,49
Person_7,no emotion,MYS_G000010_16072021_01_133_39451_39747_Sample_458_39360_25.0.mp4,148
Person_7,no emotion,MYS_G000010_16072021_01_138_39780_39851_Sample_465_39780_25.0.mp4,35
Person_7,no emotion,MYS_G000010_16072021_01_320_72319_72376_Sample_821_72300_25.0.mp4,28
Person_7,no emotion,MYS_G000010_16072021_01_324_73117_73247_Sample_830_73080_25.0.mp4,65
Person_7,no emotion,MYS_G000010_16072021_01_60_960_1051_Sample_27_960_25.0.mp4,45
Person_7,no emotion,MYS_G000010_16072021_02_15_17100_17254_Sample_155_17100_25.0.mp4,77
Person_7,no emotion,MYS_G000010_16072021_02_245_5580_5697_Sample_89_5580_25.0.mp4,58
Person_7,no emotion,MYS_G000010_16072021_02_57_30360_30477_Sample_283_30360_25.0.mp4,58
Person_7,no emotion,MYS_G000010_16072021_02_60_30786_31153_Sample_289_30780_25.0.mp4,183
Person_7,no emotion,MYS_G000010_16072021_02_69_32220_32386_Sample_315_32220_25.0.mp4,83
Person_7,no emotion,MYS_G000010_16072021_02_74_32553_32930_Sample_321_32520_25.0.mp4,188
Person_7,no emotion,MYS_G000010_16072021_02_81_33240_33409_Sample_329_33240_25.0.mp4,84
Person_7,no emotion,MYS_G000010_20082021_01_120_22021_22106_Sample_392_22020_25.0.mp4,16
Person_7,no emotion,MYS_G000010_20082021_01_130_23926_24082_Sample_406_23640_25.0.mp4,28
Person_7,no emotion,MYS_G000010_20082021_01_142_26820_27660_Sample_436_26820_25.0.mp4,420
Person_7,no emotion,MYS_G000010_20082021_01_148_28020_28380_Sample_449_28020_25.0.mp4,180
Person_7,no emotion,MYS_G000010_20082021_01_149_28440_28800_Sample_451_28440_25.0.mp4,180
Person_7,no emotion,MYS_G000010_20082021_01_14_7440_7860_Sample_134_7440_25.0.mp4,210
Person_7,no emotion,MYS_G000010_20082021_01_153_30206_30254_Sample_458_29040_25.0.mp4,29
Person_7,no emotion,MYS_G000010_20082021_01_156_32600_32662_Sample_466_30720_25.0.mp4,29
Person_7,no emotion,MYS_G000010_20082021_01_158_32972_33045_Sample_466_30720_25.0.mp4,31
Person_7,no emotion,MYS_G000010_20082021_01_159_33070_33120_Sample_466_30720_25.0.mp4,23
Person_7,no emotion,MYS_G000010_20082021_01_172_35880_36060_Sample_495_35880_25.0.mp4,90
Person_7,no emotion,MYS_G000010_20082021_01_174_36540_37740_Sample_500_36540_25.0.mp4,600
Person_7,no emotion,MYS_G000010_20082021_01_176_38160_38880_Sample_510_38160_25.0.mp4,360
Person_7,no emotion,MYS_G000010_20082021_01_178_44640_44760_Sample_549_44640_25.0.mp4,60
Person_7,no emotion,MYS_G000010_20082021_01_184_47400_47520_Sample_572_47400_25.0.mp4,60
Person_7,no emotion,MYS_G000010_20082021_01_185_47640_47663_Sample_574_47640_25.0.mp4,9
Person_7,no emotion,MYS_G000010_20082021_01_186_48360_48960_Sample_581_48360_25.0.mp4,300
Person_7,no emotion,MYS_G000010_20082021_01_43_9720_10320_Sample_178_9720_25.0.mp4,300
Person_7,no emotion,MYS_G000010_20082021_01_52_10380_12060_Sample_191_10380_25.0.mp4,840
Person_7,no emotion,MYS_G000010_20082021_01_8_6480_7140_Sample_114_6480_25.0.mp4,330
Person_7,no emotion,MYS_G000010_20082021_02_100_11248_11554_Sample_85_11160_25.0.mp4,153
Person_7,no emotion,MYS_G000010_20082021_02_10_17101_17291_Sample_127_17100_25.0.mp4,95
Person_7,no emotion,MYS_G000010_20082021_02_13_18278_18401_Sample_132_18240_25.0.mp4,61
Person_7,no emotion,MYS_G000010_20082021_02_21_1963_2060_Sample_14_1800_25.0.mp4,48
Person_7,no emotion,MYS_G000010_20082021_02_27_2262_2517_Sample_16_2100_25.0.mp4,127
Person_7,no emotion,MYS_G000010_20082021_02_2_13020_13137_Sample_101_13020_25.0.mp4,58
Person_7,no emotion,MYS_G000010_20082021_02_31_25391_25440_Sample_182_25320_25.0.mp4,24
Person_7,no emotion,MYS_G000010_20082021_02_33_25800_26155_Sample_185_25800_25.0.mp4,177
Person_7,no emotion,MYS_G000010_20082021_02_39_28509_28677_Sample_210_28380_25.0.mp4,84
Person_7,no emotion,MYS_G000010_20082021_02_42_29428_29526_Sample_216_29340_25.0.mp4,49
Person_7,no emotion,MYS_G000010_20082021_02_44_30360_30477_Sample_225_30360_25.0.mp4,58
Person_7,no emotion,MYS_G000010_20082021_02_45_30540_30665_Sample_226_30540_25.0.mp4,62
Person_7,no emotion,MYS_G000010_20082021_02_47_32819_32880_Sample_243_32640_25.0.mp4,30
Person_7,no emotion,MYS_G000010_20082021_02_4_14880_14914_Sample_110_14880_25.0.mp4,17
Person_7,no emotion,MYS_G000010_20082021_02_50_35280_35397_Sample_261_35280_25.0.mp4,58
Person_7,no emotion,MYS_G000010_20082021_02_51_35520_35637_Sample_263_35520_25.0.mp4,58
Person_7,no emotion,MYS_G000010_20082021_02_54_36272_36477_Sample_270_36240_25.0.mp4,102
Person_7,no emotion,MYS_G000010_20082021_02_58_36994_37078_Sample_280_36960_25.0.mp4,22
Person_7,no emotion,MYS_G000010_20082021_02_59_37140_37378_Sample_281_37140_25.0.mp4,84
Person_7,no emotion,MYS_G000010_20082021_02_60_37451_37809_Sample_282_37440_25.0.mp4,179
Person_7,no emotion,MYS_G000010_20082021_02_62_38520_38632_Sample_288_38520_25.0.mp4,56
Person_7,no emotion,MYS_G000010_20082021_02_63_38700_38994_Sample_289_38700_25.0.mp4,147
Person_7,no emotion,MYS_G000010_20082021_02_64_39060_39359_Sample_290_39060_25.0.mp4,149
Person_7,no emotion,MYS_G000010_20082021_02_68_41220_41638_Sample_304_41220_25.0.mp4,209
Person_7,no emotion,MYS_G000010_20082021_02_6_15540_15780_Sample_117_15540_25.0.mp4,120
Person_7,no emotion,MYS_G000010_20082021_02_70_41907_41997_Sample_307_41820_25.0.mp4,45
Person_7,no emotion,MYS_G000010_20082021_02_71_42662_42719_Sample_310_42600_25.0.mp4,28
Person_7,no emotion,MYS_G000010_20082021_02_80_44520_44827_Sample_328_44520_25.0.mp4,153
Person_7,no emotion,MYS_G000010_20082021_02_83_5775_5877_Sample_42_5760_25.0.mp4,51
Person_7,no emotion,MYS_G000010_20082021_02_87_7378_7437_Sample_53_7260_25.0.mp4,29
Person_7,no emotion,MYS_G000010_20082021_02_95_9917_10373_Sample_71_9420_25.0.mp4,228
Person_7,no emotion,MYS_G000010_20082021_03_18_4920_5160_Sample_39_4920_25.0.mp4,120
Person_7,no emotion,MYS_G000010_20082021_03_26_6720_6840_Sample_50_6720_25.0.mp4,60
Person_7,no emotion,MYS_G000010_20082021_03_2_1260_1380_Sample_13_1260_25.0.mp4,60
Person_7,no emotion,MYS_G000010_20082021_03_35_360_540_Sample_6_360_25.0.mp4,90
Person_7,no emotion,MYS_G000010_20082021_03_3_1440_1980_Sample_14_1440_25.0.mp4,270
Person_7,no emotion,MYS_G000010_20082021_03_40_10200_10320_Sample_84_10200_25.0.mp4,60
Person_7,no emotion,MYS_G000010_20082021_03_41_720_900_Sample_8_720_25.0.mp4,90
Person_7,no emotion,MYS_G000010_20082021_03_7_2340_2700_Sample_23_2340_25.0.mp4,180
Person_7,no emotion,MYS_G000010_20082021_03_9_2940_3360_Sample_26_2940_25.0.mp4,210
Person_7,no emotion,MYS_G000010_21052021_01_127_46454_46497_Sample_553_46440_25.0.mp4,21
Person_7,no emotion,MYS_G000010_21052021_01_135_47519_47562_Sample_567_47460_25.0.mp4,21
Person_7,no emotion,MYS_G000010_21052021_01_49_19561_19662_Sample_252_19560_25.0.mp4,50
Person_7,no emotion,MYS_G000010_21052021_01_59_22695_22733_Sample_291_22500_25.0.mp4,19
Person_7,no emotion,MYS_G000010_21052021_01_68_24915_24950_Sample_318_24840_25.0.mp4,17
Person_7,no emotion,MYS_G000010_21052021_01_76_28263_28329_Sample_355_28260_25.0.mp4,33
Person_7,no emotion,MYS_G000010_21052021_01_79_28564_28773_Sample_360_28560_25.0.mp4,104
Person_7,no emotion,MYS_G000010_21052021_02_107_28860_29340_Sample_400_28860_25.0.mp4,240
Person_7,no emotion,MYS_G000010_21052021_02_115_29460_29820_Sample_414_29460_25.0.mp4,180
Person_7,no emotion,MYS_G000010_21052021_02_18_70015_70080_Sample_1047_69660_25.0.mp4,17
Person_7,no emotion,MYS_G000010_21052021_02_52_13680_13800_Sample_162_13680_25.0.mp4,60
Person_7,no emotion,MYS_G000010_21052021_02_56_15000_15240_Sample_181_15000_25.0.mp4,120
Person_7,no emotion,MYS_G000010_21052021_02_96_27000_27120_Sample_365_27000_25.0.mp4,60
Person_7,no emotion,MYS_G000010_23042021_01_102_30420_30840_Sample_397_30420_25.0.mp4,210
Person_7,no emotion,MYS_G000010_23042021_01_110_30900_31440_Sample_402_30900_25.0.mp4,270
Person_7,no emotion,MYS_G000010_23042021_01_11_7920_8100_Sample_125_7920_25.0.mp4,90
Person_7,no emotion,MYS_G000010_23042021_01_121_36600_36840_Sample_485_36600_25.0.mp4,120
Person_7,no emotion,MYS_G000010_23042021_01_134_38400_38580_Sample_515_38400_25.0.mp4,90
Person_7,no emotion,MYS_G000010_23042021_01_141_39445_39473_Sample_533_39300_25.0.mp4,7
Person_7,no emotion,MYS_G000010_23042021_01_156_41760_41940_Sample_573_41760_25.0.mp4,90
Person_7,no emotion,MYS_G000010_23042021_01_158_42000_42120_Sample_577_42000_25.0.mp4,60
Person_7,no emotion,MYS_G000010_23042021_01_34_10878_10944_Sample_167_10680_25.0.mp4,20
Person_7,no emotion,MYS_G000010_23042021_01_35_10975_11093_Sample_167_10680_25.0.mp4,35
Person_7,no emotion,MYS_G000010_23042021_01_40_16080_19559_Sample_230_16080_25.0.mp4,1739
Person_7,no emotion,MYS_G000010_23042021_01_62_22020_22200_Sample_300_22020_25.0.mp4,90
Person_7,no emotion,MYS_G000010_23042021_01_64_22620_22920_Sample_308_22620_25.0.mp4,150
Person_7,no emotion,MYS_G000010_23042021_01_6_7296_7309_Sample_117_7260_25.0.mp4,2
Person_7,no emotion,MYS_G000010_23042021_01_74_25440_25800_Sample_343_25440_25.0.mp4,180
Person_7,no emotion,MYS_G000010_23042021_02_124_5102_5182_Sample_76_4980_25.0.mp4,40
Person_7,no emotion,MYS_G000010_23042021_02_15_8402_8460_Sample_137_8400_25.0.mp4,29
Person_7,no emotion,MYS_G000010_23042021_02_16_8888_8931_Sample_140_8700_25.0.mp4,21
Person_7,no emotion,MYS_G000010_23042021_02_17_9145_9180_Sample_142_9060_25.0.mp4,17
Person_7,no emotion,MYS_G000010_23042021_02_25_10091_10153_Sample_155_10080_25.0.mp4,31
Person_7,no emotion,MYS_G000010_23042021_02_40_13447_13487_Sample_207_13380_25.0.mp4,10
Person_7,no emotion,MYS_G000010_23042021_02_62_1272_1329_Sample_25_1260_25.0.mp4,28
Person_7,no emotion,MYS_G000010_23042021_02_77_1719_1744_Sample_31_1500_25.0.mp4,11
Person_7,no emotion,MYS_G000010_23042021_02_78_22500_22602_Sample_333_22500_25.0.mp4,51
Person_7,no emotion,MYS_G000010_23042021_02_84_2165_2213_Sample_38_2160_25.0.mp4,24
Person_7,no emotion,MYS_G000010_23042021_03_100_44358_44449_Sample_685_44160_25.0.mp4,45
Person_7,no emotion,MYS_G000010_23042021_03_79_39071_39118_Sample_606_38880_25.0.mp4,23
Person_7,no emotion,MYS_G000010_23072021_01_192_11280_11400_Sample_80_11280_25.0.mp4,60
Person_7,no emotion,MYS_G000010_23072021_01_55_23880_24300_Sample_165_23880_25.0.mp4,210
Person_7,no emotion,MYS_G000010_23072021_01_7_15240_15319_Sample_111_15180_25.0.mp4,21
Person_7,no emotion,MYS_G000010_23072021_01_8_15368_15402_Sample_111_15180_25.0.mp4,14
Person_7,no emotion,MYS_G000010_23072021_01_9_15659_15688_Sample_111_15180_25.0.mp4,11
Person_7,no emotion,MYS_G000010_23072021_05_50_23448_23700_Sample_297_23280_25.0.mp4,126
Person_7,no emotion,MYS_G000010_23072021_05_52_23880_24177_Sample_306_23880_25.0.mp4,148
Person_7,no emotion,MYS_G000010_27082021_01_142_31534_31660_Sample_333_31500_25.0.mp4,63
Person_7,no emotion,MYS_G000010_27082021_01_145_32160_32414_Sample_346_32160_25.0.mp4,127
Person_7,no emotion,MYS_G000010_27082021_01_157_37080_37213_Sample_404_37080_25.0.mp4,66
Person_7,no emotion,MYS_G000010_27082021_01_159_37474_37737_Sample_408_37440_25.0.mp4,131
Person_7,no emotion,MYS_G000010_27082021_01_93_17170_17262_Sample_175_16980_25.0.mp4,22
Person_7,no emotion,MYS_G000010_30042021_01_308_149760_150000_Sample_2478_149760_25.0.mp4,120
Person_7,no emotion,MYS_G000010_30042021_01_312_150300_150780_Sample_2488_150300_25.0.mp4,240
Person_7,no emotion,MYS_G000010_30042021_01_322_155580_155700_Sample_2567_155580_25.0.mp4,60
Person_7,no emotion,MYS_G000010_30042021_01_332_158460_158760_Sample_2613_158460_25.0.mp4,150
Person_7,no emotion,MYS_G000010_30042021_01_413_169020_169140_Sample_2832_169020_25.0.mp4,60
Person_70,no emotion,MYS_G000120_01052021_109_21900_22200_Sample_141_21900_25.0.mp4,150
Person_70,no emotion,MYS_G000120_01052021_122_120540_120660_Sample_779_120540_25.0.mp4,60
Person_70,no emotion,MYS_G000120_01052021_123_121500_121680_Sample_782_121500_25.0.mp4,90
Person_70,no emotion,MYS_G000120_01052021_125_121800_122400_Sample_784_121800_25.0.mp4,300
Person_70,no emotion,MYS_G000120_01052021_135_38760_38880_Sample_256_38760_25.0.mp4,60
Person_70,no emotion,MYS_G000120_01052021_158_41820_41940_Sample_279_41820_25.0.mp4,60
Person_70,no emotion,MYS_G000120_01052021_180_3840_4080_Sample_30_3840_25.0.mp4,120
Person_70,no emotion,MYS_G000120_01052021_182_143460_143700_Sample_935_143460_25.0.mp4,120
Person_70,no emotion,MYS_G000120_01052021_184_143820_144000_Sample_938_143820_25.0.mp4,90
Person_70,no emotion,MYS_G000120_01052021_18_160440_160560_Sample_1043_160440_25.0.mp4,60
Person_70,no emotion,MYS_G000120_01052021_196_147840_148140_Sample_960_147840_25.0.mp4,150
Person_70,no emotion,MYS_G000120_01052021_197_148200_148380_Sample_961_148200_25.0.mp4,90
Person_70,no emotion,MYS_G000120_01052021_198_148620_148980_Sample_964_148620_25.0.mp4,180
Person_70,no emotion,MYS_G000120_01052021_203_151140_151860_Sample_974_151140_25.0.mp4,360
Person_70,no emotion,MYS_G000120_01052021_213_152700_152940_Sample_984_152700_25.0.mp4,120
Person_70,no emotion,MYS_G000120_01052021_25_175200_175200_Sample_1128_175200_25.0.mp4,0
Person_70,no emotion,MYS_G000120_01052021_31_49980_50100_Sample_333_49980_25.0.mp4,60
Person_70,no emotion,MYS_G000120_01052021_55_70920_71040_Sample_477_70920_25.0.mp4,60
Person_70,no emotion,MYS_G000120_01052021_62_166860_167220_Sample_1089_166860_25.0.mp4,180
Person_70,no emotion,MYS_G000120_01052021_65_167280_167400_Sample_1092_167280_25.0.mp4,60
Person_70,no emotion,MYS_G000120_01052021_66_55080_55200_Sample_369_55080_25.0.mp4,60
Person_70,no emotion,MYS_G000120_01052021_83_191880_192060_Sample_1212_191880_25.0.mp4,90
Person_70,no emotion,MYS_G000120_01052021_88_77700_78300_Sample_515_77700_25.0.mp4,300
Person_70,no emotion,MYS_G000120_01052021_94_31800_32100_Sample_210_31800_25.0.mp4,150
Person_70,no emotion,MYS_G000120_03072021_253_76692_76772_Sample_426_75960_25.0.mp4,13
Person_70,no emotion,MYS_G000120_03072021_262_6647_6692_Sample_43_6480_25.0.mp4,12
Person_70,no emotion,MYS_G000120_03072021_263_6596_6627_Sample_43_6480_25.0.mp4,23
Person_70,no emotion,MYS_G000120_03072021_264_78600_78720_Sample_445_78600_25.0.mp4,60
Person_70,no emotion,MYS_G000120_03072021_266_79020_79200_Sample_451_79020_25.0.mp4,90
Person_70,no emotion,MYS_G000120_03072021_268_80132_80181_Sample_456_79440_25.0.mp4,23
Person_70,no emotion,MYS_G000120_03072021_271_6780_6900_Sample_46_6780_25.0.mp4,60
Person_70,no emotion,MYS_G000120_03072021_275_81955_82036_Sample_473_81060_25.0.mp4,31
Person_70,no emotion,MYS_G000120_03072021_277_83249_83335_Sample_473_81060_25.0.mp4,29
Person_70,no emotion,MYS_G000120_03072021_290_8379_8448_Sample_52_7740_25.0.mp4,11
Person_70,no emotion,MYS_G000120_03072021_291_8583_8619_Sample_52_7740_25.0.mp4,9
Person_70,no emotion,MYS_G000120_03072021_296_9420_9600_Sample_60_9420_25.0.mp4,90
Person_70,no emotion,MYS_G000120_03072021_314_11783_11865_Sample_83_11700_25.0.mp4,59
Person_70,no emotion,MYS_G000120_03072021_316_12660_13140_Sample_86_12660_25.0.mp4,240
Person_70,no emotion,MYS_G000120_03072021_322_13260_13560_Sample_90_13260_25.0.mp4,150
Person_70,no emotion,MYS_G000120_03072021_324_14044_14100_Sample_93_13560_25.0.mp4,24
Person_70,no emotion,MYS_G000120_03072021_41_23671_23686_Sample_161_23520_25.0.mp4,4
Person_70,no emotion,MYS_G000120_03072021_48_2940_3120_Sample_17_2940_25.0.mp4,90
Person_70,no emotion,MYS_G000120_03072021_4_14505_14663_Sample_109_14400_25.0.mp4,44
Person_70,no emotion,MYS_G000120_03072021_54_49725_49775_Sample_189_48720_25.0.mp4,20
Person_70,no emotion,MYS_G000120_03072021_6_15420_15540_Sample_116_15420_25.0.mp4,60
Person_70,no emotion,MYS_G000120_03072021_70_52140_52260_Sample_220_52140_25.0.mp4,60
Person_70,no emotion,MYS_G000120_03072021_72_52440_52620_Sample_225_52440_25.0.mp4,90
Person_70,no emotion,MYS_G000120_03072021_75_3780_3960_Sample_22_3780_25.0.mp4,90
Person_70,no emotion,MYS_G000120_03072021_7_15600_15720_Sample_117_15600_25.0.mp4,60
Person_70,no emotion,MYS_G000120_03072021_83_55032_55075_Sample_246_54720_25.0.mp4,24
Person_70,no emotion,MYS_G000120_03072021_84_55077_55119_Sample_246_54720_25.0.mp4,20
Person_70,no emotion,MYS_G000120_03072021_88_56045_56113_Sample_249_55320_25.0.mp4,24
Person_70,no emotion,MYS_G000120_03072021_91_56444_56492_Sample_249_55320_25.0.mp4,16
Person_70,no emotion,MYS_G000120_03072021_92_4020_4200_Sample_24_4020_25.0.mp4,90
Person_70,no emotion,MYS_G000120_03072021_98_56446_56496_Sample_252_56220_25.0.mp4,8
Person_70,no emotion,MYS_G000120_03072021_9_16438_16485_Sample_118_15840_25.0.mp4,28
Person_70,no emotion,MYS_G000120_09052021_11_62439_62478_Sample_443_62160_25.0.mp4,19
Person_70,no emotion,MYS_G000120_09052021_34_86400_86440_Sample_619_86400_25.0.mp4,20
Person_70,no emotion,MYS_G000120_09052021_36_88348_88405_Sample_637_88260_25.0.mp4,28
Person_70,no emotion,MYS_G000120_09052021_37_88623_88660_Sample_639_88560_25.0.mp4,18
Person_70,no emotion,MYS_G000120_09052021_46_94815_94883_Sample_687_94800_25.0.mp4,34
Person_70,no emotion,MYS_G000120_09052021_57_101109_101149_Sample_740_101040_25.0.mp4,20
Person_70,no emotion,MYS_G000120_09052021_58_101339_101396_Sample_741_101220_25.0.mp4,28
Person_70,no emotion,MYS_G000120_11072021_102_28008_28045_Sample_192_27960_25.0.mp4,18
Person_70,no emotion,MYS_G000120_11072021_118_3418_3468_Sample_23_3300_25.0.mp4,25
Person_70,no emotion,MYS_G000120_11072021_129_41677_41764_Sample_274_41220_25.0.mp4,43
Person_70,no emotion,MYS_G000120_11072021_133_42847_42903_Sample_286_42840_25.0.mp4,28
Person_70,no emotion,MYS_G000120_11072021_135_43409_43440_Sample_290_43320_25.0.mp4,15
Person_70,no emotion,MYS_G000120_11072021_164_55191_55263_Sample_367_55080_25.0.mp4,36
Person_70,no emotion,MYS_G000120_11072021_183_60183_60225_Sample_416_60180_25.0.mp4,21
Person_70,no emotion,MYS_G000120_11072021_192_61317_61366_Sample_428_61200_25.0.mp4,24
Person_70,no emotion,MYS_G000120_11072021_194_61563_61618_Sample_432_61500_25.0.mp4,27
Person_70,no emotion,MYS_G000120_11072021_202_6605_6655_Sample_45_6600_25.0.mp4,25
Person_70,no emotion,MYS_G000120_11072021_203_66197_66233_Sample_460_66120_25.0.mp4,18
Person_70,no emotion,MYS_G000120_11072021_204_66378_66434_Sample_462_66300_25.0.mp4,28
Person_70,no emotion,MYS_G000120_11072021_208_6794_6844_Sample_46_6780_25.0.mp4,25
Person_70,no emotion,MYS_G000120_11072021_227_8210_8265_Sample_51_7800_25.0.mp4,27
Person_70,no emotion,MYS_G000120_11072021_271_14073_14100_Sample_95_13920_25.0.mp4,13
Person_70,no emotion,MYS_G000120_11072021_276_14254_14349_Sample_97_14160_25.0.mp4,47
Person_70,no emotion,MYS_G000120_11072021_27_136333_136372_Sample_1066_136260_25.0.mp4,19
Person_70,no emotion,MYS_G000120_11072021_66_156339_156384_Sample_1195_156300_25.0.mp4,22
Person_70,no emotion,MYS_G000120_11072021_95_1983_2035_Sample_15_1980_25.0.mp4,26
Person_70,no emotion,MYS_G000120_15052021_100_70936_70980_Sample_383_70920_25.0.mp4,22
Person_70,no emotion,MYS_G000120_15052021_104_73230_73265_Sample_401_73200_25.0.mp4,17
Person_70,no emotion,MYS_G000120_15052021_105_74305_74445_Sample_402_73380_25.0.mp4,70
Person_70,no emotion,MYS_G000120_15052021_109_75663_75699_Sample_411_75120_25.0.mp4,18
Person_70,no emotion,MYS_G000120_15052021_111_76135_76168_Sample_416_76020_25.0.mp4,16
Person_70,no emotion,MYS_G000120_15052021_122_82152_82287_Sample_462_81420_25.0.mp4,67
Person_70,no emotion,MYS_G000120_15052021_133_93650_93718_Sample_490_93240_25.0.mp4,34
Person_70,no emotion,MYS_G000120_15052021_14_22002_22059_Sample_148_21960_25.0.mp4,28
Person_70,no emotion,MYS_G000120_15052021_18_25714_25839_Sample_170_24840_25.0.mp4,62
Person_70,no emotion,MYS_G000120_15052021_20_26857_26884_Sample_178_26760_25.0.mp4,13
Person_70,no emotion,MYS_G000120_15052021_46_40578_40618_Sample_239_40560_25.0.mp4,20
Person_70,no emotion,MYS_G000120_15052021_62_45024_45043_Sample_265_45000_25.0.mp4,9
Person_70,no emotion,MYS_G000120_15052021_63_45246_45306_Sample_267_45240_25.0.mp4,30
Person_70,no emotion,MYS_G000120_15052021_70_50700_50737_Sample_276_50700_25.0.mp4,18
Person_70,no emotion,MYS_G000120_15052021_73_51086_51132_Sample_283_50880_25.0.mp4,23
Person_70,no emotion,MYS_G000120_15052021_85_63526_63553_Sample_340_63480_25.0.mp4,13
Person_70,no emotion,MYS_G000120_15052021_99_70743_70792_Sample_381_70740_25.0.mp4,24
Person_70,no emotion,MYS_G000120_24042021_128_88200_89460_Sample_440_88200_25.0.mp4,630
Person_70,no emotion,MYS_G000120_24042021_144_95520_95700_Sample_483_95520_25.0.mp4,90
Person_70,no emotion,MYS_G000120_24042021_7_2460_2700_Sample_15_2460_25.0.mp4,120
Person_70,no emotion,MYS_G000120_24072021_105_29400_29457_Sample_265_29160_25.0.mp4,28
Person_70,no emotion,MYS_G000120_24072021_110_30241_30286_Sample_278_30180_25.0.mp4,22
Person_70,no emotion,MYS_G000120_24072021_113_30523_30582_Sample_280_30360_25.0.mp4,29
Person_70,no emotion,MYS_G000120_24072021_115_30920_30962_Sample_287_30900_25.0.mp4,21
Person_70,no emotion,MYS_G000120_24072021_121_33599_33687_Sample_303_32880_25.0.mp4,44
Person_70,no emotion,MYS_G000120_24072021_123_34195_34238_Sample_309_34020_25.0.mp4,21
Person_70,no emotion,MYS_G000120_24072021_132_37907_38000_Sample_343_37560_25.0.mp4,46
Person_70,no emotion,MYS_G000120_24072021_133_7862_7924_Sample_68_7620_25.0.mp4,31
Person_70,no emotion,MYS_G000120_24072021_134_41193_41278_Sample_359_40860_25.0.mp4,42
Person_70,no emotion,MYS_G000120_24072021_137_41464_41568_Sample_365_41340_25.0.mp4,52
Person_70,no emotion,MYS_G000120_24072021_16_13245_13311_Sample_123_13200_25.0.mp4,33
Person_70,no emotion,MYS_G000120_24072021_20_13867_13906_Sample_129_13860_25.0.mp4,19
Person_70,no emotion,MYS_G000120_24072021_20_47215_47267_Sample_408_47100_25.0.mp4,26
Person_70,no emotion,MYS_G000120_24072021_23_14226_14315_Sample_133_14040_25.0.mp4,44
Person_70,no emotion,MYS_G000120_24072021_33_16882_17003_Sample_148_16860_25.0.mp4,60
Person_70,no emotion,MYS_G000120_24072021_33_49032_49108_Sample_422_49020_25.0.mp4,38
Person_70,no emotion,MYS_G000120_24072021_34_17732_17811_Sample_150_17580_25.0.mp4,39
Person_70,no emotion,MYS_G000120_24072021_37_49922_49991_Sample_432_49740_25.0.mp4,34
Person_70,no emotion,MYS_G000120_24072021_40_50329_50407_Sample_435_50160_25.0.mp4,39
Person_70,no emotion,MYS_G000120_24072021_4_11497_11518_Sample_104_11400_25.0.mp4,10
Person_70,no emotion,MYS_G000120_24072021_54_5405_5435_Sample_45_5340_25.0.mp4,15
Person_70,no emotion,MYS_G000120_24072021_61_22408_22452_Sample_200_22380_25.0.mp4,22
Person_70,no emotion,MYS_G000120_24072021_66_88980_88998_Sample_566_88980_25.0.mp4,9
Person_70,no emotion,MYS_G000120_24072021_72_24202_24299_Sample_212_23640_25.0.mp4,48
Person_70,no emotion,MYS_G000120_24072021_79_25623_25714_Sample_223_24780_25.0.mp4,45
Person_70,no emotion,MYS_G000120_24072021_85_94327_94378_Sample_595_94320_25.0.mp4,25
Person_70,no emotion,MYS_G000120_24072021_88_26201_26279_Sample_237_26040_25.0.mp4,39
Person_71,no emotion,MYS_G000013_25052021_01_11_37992_38017_Sample_268_37920_25.0.mp4,12
Person_71,no emotion,MYS_G000013_25052021_01_13_10213_10244_Sample_55_10200_25.0.mp4,15
Person_71,no emotion,MYS_G000013_25052021_01_15_10850_10891_Sample_57_10560_25.0.mp4,20
Person_71,no emotion,MYS_G000013_25052021_01_17_11157_11202_Sample_61_11100_25.0.mp4,22
Person_71,no emotion,MYS_G000013_25052021_01_19_12746_12780_Sample_66_12660_25.0.mp4,17
Person_71,no emotion,MYS_G000013_25052021_01_20_12932_12960_Sample_69_12840_25.0.mp4,14
Person_71,no emotion,MYS_G000013_25052021_01_24_14749_14794_Sample_79_14580_25.0.mp4,22
Person_71,no emotion,MYS_G000013_25052021_01_29_16290_16312_Sample_89_16200_25.0.mp4,11
Person_71,no emotion,MYS_G000013_25052021_01_2_17918_17940_Sample_110_17820_25.0.mp4,11
Person_71,no emotion,MYS_G000013_25052021_01_8_36849_36918_Sample_263_36660_25.0.mp4,34
Person_71,no emotion,MYS_G000013_25052021_01_9_37497_37578_Sample_264_37020_25.0.mp4,40
Person_73,no emotion,MYS_G000029_26032021_01_10_1965_2118_Sample_11_1560_25.0.mp4,76
Person_73,no emotion,MYS_G000029_26032021_01_19_30702_30788_Sample_168_30420_25.0.mp4,43
Person_73,no emotion,MYS_G000029_26032021_01_20_2798_2877_Sample_16_2700_25.0.mp4,39
Person_73,no emotion,MYS_G000029_26032021_01_22_32550_33184_Sample_175_31140_25.0.mp4,317
Person_73,no emotion,MYS_G000029_26032021_01_23_3017_3057_Sample_17_2940_25.0.mp4,20
Person_73,no emotion,MYS_G000029_26032021_01_27_33652_33717_Sample_192_33480_25.0.mp4,32
Person_73,no emotion,MYS_G000029_26032021_01_28_34569_34817_Sample_197_34080_25.0.mp4,124
Person_73,no emotion,MYS_G000029_26032021_01_30_36251_36297_Sample_207_36120_25.0.mp4,23
Person_73,no emotion,MYS_G000029_26032021_01_31_36637_36670_Sample_212_36600_25.0.mp4,16
Person_73,no emotion,MYS_G000029_26032021_01_32_36917_36962_Sample_214_36900_25.0.mp4,22
Person_73,no emotion,MYS_G000029_26032021_01_35_38818_38834_Sample_228_38760_25.0.mp4,8
Person_73,no emotion,MYS_G000029_26032021_01_37_40651_40700_Sample_231_40140_25.0.mp4,24
Person_73,no emotion,MYS_G000029_26032021_01_38_41423_41514_Sample_233_41220_25.0.mp4,45
Person_73,no emotion,MYS_G000029_26032021_01_39_42300_42347_Sample_239_42300_25.0.mp4,23
Person_73,no emotion,MYS_G000029_26032021_01_40_44640_44687_Sample_245_44640_25.0.mp4,23
Person_73,no emotion,MYS_G000029_26032021_01_42_48006_48061_Sample_261_47940_25.0.mp4,27
Person_73,no emotion,MYS_G000029_26032021_01_43_6915_6943_Sample_36_6840_25.0.mp4,17
Person_73,no emotion,MYS_G000029_26032021_01_44_1119_1256_Sample_3_60_25.0.mp4,68
Person_73,no emotion,MYS_G000029_26032021_01_53_16517_16586_Sample_96_16440_25.0.mp4,34
Person_73,no emotion,MYS_G000029_26032021_01_55_16740_16790_Sample_99_16740_25.0.mp4,25
Person_73,no emotion,MYS_G000029_26032021_01_5_18027_18060_Sample_107_17940_25.0.mp4,16
Person_73,no emotion,MYS_G000029_26032021_01_6_18495_18537_Sample_109_18420_25.0.mp4,21
Person_74,no emotion,MYS_G000096_04122021_01_25_27900_28012_Sample_197_27900_25.0.mp4,56
Person_74,no emotion,MYS_G000096_04122021_01_28_29946_30240_Sample_218_29880_25.0.mp4,147
Person_74,no emotion,MYS_G000096_04122021_01_36_4320_4437_Sample_36_4320_25.0.mp4,58
Person_74,no emotion,MYS_G000096_04122021_01_41_7107_7235_Sample_50_7080_25.0.mp4,64
Person_74,no emotion,MYS_G000096_04122021_01_45_660_777_Sample_7_660_25.0.mp4,58
Person_74,no emotion,MYS_G000096_04122021_01_46_13080_14049_Sample_80_13080_25.0.mp4,484
Person_74,no emotion,MYS_G000096_04122021_01_50_14880_15165_Sample_93_14880_25.0.mp4,142
Person_74,no emotion,MYS_G000096_04122021_01_53_960_1137_Sample_9_960_25.0.mp4,88
Person_74,no emotion,MYS_G000096_11122021_01_37_21720_21840_Sample_204_21720_25.0.mp4,60
Person_74,no emotion,MYS_G000096_11122021_01_3_420_660_Sample_10_420_25.0.mp4,120
Person_74,no emotion,MYS_G000096_11122021_01_65_3120_3420_Sample_39_3120_25.0.mp4,150
Person_74,no emotion,MYS_G000096_11122021_01_74_81390_81420_Sample_444_81240_25.0.mp4,17
Person_74,no emotion,MYS_G000096_11122021_01_75_81540_81651_Sample_445_81540_25.0.mp4,40
Person_74,no emotion,MYS_G000096_11122021_01_82_83340_83460_Sample_457_83340_25.0.mp4,60
Person_74,no emotion,MYS_G000096_11122021_01_83_83592_83667_Sample_458_83520_25.0.mp4,18
Person_74,no emotion,MYS_G000096_11122021_01_84_83712_83760_Sample_458_83520_25.0.mp4,27
Person_74,no emotion,MYS_G000096_11122021_01_86_84120_84240_Sample_460_84120_25.0.mp4,60
Person_74,no emotion,MYS_G000096_11122021_01_87_84540_84660_Sample_463_84540_25.0.mp4,60
Person_74,no emotion,MYS_G000096_11122021_01_88_0_120_Sample_4_0_25.0.mp4,60
Person_74,no emotion,MYS_G000096_11122021_01_99_180_360_Sample_7_180_25.0.mp4,90
Person_76,no emotion,MYS_G000096_04122021_01_21_26994_27237_Sample_186_26880_25.0.mp4,121
Person_76,no emotion,MYS_G000096_04122021_01_27_29340_29458_Sample_211_29340_25.0.mp4,59
Person_76,no emotion,MYS_G000096_04122021_01_30_2228_2338_Sample_23_2160_25.0.mp4,55
Person_76,no emotion,MYS_G000096_04122021_01_33_3120_3179_Sample_31_3120_25.0.mp4,29
Person_76,no emotion,MYS_G000096_04122021_01_34_3840_3936_Sample_34_3840_25.0.mp4,48
Person_76,no emotion,MYS_G000096_04122021_01_35_4320_4372_Sample_35_4320_25.0.mp4,26
Person_76,no emotion,MYS_G000096_04122021_01_37_4800_4918_Sample_39_4800_25.0.mp4,59
Person_76,no emotion,MYS_G000096_04122021_01_44_8576_8640_Sample_58_8280_25.0.mp4,32
Person_76,no emotion,MYS_G000096_04122021_01_4_19560_19708_Sample_132_19560_25.0.mp4,74
Person_76,no emotion,MYS_G000096_04122021_01_5_19920_20040_Sample_134_19920_25.0.mp4,60
Person_76,no emotion,MYS_G000096_04122021_01_6_21363_21420_Sample_145_21180_25.0.mp4,28
Person_76,no emotion,MYS_G000096_04122021_01_7_21446_21600_Sample_146_21420_25.0.mp4,77
Person_76,no emotion,MYS_G000096_11122021_01_100_7800_7920_Sample_86_7800_25.0.mp4,60
Person_76,no emotion,MYS_G000096_11122021_01_101_7980_8280_Sample_89_7980_25.0.mp4,150
Person_76,no emotion,MYS_G000096_11122021_01_102_8280_8760_Sample_92_8280_25.0.mp4,240
Person_76,no emotion,MYS_G000096_11122021_01_104_8880_9240_Sample_96_8880_25.0.mp4,180
Person_76,no emotion,MYS_G000096_11122021_01_11_14700_14880_Sample_139_14700_25.0.mp4,90
Person_76,no emotion,MYS_G000096_11122021_01_12_540_1020_Sample_13_540_25.0.mp4,240
Person_76,no emotion,MYS_G000096_11122021_01_26_18522_18580_Sample_177_18360_25.0.mp4,10
Person_76,no emotion,MYS_G000096_11122021_01_27_18709_18750_Sample_177_18360_25.0.mp4,18
Person_76,no emotion,MYS_G000096_11122021_01_2_9780_10440_Sample_102_9780_25.0.mp4,330
Person_76,no emotion,MYS_G000096_11122021_01_32_20280_21060_Sample_194_20280_25.0.mp4,390
Person_76,no emotion,MYS_G000096_11122021_01_39_22140_22260_Sample_206_22140_25.0.mp4,60
Person_76,no emotion,MYS_G000096_11122021_01_40_1320_1440_Sample_21_1320_25.0.mp4,60
Person_76,no emotion,MYS_G000096_11122021_01_41_24481_24538_Sample_220_24480_25.0.mp4,26
Person_76,no emotion,MYS_G000096_11122021_01_43_1500_1740_Sample_23_1500_25.0.mp4,120
Person_76,no emotion,MYS_G000096_11122021_01_47_37800_37980_Sample_279_37800_25.0.mp4,90
Person_76,no emotion,MYS_G000096_11122021_01_48_38340_38460_Sample_285_38340_25.0.mp4,60
Person_76,no emotion,MYS_G000096_11122021_01_49_38973_39056_Sample_287_38940_25.0.mp4,16
Person_76,no emotion,MYS_G000096_11122021_01_4_11160_11280_Sample_111_11160_25.0.mp4,60
Person_76,no emotion,MYS_G000096_11122021_01_50_2656_2723_Sample_28_1920_25.0.mp4,33
Person_76,no emotion,MYS_G000096_11122021_01_51_2752_2822_Sample_28_1920_25.0.mp4,20
Person_76,no emotion,MYS_G000096_11122021_01_56_42240_42720_Sample_300_42240_25.0.mp4,240
Person_76,no emotion,MYS_G000096_11122021_01_57_43020_43067_Sample_302_42840_25.0.mp4,18
Person_76,no emotion,MYS_G000096_11122021_01_60_45689_45787_Sample_308_45660_25.0.mp4,13
Person_76,no emotion,MYS_G000096_11122021_01_64_3120_3240_Sample_38_3120_25.0.mp4,60
Person_76,no emotion,MYS_G000096_11122021_01_66_78780_78960_Sample_430_78780_25.0.mp4,90
Person_76,no emotion,MYS_G000096_11122021_01_67_79320_79440_Sample_433_79320_25.0.mp4,60
Person_76,no emotion,MYS_G000096_11122021_01_6_11340_11760_Sample_114_11340_25.0.mp4,210
Person_76,no emotion,MYS_G000096_11122021_01_79_82320_82440_Sample_450_82320_25.0.mp4,60
Person_76,no emotion,MYS_G000096_11122021_01_81_82680_83100_Sample_454_82680_25.0.mp4,210
Person_76,no emotion,MYS_G000096_11122021_01_89_4020_4200_Sample_50_4020_25.0.mp4,90
Person_76,no emotion,MYS_G000096_11122021_01_90_4397_4525_Sample_53_4260_25.0.mp4,23
Person_76,no emotion,MYS_G000096_11122021_01_91_4860_4980_Sample_58_4860_25.0.mp4,60
Person_76,no emotion,MYS_G000096_11122021_01_92_5160_5340_Sample_62_5160_25.0.mp4,90
Person_76,no emotion,MYS_G000096_11122021_01_93_5400_5880_Sample_63_5400_25.0.mp4,240
Person_76,no emotion,MYS_G000096_11122021_01_96_6540_6660_Sample_73_6540_25.0.mp4,60
Person_76,no emotion,MYS_G000096_11122021_01_98_7080_7740_Sample_79_7080_25.0.mp4,330
Person_77,no emotion,MYS_G000096_11122021_01_20_17100_17340_Sample_160_17100_25.0.mp4,120
Person_77,no emotion,MYS_G000096_11122021_01_22_17700_17820_Sample_167_17700_25.0.mp4,60
Person_77,no emotion,MYS_G000096_11122021_01_24_17880_18000_Sample_172_17880_25.0.mp4,60
Person_77,no emotion,MYS_G000096_11122021_01_25_18120_18300_Sample_175_18120_25.0.mp4,90
Person_77,no emotion,MYS_G000096_11122021_01_31_18960_19200_Sample_182_18960_25.0.mp4,120
Person_77,no emotion,MYS_G000096_11122021_01_35_0_240_Sample_1_0_25.0.mp4,120
Person_78,no emotion,MYS_G000096_11122021_01_42_1440_1560_Sample_22_1440_25.0.mp4,60
Person_78,no emotion,MYS_G000096_11122021_01_55_0_600_Sample_2_0_25.0.mp4,300
Person_78,no emotion,MYS_G000096_11122021_01_61_2100_3420_Sample_31_2100_25.0.mp4,660
Person_8,no emotion,MYS_G000013_25052021_01_10_37090_37121_Sample_265_37020_25.0.mp4,17
Person_8,no emotion,MYS_G000013_25052021_01_12_9930_9970_Sample_53_9900_25.0.mp4,20
Person_8,no emotion,MYS_G000013_25052021_01_14_10711_10740_Sample_56_10500_25.0.mp4,14
Person_8,no emotion,MYS_G000013_25052021_01_1_17675_17716_Sample_107_17400_25.0.mp4,20
Person_8,no emotion,MYS_G000013_25052021_01_28_15818_15859_Sample_86_15780_25.0.mp4,20
Person_8,no emotion,MYS_G000013_25052021_01_6_30900_30952_Sample_221_30900_25.0.mp4,26
Person_82,no emotion,MYS_G000106_10072021_02_33_38603_38700_Sample_246_38520_25.0.mp4,53
Person_82,no emotion,MYS_G000106_10072021_02_52_43320_43489_Sample_283_43320_25.0.mp4,84
Person_82,no emotion,MYS_G000106_10072021_02_86_350_875_Sample_9_240_25.0.mp4,262
Person_82,no emotion,MYS_G000106_17072021_01_32_33358_34773_Sample_328_33120_25.0.mp4,707
Person_82,no emotion,MYS_G000106_17072021_01_5_9120_9562_Sample_122_9120_25.0.mp4,221
Person_83,no emotion,MYS_G000120_01052021_133_128160_129179_Sample_833_128160_25.0.mp4,509
Person_83,no emotion,MYS_G000120_01052021_140_39720_40140_Sample_264_39720_25.0.mp4,210
Person_83,no emotion,MYS_G000120_01052021_159_134220_134760_Sample_862_134220_25.0.mp4,270
Person_83,no emotion,MYS_G000120_01052021_21_66000_68280_Sample_447_66000_25.0.mp4,1140
Person_83,no emotion,MYS_G000120_01052021_87_0_240_Sample_2_0_25.0.mp4,120
Person_83,no emotion,MYS_G000120_01052021_96_112980_113100_Sample_726_112980_25.0.mp4,60
Person_83,no emotion,MYS_G000120_03072021_196_69180_69660_Sample_360_69180_25.0.mp4,240
Person_83,no emotion,MYS_G000120_03072021_202_70320_70440_Sample_370_70320_25.0.mp4,60
Person_83,no emotion,MYS_G000120_03072021_205_70680_71040_Sample_374_70680_25.0.mp4,180
Person_83,no emotion,MYS_G000120_03072021_218_71970_72000_Sample_387_71880_25.0.mp4,21
Person_83,no emotion,MYS_G000120_03072021_235_7346_7410_Sample_39_5640_25.0.mp4,16
Person_83,no emotion,MYS_G000120_03072021_261_77040_77340_Sample_433_77040_25.0.mp4,150
Person_83,no emotion,MYS_G000120_03072021_288_8391_8430_Sample_51_7680_25.0.mp4,26
Person_83,no emotion,MYS_G000120_03072021_28_2280_2520_Sample_14_2280_25.0.mp4,120
Person_83,no emotion,MYS_G000120_03072021_307_12114_12172_Sample_76_10860_25.0.mp4,25
Person_83,no emotion,MYS_G000120_03072021_317_13264_13276_Sample_89_13260_25.0.mp4,5
Person_83,no emotion,MYS_G000120_03072021_318_13362_13384_Sample_89_13260_25.0.mp4,11
Person_83,no emotion,MYS_G000120_03072021_319_13452_13504_Sample_89_13260_25.0.mp4,21
Person_83,no emotion,MYS_G000120_03072021_325_13940_14009_Sample_95_13560_25.0.mp4,13
Person_83,no emotion,MYS_G000120_03072021_46_2770_2836_Sample_16_2760_25.0.mp4,12
Person_83,no emotion,MYS_G000120_03072021_47_2905_2971_Sample_16_2760_25.0.mp4,13
Person_83,no emotion,MYS_G000120_03072021_61_3120_3600_Sample_19_3120_25.0.mp4,240
Person_83,no emotion,MYS_G000120_03072021_63_50940_51480_Sample_209_50940_25.0.mp4,270
Person_83,no emotion,MYS_G000120_03072021_64_51540_51579_Sample_215_51540_25.0.mp4,16
Person_83,no emotion,MYS_G000120_03072021_65_51685_51727_Sample_215_51540_25.0.mp4,16
Person_83,no emotion,MYS_G000120_03072021_66_52341_52402_Sample_215_51540_25.0.mp4,22
Person_83,no emotion,MYS_G000120_03072021_73_52620_52740_Sample_226_52620_25.0.mp4,60
Person_83,no emotion,MYS_G000120_09052021_16_27307_27380_Sample_178_26880_25.0.mp4,36
Person_83,no emotion,MYS_G000120_09052021_44_38231_38267_Sample_266_38220_25.0.mp4,18
Person_83,no emotion,MYS_G000120_09052021_9_61329_61369_Sample_431_60900_25.0.mp4,20
Person_83,no emotion,MYS_G000120_11072021_106_30786_30829_Sample_208_30780_25.0.mp4,21
Person_83,no emotion,MYS_G000120_11072021_128_44428_44495_Sample_271_40740_25.0.mp4,33
Person_83,no emotion,MYS_G000120_11072021_142_45682_45759_Sample_306_45660_25.0.mp4,38
Person_83,no emotion,MYS_G000120_11072021_150_48215_48277_Sample_322_47940_25.0.mp4,31
Person_83,no emotion,MYS_G000120_11072021_158_52632_52750_Sample_349_52500_25.0.mp4,59
Person_83,no emotion,MYS_G000120_11072021_160_55378_55467_Sample_351_53220_25.0.mp4,44
Person_83,no emotion,MYS_G000120_11072021_189_60898_60930_Sample_423_60840_25.0.mp4,16
Person_83,no emotion,MYS_G000120_11072021_191_61116_61188_Sample_426_61080_25.0.mp4,36
Person_83,no emotion,MYS_G000120_11072021_198_62113_62153_Sample_442_62100_25.0.mp4,20
Person_83,no emotion,MYS_G000120_11072021_234_75531_75563_Sample_544_75480_25.0.mp4,16
Person_83,no emotion,MYS_G000120_11072021_252_104823_104868_Sample_804_104760_25.0.mp4,22
Person_83,no emotion,MYS_G000120_11072021_258_109279_109317_Sample_845_109200_25.0.mp4,19
Person_83,no emotion,MYS_G000120_11072021_278_124334_124395_Sample_986_124140_25.0.mp4,30
Person_83,no emotion,MYS_G000120_11072021_51_145033_145113_Sample_1122_144900_25.0.mp4,40
Person_83,no emotion,MYS_G000120_11072021_87_162523_162568_Sample_1246_162480_25.0.mp4,22
Person_83,no emotion,MYS_G000120_11072021_97_26151_26201_Sample_177_26100_25.0.mp4,25
Person_83,no emotion,MYS_G000120_11072021_9_131928_132015_Sample_1029_130140_25.0.mp4,43
Person_83,no emotion,MYS_G000120_24042021_116_84120_84780_Sample_424_84120_25.0.mp4,330
Person_83,no emotion,MYS_G000120_24042021_118_84900_85080_Sample_428_84900_25.0.mp4,90
Person_83,no emotion,MYS_G000120_24042021_122_85560_86280_Sample_431_85560_25.0.mp4,360
Person_83,no emotion,MYS_G000120_24042021_171_113520_115800_Sample_547_113520_25.0.mp4,1140
Person_83,no emotion,MYS_G000120_24042021_179_124800_125040_Sample_580_124800_25.0.mp4,120
Person_83,no emotion,MYS_G000120_24072021_100_28197_28237_Sample_258_28080_25.0.mp4,20
Person_83,no emotion,MYS_G000120_24072021_114_31017_31132_Sample_282_30540_25.0.mp4,57
Person_83,no emotion,MYS_G000120_24072021_11_44282_44357_Sample_387_44280_25.0.mp4,37
Person_83,no emotion,MYS_G000120_24072021_122_33914_34015_Sample_306_33900_25.0.mp4,50
Person_83,no emotion,MYS_G000120_24072021_12_44761_44820_Sample_389_44700_25.0.mp4,29
Person_83,no emotion,MYS_G000120_24072021_135_108888_109010_Sample_698_108840_25.0.mp4,61
Person_83,no emotion,MYS_G000120_24072021_139_109441_109500_Sample_706_109440_25.0.mp4,29
Person_83,no emotion,MYS_G000120_24072021_15_13252_13338_Sample_122_13200_25.0.mp4,43
Person_83,no emotion,MYS_G000120_24072021_18_13758_13811_Sample_126_13620_25.0.mp4,26
Person_83,no emotion,MYS_G000120_24072021_19_46943_46983_Sample_407_46920_25.0.mp4,20
Person_83,no emotion,MYS_G000120_24072021_36_17716_17779_Sample_152_17700_25.0.mp4,31
Person_83,no emotion,MYS_G000120_24072021_38_50000_50036_Sample_433_49980_25.0.mp4,18
Person_83,no emotion,MYS_G000120_24072021_3_42734_42783_Sample_375_42720_25.0.mp4,24
Person_83,no emotion,MYS_G000120_24072021_5_43256_43333_Sample_377_42900_25.0.mp4,38
Person_83,no emotion,MYS_G000120_24072021_75_91475_91500_Sample_582_91320_25.0.mp4,12
Person_83,no emotion,MYS_G000120_24072021_76_91690_91732_Sample_583_91500_25.0.mp4,21
Person_86,no emotion,MYS_G000115_04042021_1_140_195_Sample_0_0_25.0.mp4,23
Person_86,no emotion,MYS_G000115_11042021_23_58800_58920_Sample_170_58800_25.0.mp4,60
Person_86,no emotion,MYS_G000115_11042021_26_60060_60300_Sample_176_60060_25.0.mp4,120
Person_86,no emotion,MYS_G000115_11042021_27_60774_60880_Sample_177_60360_25.0.mp4,24
Person_86,no emotion,MYS_G000115_11042021_44_74221_74262_Sample_235_74220_25.0.mp4,18
Person_86,no emotion,MYS_G000115_11042021_45_74760_74880_Sample_236_74760_25.0.mp4,60
Person_86,no emotion,MYS_G000115_11042021_62_91788_91890_Sample_289_91380_25.0.mp4,24
Person_86,no emotion,MYS_G000115_11042021_68_106020_107400_Sample_348_106020_25.0.mp4,690
Person_86,no emotion,MYS_G000115_11042021_69_107580_107700_Sample_353_107580_25.0.mp4,60
Person_86,no emotion,MYS_G000115_11042021_8_57240_58020_Sample_163_57240_25.0.mp4,390
Person_86,no emotion,MYS_G000115_18042021_20_1800_1920_Sample_17_1800_25.0.mp4,60
Person_86,no emotion,MYS_G000115_18042021_22_60360_60900_Sample_177_60360_25.0.mp4,270
Person_86,no emotion,MYS_G000115_18042021_47_74760_74880_Sample_236_74760_25.0.mp4,60
Person_86,no emotion,MYS_G000115_18042021_51_76680_76920_Sample_242_76680_25.0.mp4,120
Person_86,no emotion,MYS_G000115_18042021_65_91797_91892_Sample_289_91380_25.0.mp4,24
Person_86,no emotion,MYS_G000115_18042021_74_104520_105539_Sample_341_104520_25.0.mp4,509
Person_86,no emotion,MYS_G000115_18042021_75_106020_107400_Sample_348_106020_25.0.mp4,690
Person_86,no emotion,MYS_G000115_18042021_76_107580_107700_Sample_353_107580_25.0.mp4,60
Person_86,no emotion,MYS_G000115_18042021_77_108980_109212_Sample_354_107700_25.0.mp4,128
Person_86,no emotion,MYS_G000115_18042021_78_109212_109498_Sample_354_107700_25.0.mp4,103
Person_86,no emotion,MYS_G000115_18042021_83_123480_124020_Sample_410_123480_25.0.mp4,270
Person_86,no emotion,MYS_G000115_18042021_8_57240_58020_Sample_163_57240_25.0.mp4,390
Person_86,no emotion,MYS_G000115_18072021_10_128220_129360_Sample_1029_128220_25.0.mp4,570
Person_86,no emotion,MYS_G000115_18072021_47_17188_17239_Sample_178_17100_25.0.mp4,10
Person_86,no emotion,MYS_G000115_18072021_4_126240_126360_Sample_1001_126240_25.0.mp4,60
Person_86,no emotion,MYS_G000115_18072021_5_126420_126780_Sample_1003_126420_25.0.mp4,180
Person_86,no emotion,MYS_G000115_18072021_6_126960_127920_Sample_1007_126960_25.0.mp4,480
Person_86,no emotion,MYS_G000115_18072021_70_20801_20902_Sample_207_20280_25.0.mp4,39
Person_88,no emotion,MYS_G000010_21052021_01_149_49752_49782_Sample_594_49680_25.0.mp4,11
Person_89,no emotion,MYS_G000010_30042021_01_6_61800_61845_Sample_1010_61800_25.0.mp4,7
Person_89,no emotion,MYS_G000115_18072021_31_17312_17435_Sample_167_16140_25.0.mp4,46
Person_89,no emotion,MYS_G000115_18072021_73_20340_20760_Sample_209_20340_25.0.mp4,210
Person_9,no emotion,MYS_G000122_24072021_02_1_15660_16200_Sample_114_15660_25.0.mp4,270
Person_9,no emotion,MYS_G000122_24072021_02_25_0_120_Sample_2_0_25.0.mp4,60
Person_9,no emotion,MYS_G000122_24072021_02_27_31260_31440_Sample_203_31260_25.0.mp4,90
Person_9,no emotion,MYS_G000122_24072021_02_29_31560_31740_Sample_205_31560_25.0.mp4,90
Person_9,no emotion,MYS_G000122_24072021_02_32_32220_32460_Sample_208_32220_25.0.mp4,120
Person_9,no emotion,MYS_G000122_24072021_02_35_33576_33600_Sample_220_33420_25.0.mp4,24
Person_9,no emotion,MYS_G000122_24072021_02_36_34380_34740_Sample_228_34380_25.0.mp4,180
Person_9,no emotion,MYS_G000122_24072021_02_39_40419_40539_Sample_285_40320_25.0.mp4,78
Person_9,no emotion,MYS_G000122_24072021_02_41_40744_40785_Sample_289_40620_25.0.mp4,28
Person_9,no emotion,MYS_G000122_24072021_02_42_41520_41700_Sample_303_41520_25.0.mp4,90
Person_9,no emotion,MYS_G000122_24072021_02_45_45600_45720_Sample_343_45600_25.0.mp4,60
Person_9,no emotion,MYS_G000122_24072021_02_50_46761_46847_Sample_355_46500_25.0.mp4,39
Person_9,no emotion,MYS_G000122_24072021_02_55_48780_49380_Sample_377_48780_25.0.mp4,300
Person_9,no emotion,MYS_G000122_24072021_02_56_7620_7920_Sample_38_7620_25.0.mp4,150
Person_9,no emotion,MYS_G000122_24072021_02_5_960_1320_Sample_12_960_25.0.mp4,180
Person_9,no emotion,MYS_G000122_24072021_02_65_52980_53460_Sample_422_52980_25.0.mp4,240
Person_9,no emotion,MYS_G000122_24072021_02_68_54145_54246_Sample_430_53640_25.0.mp4,46
Person_9,no emotion,MYS_G000122_24072021_02_71_54420_54720_Sample_438_54420_25.0.mp4,150
Person_91,no emotion,MYS_G000115_18072021_12_129960_130260_Sample_1038_129960_25.0.mp4,150
Person_91,no emotion,MYS_G000115_18072021_13_130320_130740_Sample_1039_130320_25.0.mp4,210
Person_91,no emotion,MYS_G000115_18072021_14_130800_130920_Sample_1043_130800_25.0.mp4,60
Person_91,no emotion,MYS_G000115_18072021_18_1860_1980_Sample_15_1860_25.0.mp4,60
Person_91,no emotion,MYS_G000115_18072021_29_15600_15720_Sample_164_15600_25.0.mp4,60
Person_91,no emotion,MYS_G000115_18072021_42_2158_2207_Sample_16_2100_25.0.mp4,27
Person_91,no emotion,MYS_G000115_18072021_43_16680_17100_Sample_174_16680_25.0.mp4,210
Person_91,no emotion,MYS_G000115_18072021_66_2604_2713_Sample_19_2460_25.0.mp4,59
Person_91,no emotion,MYS_G000115_18072021_68_20100_20115_Sample_206_20100_25.0.mp4,3
Person_91,no emotion,MYS_G000115_18072021_72_20473_20532_Sample_208_20340_25.0.mp4,22
Person_91,no emotion,MYS_G000115_18072021_8_127260_127560_Sample_1012_127260_25.0.mp4,150
Person_91,no emotion,MYS_G000115_18072021_9_128165_128210_Sample_1027_128160_25.0.mp4,26
Person_98,no emotion,MYS_G000120_03072021_219_5580_5760_Sample_38_5580_25.0.mp4,90
Person_98,no emotion,MYS_G000120_03072021_220_72360_72480_Sample_393_72360_25.0.mp4,60
Person_98,no emotion,MYS_G000120_03072021_221_72540_72660_Sample_395_72540_25.0.mp4,60
Person_98,no emotion,MYS_G000120_03072021_238_72900_73080_Sample_400_72900_25.0.mp4,90
Person_98,no emotion,MYS_G000120_03072021_242_73140_73380_Sample_403_73140_25.0.mp4,120
Person_98,no emotion,MYS_G000120_03072021_243_73920_74040_Sample_407_73920_25.0.mp4,60
Person_98,no emotion,MYS_G000120_03072021_269_79740_79920_Sample_458_79740_25.0.mp4,90
Person_1,sad,MYS_G000010_20082021_02_101_11340_11405_Sample_86_11340_25.0.mp4,32
Person_119,sad,MYS_G000122_24072021_02_17_23525_23580_Sample_158_22740_25.0.mp4,34
Person_14,sad,MYS_G000010_13082021_03_60_20115_20358_Sample_303_19680_25.0.mp4,87
Person_14,sad,MYS_G000010_16072021_02_42_27453_27536_Sample_229_27420_25.0.mp4,40
Person_14,sad,MYS_G000010_21052021_02_27_73608_73642_Sample_1057_70440_25.0.mp4,21
Person_14,sad,MYS_G000120_01052021_100_36741_36767_Sample_215_32520_25.0.mp4,8
Person_19,sad,MYS_G000010_21052021_02_203_55081_55140_Sample_799_54720_25.0.mp4,59
Person_19,sad,MYS_G000010_23042021_02_27_10321_10366_Sample_157_10260_25.0.mp4,13
Person_2,sad,MYS_G000010_02042021_01_87_31402_31626_Sample_356_31200_25.0.mp4,112
Person_2,sad,MYS_G000010_02042021_04_12_24449_24658_Sample_327_24240_25.0.mp4,104
Person_2,sad,MYS_G000010_05032021_02_56_39060_39443_Sample_261_39060_25.0.mp4,191
Person_2,sad,MYS_G000010_05032021_02_58_39674_39723_Sample_265_39600_25.0.mp4,24
Person_2,sad,MYS_G000010_06082021_01_57_12665_12720_Sample_187_12540_25.0.mp4,9
Person_2,sad,MYS_G000010_16072021_01_224_52874_52994_Sample_635_51420_25.0.mp4,60
Person_2,sad,MYS_G000010_23042021_01_116_36077_36180_Sample_471_36000_25.0.mp4,24
Person_2,sad,MYS_G000010_23042021_03_104_45502_45592_Sample_690_44820_25.0.mp4,45
Person_2,sad,MYS_G000010_23042021_03_115_48356_48390_Sample_729_48300_25.0.mp4,17
Person_2,sad,MYS_G000010_23042021_03_87_42409_42491_Sample_646_41760_25.0.mp4,41
Person_2,sad,MYS_G000010_23072021_01_33_23268_23362_Sample_125_19080_25.0.mp4,24
Person_2,sad,MYS_G000010_23072021_01_34_23490_23529_Sample_125_19080_25.0.mp4,8
Person_2,sad,MYS_G000011_05022021_04_25_32355_32380_Sample_348_32280_25.0.mp4,14
Person_2,sad,MYS_G000011_05022021_05_20_508_601_Sample_127.mp4,41
Person_2,sad,MYS_G000011_05022021_05_28_0_540_Sample_137.mp4,269
Person_2,sad,MYS_G000011_05022021_05_33_677_728_Sample_142.mp4,20
Person_2,sad,MYS_G000011_05022021_05_53_1062_1125_Sample_163.mp4,6
Person_2,sad,MYS_G000011_22012021_02_40_2100_2220_Sample_22_2100_25.0.mp4,60
Person_2,sad,MYS_G000011_22012021_02_72_2580_2700_Sample_30_2580_25.0.mp4,60
Person_35,sad,MYS_G000115_09052021_154_146272_146362_Sample_491_146040_25.0.mp4,45
Person_35,sad,MYS_G000115_16052021_66_131497_131694_Sample_570_131460_25.0.mp4,98
Person_5,sad,MYS_G000010_02042021_01_126_3526_3596_Sample_52_3480_25.0.mp4,35
Person_5,sad,MYS_G000010_02042021_01_130_46200_46404_Sample_536_46200_25.0.mp4,102
Person_5,sad,MYS_G000010_02042021_01_81_30127_30173_Sample_344_30120_25.0.mp4,23
Person_5,sad,MYS_G000010_02042021_04_86_44403_44460_Sample_561_44280_25.0.mp4,21
Person_5,sad,MYS_G000010_23042021_02_105_42112_42151_Sample_531_42060_25.0.mp4,19
Person_5,sad,MYS_G000010_23042021_03_140_56850_56880_Sample_795_56820_25.0.mp4,15
Person_5,sad,MYS_G000010_23042021_03_46_15909_15957_Sample_286_15780_25.0.mp4,24
Person_5,sad,MYS_G000010_27082021_01_197_57900_58017_Sample_599_57900_25.0.mp4,58
Person_6,sad,MYS_G000010_16072021_01_280_63911_64137_Sample_726_63840_25.0.mp4,113
Person_7,sad,MYS_G000010_23042021_02_115_44653_44681_Sample_563_44580_25.0.mp4,14
Person_76,sad,MYS_G000096_04122021_01_11_22920_23118_Sample_155_22920_25.0.mp4,23
Person_83,sad,MYS_G000120_24072021_52_20944_20995_Sample_183_20940_25.0.mp4,25
Person_83,sad,MYS_G000120_24072021_76_24229_24300_Sample_217_24180_25.0.mp4,35
Person_1,surprise,MYS_G000010_02042021_03_81_47486_47511_Sample_651_46740_25.0.mp4,13
Person_1,surprise,MYS_G000010_02042021_04_26_28268_28448_Sample_367_28260_25.0.mp4,90
Person_1,surprise,MYS_G000010_05032021_01_60_41208_41280_Sample_292_41160_25.0.mp4,54
Person_1,surprise,MYS_G000010_05032021_01_96_9088_9144_Sample_65_9000_25.0.mp4,28
Person_1,surprise,MYS_G000010_05032021_02_117_15168_15218_Sample_62_15120_25.0.mp4,25
Person_1,surprise,MYS_G000010_09042021_01_100_23691_23741_Sample_292_23280_25.0.mp4,12
Person_1,surprise,MYS_G000010_09042021_01_76_18060_18080_Sample_246_18060_25.0.mp4,4
Person_1,surprise,MYS_G000010_09042021_03_118_25348_25369_Sample_373_25260_25.0.mp4,9
Person_1,surprise,MYS_G000010_09042021_03_63_14342_14401_Sample_223_14340_25.0.mp4,9
Person_1,surprise,MYS_G000010_09042021_03_76_16421_16539_Sample_248_16140_25.0.mp4,37
Person_1,surprise,MYS_G000010_09042021_04_103_33961_33988_Sample_377_33780_25.0.mp4,6
Person_1,surprise,MYS_G000010_09042021_04_109_35052_35176_Sample_391_34920_25.0.mp4,12
Person_1,surprise,MYS_G000010_09042021_05_42_4071_4109_Sample_20_3060_25.0.mp4,12
Person_1,surprise,MYS_G000010_09042021_05_43_4601_4686_Sample_20_3060_25.0.mp4,39
Person_1,surprise,MYS_G000010_09042021_05_4_2204_2245_Sample_11_1860_25.0.mp4,22
Person_1,surprise,MYS_G000010_09042021_05_60_6716_6729_Sample_38_6660_25.0.mp4,4
Person_1,surprise,MYS_G000010_09042021_05_70_10691_10710_Sample_44_10680_25.0.mp4,8
Person_1,surprise,MYS_G000010_09042021_05_77_14252_14280_Sample_68_13740_25.0.mp4,13
Person_1,surprise,MYS_G000010_09072021_01_326_39902_39964_Sample_550_38160_25.0.mp4,36
Person_1,surprise,MYS_G000010_16072021_02_27_25821_25872_Sample_197_25800_25.0.mp4,18
Person_1,surprise,MYS_G000010_20082021_01_106_18522_18554_Sample_331_18420_25.0.mp4,10
Person_1,surprise,MYS_G000010_20082021_01_34_10627_10679_Sample_159_8640_25.0.mp4,25
Person_1,surprise,MYS_G000010_20082021_01_3_5967_5983_Sample_103_5940_25.0.mp4,7
Person_1,surprise,MYS_G000010_20082021_01_69_13850_13887_Sample_250_13740_25.0.mp4,10
Person_1,surprise,MYS_G000010_20082021_01_70_14106_14149_Sample_250_13740_25.0.mp4,5
Person_1,surprise,MYS_G000010_20082021_02_69_41811_41861_Sample_305_41460_25.0.mp4,30
Person_1,surprise,MYS_G000010_20082021_02_79_44527_44580_Sample_327_44340_25.0.mp4,9
Person_1,surprise,MYS_G000010_20082021_02_81_4265_4316_Sample_32_4200_25.0.mp4,10
Person_1,surprise,MYS_G000010_20082021_02_92_8857_8940_Sample_64_8640_25.0.mp4,43
Person_1,surprise,MYS_G000010_20082021_03_36_9000_9049_Sample_75_9000_25.0.mp4,1
Person_1,surprise,MYS_G000010_21052021_01_2_9163_9180_Sample_101_8880_25.0.mp4,8
Person_1,surprise,MYS_G000010_21052021_01_88_31023_31051_Sample_392_30900_25.0.mp4,9
Person_1,surprise,MYS_G000010_21052021_02_149_5021_5100_Sample_65_4380_25.0.mp4,38
Person_1,surprise,MYS_G000010_21052021_02_86_21645_21660_Sample_277_21480_25.0.mp4,7
Person_1,surprise,MYS_G000010_23072021_01_112_28531_28567_Sample_217_28020_25.0.mp4,16
Person_1,surprise,MYS_G000010_27082021_01_201_58627_58727_Sample_606_58620_25.0.mp4,50
Person_1,surprise,MYS_G000010_27082021_01_52_109834_109860_Sample_1166_109740_25.0.mp4,9
Person_1,surprise,MYS_G000011_05022021_03_69_52777_52816_Sample_675_52620_25.0.mp4,17
Person_1,surprise,MYS_G000011_05022021_03_7_3843_3878_Sample_43_2880_25.0.mp4,13
Person_1,surprise,MYS_G000011_15022021_02_53_285_327_Sample_261.mp4,21
Person_1,surprise,MYS_G000011_15022021_03_82_53_95_Sample_524.mp4,21
Person_115,surprise,MYS_G000120_01052021_136_176110_176194_Sample_1121_173520_25.0.mp4,42
Person_115,surprise,MYS_G000120_01052021_19_180927_180976_Sample_1136_176640_25.0.mp4,33
Person_115,surprise,MYS_G000120_03072021_189_70335_70374_Sample_348_68220_25.0.mp4,10
Person_115,surprise,MYS_G000120_15052021_123_81835_81872_Sample_464_81780_25.0.mp4,12
Person_115,surprise,MYS_G000120_15052021_51_41969_42005_Sample_246_41940_25.0.mp4,25
Person_115,surprise,MYS_G000120_24042021_14_4200_4288_Sample_16_2460_25.0.mp4,27
Person_115,surprise,MYS_G000120_24042021_78_79533_79573_Sample_399_78720_25.0.mp4,18
Person_115,surprise,MYS_G000120_24072021_87_26077_26151_Sample_236_25860_25.0.mp4,37
Person_118,surprise,MYS_G000120_03072021_201_72178_72224_Sample_369_70320_25.0.mp4,11
Person_118,surprise,MYS_G000120_11072021_193_61293_61342_Sample_430_61260_25.0.mp4,24
Person_118,surprise,MYS_G000120_11072021_69_157145_157197_Sample_1202_157140_25.0.mp4,26
Person_12,surprise,MYS_G000010_02042021_02_43_17610_17644_Sample_220_17580_25.0.mp4,14
Person_12,surprise,MYS_G000010_02042021_03_107_51024_51143_Sample_712_50820_25.0.mp4,67
Person_12,surprise,MYS_G000010_02042021_03_125_9056_9082_Sample_95_8760_25.0.mp4,7
Person_12,surprise,MYS_G000010_02042021_03_28_14311_14338_Sample_169_14280_25.0.mp4,14
Person_12,surprise,MYS_G000010_06082021_03_20_20985_21028_Sample_186_20880_25.0.mp4,7
Person_12,surprise,MYS_G000010_09042021_01_113_33115_33166_Sample_385_32640_25.0.mp4,15
Person_12,surprise,MYS_G000010_09042021_01_81_20503_20544_Sample_263_19980_25.0.mp4,16
Person_12,surprise,MYS_G000010_09042021_04_122_38923_38962_Sample_436_38880_25.0.mp4,12
Person_12,surprise,MYS_G000010_09042021_04_65_29061_29131_Sample_326_28680_25.0.mp4,44
Person_12,surprise,MYS_G000010_09042021_05_26_27244_27360_Sample_175_27180_25.0.mp4,39
Person_12,surprise,MYS_G000010_09042021_05_83_16176_16299_Sample_83_15420_25.0.mp4,56
Person_12,surprise,MYS_G000010_09042021_05_89_19075_19132_Sample_92_17040_25.0.mp4,35
Person_123,surprise,MYS_G000141_11112021_01_92_337_358_Sample_178.mp4,9
Person_13,surprise,MYS_G000010_05112021_02_10_11600_11657_Sample_115_10920_25.0.mp4,31
Person_13,surprise,MYS_G000010_05112021_02_46_3420_3495_Sample_36_2820_25.0.mp4,27
Person_13,surprise,MYS_G000010_05112021_02_7_11221_11261_Sample_115_10920_25.0.mp4,26
Person_13,surprise,MYS_G000010_06082021_01_53_2390_2414_Sample_17_1080_25.0.mp4,10
Person_13,surprise,MYS_G000010_06082021_01_54_12577_12600_Sample_182_12300_25.0.mp4,18
Person_13,surprise,MYS_G000010_06082021_01_68_6990_7053_Sample_93_6360_25.0.mp4,16
Person_13,surprise,MYS_G000010_09072021_01_11_87618_87656_Sample_1189_87180_25.0.mp4,13
Person_13,surprise,MYS_G000010_09072021_01_14_94274_94364_Sample_1216_88740_25.0.mp4,37
Person_13,surprise,MYS_G000010_09072021_01_18_97717_97805_Sample_1334_96840_25.0.mp4,50
Person_13,surprise,MYS_G000010_09072021_01_26_77865_77912_Sample_1032_77280_25.0.mp4,23
Person_13,surprise,MYS_G000010_09072021_01_426_58463_58510_Sample_775_57960_25.0.mp4,17
Person_13,surprise,MYS_G000010_09072021_01_455_61487_61568_Sample_788_61020_25.0.mp4,25
Person_13,surprise,MYS_G000010_09072021_01_475_63659_63710_Sample_795_62340_25.0.mp4,15
Person_13,surprise,MYS_G000010_09072021_01_51_81498_81542_Sample_1094_81420_25.0.mp4,30
Person_13,surprise,MYS_G000010_13082021_03_112_955_1030_Sample_5_240_25.0.mp4,52
Person_13,surprise,MYS_G000010_13082021_03_114_4474_4545_Sample_65_4440_25.0.mp4,17
Person_13,surprise,MYS_G000010_13082021_03_48_16033_16140_Sample_250_15960_25.0.mp4,35
Person_13,surprise,MYS_G000010_13082021_03_62_20451_20517_Sample_311_20280_25.0.mp4,12
Person_13,surprise,MYS_G000010_16072021_01_150_42922_42960_Sample_493_42540_25.0.mp4,18
Person_13,surprise,MYS_G000010_16072021_01_209_49757_49860_Sample_602_49740_25.0.mp4,84
Person_13,surprise,MYS_G000010_16072021_01_214_50800_50908_Sample_614_50280_25.0.mp4,27
Person_13,surprise,MYS_G000010_16072021_01_215_51260_51306_Sample_614_50280_25.0.mp4,26
Person_13,surprise,MYS_G000010_16072021_01_236_53438_53475_Sample_654_53400_25.0.mp4,13
Person_13,surprise,MYS_G000010_16072021_01_2_7350_7617_Sample_108_6720_25.0.mp4,133
Person_13,surprise,MYS_G000010_16072021_01_321_72710_72777_Sample_826_72660_25.0.mp4,33
Person_13,surprise,MYS_G000010_16072021_01_35_20640_20689_Sample_226_20640_25.0.mp4,22
Person_13,surprise,MYS_G000010_16072021_01_361_79440_79526_Sample_910_79440_25.0.mp4,43
Person_13,surprise,MYS_G000010_16072021_01_90_32063_32130_Sample_357_31800_25.0.mp4,22
Person_13,surprise,MYS_G000010_16072021_02_139_44394_44592_Sample_489_44160_25.0.mp4,99
Person_13,surprise,MYS_G000010_16072021_02_178_51361_51411_Sample_583_51240_25.0.mp4,12
Person_13,surprise,MYS_G000010_16072021_02_224_57977_58659_Sample_721_57960_25.0.mp4,341
Person_13,surprise,MYS_G000010_16072021_02_22_22717_22751_Sample_178_22440_25.0.mp4,16
Person_13,surprise,MYS_G000010_16072021_02_239_64740_64910_Sample_771_64740_25.0.mp4,85
Person_13,surprise,MYS_G000010_16072021_02_241_65220_65337_Sample_776_65220_25.0.mp4,58
Person_13,surprise,MYS_G000010_16072021_02_34_26040_26231_Sample_204_26040_25.0.mp4,95
Person_13,surprise,MYS_G000010_16072021_02_5_10740_10780_Sample_117_10740_25.0.mp4,21
Person_13,surprise,MYS_G000010_16072021_02_65_31606_31677_Sample_304_31560_25.0.mp4,35
Person_13,surprise,MYS_G000010_16072021_02_91_2526_2558_Sample_34_2460_25.0.mp4,19
Person_13,surprise,MYS_G000010_16072021_02_93_35599_35649_Sample_355_35160_25.0.mp4,14
Person_13,surprise,MYS_G000010_20082021_01_35_8845_8892_Sample_161_8700_25.0.mp4,29
Person_13,surprise,MYS_G000010_20082021_01_82_15930_15961_Sample_284_15780_25.0.mp4,17
Person_13,surprise,MYS_G000010_20082021_01_90_17026_17074_Sample_299_16920_25.0.mp4,20
Person_13,surprise,MYS_G000010_20082021_01_91_17086_17151_Sample_299_16920_25.0.mp4,17
Person_13,surprise,MYS_G000010_20082021_02_16_18872_18980_Sample_138_18840_25.0.mp4,54
Person_13,surprise,MYS_G000010_20082021_03_44_1103_1205_Sample_9_960_25.0.mp4,68
Person_13,surprise,MYS_G000010_23072021_01_138_527_580_Sample_3_60_25.0.mp4,23
Person_13,surprise,MYS_G000010_23072021_01_139_589_675_Sample_3_60_25.0.mp4,30
Person_13,surprise,MYS_G000010_23072021_01_175_9685_9720_Sample_69_9540_25.0.mp4,28
Person_13,surprise,MYS_G000010_23072021_01_181_10776_10801_Sample_70_9780_25.0.mp4,9
Person_13,surprise,MYS_G000010_23072021_01_190_11088_11195_Sample_75_10860_25.0.mp4,45
Person_13,surprise,MYS_G000010_23072021_01_54_24046_24180_Sample_163_23880_25.0.mp4,45
Person_13,surprise,MYS_G000010_23072021_05_23_16086_16202_Sample_205_15840_25.0.mp4,15
Person_13,surprise,MYS_G000010_23072021_05_40_21148_21242_Sample_264_20400_25.0.mp4,44
Person_13,surprise,MYS_G000010_23072021_05_51_23868_24177_Sample_300_23460_25.0.mp4,154
Person_13,surprise,MYS_G000010_27082021_01_183_49315_49364_Sample_518_49080_25.0.mp4,16
Person_13,surprise,MYS_G000010_27082021_01_235_71263_71458_Sample_739_71220_25.0.mp4,97
Person_13,surprise,MYS_G000010_27082021_01_257_85206_85239_Sample_886_85080_25.0.mp4,11
Person_13,surprise,MYS_G000010_27082021_01_263_86070_86100_Sample_899_85920_25.0.mp4,11
Person_13,surprise,MYS_G000010_27082021_01_265_86484_86630_Sample_906_86340_25.0.mp4,38
Person_13,surprise,MYS_G000010_27082021_01_267_87294_87364_Sample_913_87180_25.0.mp4,11
Person_13,surprise,MYS_G000010_27082021_01_42_106081_106160_Sample_1123_106080_25.0.mp4,18
Person_13,surprise,MYS_G000010_27082021_01_4_96600_96619_Sample_1009_96600_25.0.mp4,7
Person_13,surprise,MYS_G000010_27082021_01_94_17379_17547_Sample_177_17340_25.0.mp4,36
Person_14,surprise,MYS_G000010_06082021_01_11_8582_8642_Sample_121_8160_25.0.mp4,36
Person_14,surprise,MYS_G000010_09072021_01_56_83293_83318_Sample_1102_81900_25.0.mp4,11
Person_14,surprise,MYS_G000010_16072021_01_290_65949_65995_Sample_751_65940_25.0.mp4,15
Person_14,surprise,MYS_G000010_16072021_02_10_13092_13199_Sample_142_13080_25.0.mp4,36
Person_14,surprise,MYS_G000010_16072021_02_46_28140_28223_Sample_244_28140_25.0.mp4,41
Person_14,surprise,MYS_G000010_21052021_01_25_15843_16112_Sample_181_15240_25.0.mp4,134
Person_14,surprise,MYS_G000010_27082021_01_150_3000_3238_Sample_37_3000_25.0.mp4,119
Person_14,surprise,MYS_G000010_30042021_01_408_169024_169083_Sample_2829_169020_25.0.mp4,24
Person_14,surprise,MYS_G000115_18072021_51_18416_18435_Sample_184_17760_25.0.mp4,9
Person_14,surprise,MYS_G000120_09052021_77_56160_56192_Sample_397_56160_25.0.mp4,10
Person_14,surprise,MYS_G000120_09052021_8_60229_60411_Sample_423_59760_25.0.mp4,17
Person_14,surprise,MYS_G000120_24042021_235_183385_183490_Sample_783_183360_25.0.mp4,24
Person_15,surprise,MYS_G000122_24072021_02_22_25801_25833_Sample_173_25680_25.0.mp4,14
Person_19,surprise,MYS_G000010_21052021_02_182_51580_51624_Sample_750_51540_25.0.mp4,12
Person_19,surprise,MYS_G000010_21052021_02_39_73569_73593_Sample_1097_73080_25.0.mp4,16
Person_19,surprise,MYS_G000010_21052021_02_50_13218_13265_Sample_151_13140_25.0.mp4,13
Person_2,surprise,MYS_G000010_02042021_01_23_13742_13800_Sample_156_13680_25.0.mp4,29
Person_2,surprise,MYS_G000010_02042021_02_19_16965_17060_Sample_194_15720_25.0.mp4,37
Person_2,surprise,MYS_G000010_02042021_02_222_54299_54347_Sample_697_53940_25.0.mp4,18
Person_2,surprise,MYS_G000010_02042021_02_26_13234_13260_Sample_157_13080_25.0.mp4,19
Person_2,surprise,MYS_G000010_02042021_03_52_26671_26692_Sample_355_26640_25.0.mp4,9
Person_2,surprise,MYS_G000010_02042021_04_62_20538_20697_Sample_290_20340_25.0.mp4,79
Person_2,surprise,MYS_G000010_05032021_01_22_2831_2852_Sample_15_2640_25.0.mp4,7
Person_2,surprise,MYS_G000010_06082021_01_18_44143_44197_Sample_598_43860_25.0.mp4,38
Person_2,surprise,MYS_G000010_06082021_01_1_38841_38866_Sample_541_38160_25.0.mp4,10
Person_2,surprise,MYS_G000010_09042021_01_40_12685_12754_Sample_168_12540_25.0.mp4,34
Person_2,surprise,MYS_G000010_09042021_01_42_12945_13038_Sample_168_12540_25.0.mp4,59
Person_2,surprise,MYS_G000010_09042021_03_141_28601_28668_Sample_418_28500_25.0.mp4,13
Person_2,surprise,MYS_G000010_09072021_01_13_8778_8823_Sample_101_6900_25.0.mp4,24
Person_2,surprise,MYS_G000010_09072021_01_14_10123_10165_Sample_101_6900_25.0.mp4,13
Person_2,surprise,MYS_G000010_09072021_01_18_89201_89243_Sample_1219_89040_25.0.mp4,19
Person_2,surprise,MYS_G000010_09072021_01_50_82210_82264_Sample_1093_81420_25.0.mp4,29
Person_2,surprise,MYS_G000010_09072021_01_6_7094_7127_Sample_101_6900_25.0.mp4,15
Person_2,surprise,MYS_G000010_09072021_01_9_7738_7768_Sample_101_6900_25.0.mp4,15
Person_2,surprise,MYS_G000010_16042021_01_50_16459_16496_Sample_213_16440_25.0.mp4,19
Person_2,surprise,MYS_G000010_16072021_01_217_51310_51354_Sample_617_50460_25.0.mp4,10
Person_2,surprise,MYS_G000010_23042021_01_98_30514_30541_Sample_390_29820_25.0.mp4,13
Person_2,surprise,MYS_G000010_23042021_02_46_14682_14706_Sample_228_14640_25.0.mp4,17
Person_2,surprise,MYS_G000010_23042021_03_26_11871_11895_Sample_217_11760_25.0.mp4,10
Person_2,surprise,MYS_G000010_23072021_01_75_25517_25560_Sample_178_24900_25.0.mp4,12
Person_2,surprise,MYS_G000010_23072021_01_88_27643_27685_Sample_186_25800_25.0.mp4,15
Person_2,surprise,MYS_G000010_23072021_05_10_9792_9830_Sample_133_9720_25.0.mp4,15
Person_2,surprise,MYS_G000010_23072021_05_4_7919_7965_Sample_110_7740_25.0.mp4,28
Person_2,surprise,MYS_G000011_05022021_03_2_43843_43907_Sample_551_43500_25.0.mp4,12
Person_2,surprise,MYS_G000011_05022021_03_72_28839_28882_Sample_360_28740_25.0.mp4,28
Person_2,surprise,MYS_G000011_05022021_03_80_6060_6086_Sample_73_5700_25.0.mp4,9
Person_2,surprise,MYS_G000011_05022021_04_25_46399_46410_Sample_516_46380_25.0.mp4,6
Person_2,surprise,MYS_G000011_05022021_05_54_1677_1699_Sample_163.mp4,5
Person_2,surprise,MYS_G000011_15022021_03_64_1008_1081_Sample_49.mp4,11
Person_2,surprise,MYS_G000011_15022021_03_72_0_40_Sample_261.mp4,11
Person_2,surprise,MYS_G000011_28012021_02_10_120_133_Sample_120.mp4,7
Person_2,surprise,MYS_G000011_28012021_02_22_82_120_Sample_283.mp4,18
Person_2,surprise,MYS_G000011_28012021_02_9_0_120_Sample_256.mp4,59
Person_20,surprise,MYS_G000120_01052021_132_127607_127648_Sample_829_127560_25.0.mp4,19
Person_216,surprise,MYS_G000109_08052020_01_196_30435_30468_Sample_89_29880_25.0.mp4,14
Person_216,surprise,MYS_G000109_08052020_01_87_59864_59876_Sample_214_59760_25.0.mp4,7
Person_22,surprise,MYS_G000120_24072021_139_3942_3960_Sample_36_3840_25.0.mp4,12
Person_22,surprise,MYS_G000120_24072021_53_21155_21229_Sample_185_21060_25.0.mp4,16
Person_220,surprise,MYS_G000096_04122021_01_19_1620_1692_Sample_17_1620_25.0.mp4,36
Person_223,surprise,MYS_G000109_08052020_01_168_10112_10142_Sample_4_9360_25.0.mp4,7
Person_3,surprise,MYS_G000010_02042021_01_159_50080_50249_Sample_597_50040_25.0.mp4,92
Person_3,surprise,MYS_G000010_02042021_02_104_25587_25620_Sample_320_25440_25.0.mp4,20
Person_3,surprise,MYS_G000010_02042021_02_132_29461_29470_Sample_381_29460_25.0.mp4,4
Person_3,surprise,MYS_G000010_02042021_02_68_20953_20998_Sample_259_20640_25.0.mp4,26
Person_30,surprise,MYS_G000096_11122021_01_10_15189_15240_Sample_133_14340_25.0.mp4,29
Person_35,surprise,MYS_G000115_02052021_101_62031_62081_Sample_288_61320_25.0.mp4,14
Person_35,surprise,MYS_G000115_02052021_136_74033_74095_Sample_344_72840_25.0.mp4,28
Person_35,surprise,MYS_G000115_02052021_15_27474_27516_Sample_123_26880_25.0.mp4,20
Person_35,surprise,MYS_G000115_02052021_45_1163_1254_Sample_5_600_25.0.mp4,20
Person_35,surprise,MYS_G000115_02052021_46_1254_1316_Sample_5_600_25.0.mp4,24
Person_35,surprise,MYS_G000115_04042021_100_51192_51244_Sample_259_51000_25.0.mp4,27
Person_35,surprise,MYS_G000115_04042021_119_71821_71846_Sample_334_65040_25.0.mp4,8
Person_35,surprise,MYS_G000115_04042021_130_75324_75364_Sample_334_65040_25.0.mp4,13
Person_35,surprise,MYS_G000115_04042021_143_80725_80779_Sample_372_77820_25.0.mp4,31
Person_35,surprise,MYS_G000115_04042021_155_90718_90756_Sample_409_89520_25.0.mp4,13
Person_35,surprise,MYS_G000115_04042021_159_90718_90755_Sample_414_90480_25.0.mp4,18
Person_35,surprise,MYS_G000115_04042021_169_94807_94839_Sample_418_91080_25.0.mp4,15
Person_35,surprise,MYS_G000115_04042021_176_97332_97376_Sample_426_95400_25.0.mp4,10
Person_35,surprise,MYS_G000115_04042021_182_99833_99851_Sample_426_95400_25.0.mp4,7
Person_35,surprise,MYS_G000115_04042021_187_102277_102319_Sample_443_102180_25.0.mp4,13
Person_35,surprise,MYS_G000115_04042021_21_25868_25893_Sample_122_25560_25.0.mp4,10
Person_35,surprise,MYS_G000115_04042021_220_116295_116324_Sample_487_113220_25.0.mp4,9
Person_35,surprise,MYS_G000115_04042021_240_556_607_Sample_6_300_25.0.mp4,27
Person_35,surprise,MYS_G000115_04042021_26_26914_26943_Sample_122_25560_25.0.mp4,9
Person_35,surprise,MYS_G000115_04042021_3_825_909_Sample_10_780_25.0.mp4,36
Person_35,surprise,MYS_G000115_04042021_59_31990_32027_Sample_149_30900_25.0.mp4,11
Person_35,surprise,MYS_G000115_09052021_105_109688_109719_Sample_369_109680_25.0.mp4,27
Person_35,surprise,MYS_G000115_09052021_122_126972_127217_Sample_412_126060_25.0.mp4,122
Person_35,surprise,MYS_G000115_09052021_177_26059_26127_Sample_81_26040_25.0.mp4,34
Person_35,surprise,MYS_G000115_09052021_180_28429_28499_Sample_92_28200_25.0.mp4,35
Person_35,surprise,MYS_G000115_11042021_43_74289_74369_Sample_234_73920_25.0.mp4,45
Person_35,surprise,MYS_G000115_11042021_48_75683_75734_Sample_238_75300_25.0.mp4,17
Person_35,surprise,MYS_G000115_16052021_12_27360_27417_Sample_129_27360_25.0.mp4,12
Person_35,surprise,MYS_G000115_16052021_20_35930_35987_Sample_191_35640_25.0.mp4,37
Person_35,surprise,MYS_G000115_16052021_33_41945_41967_Sample_232_41940_25.0.mp4,10
Person_35,surprise,MYS_G000115_16052021_46_55020_55068_Sample_338_55020_25.0.mp4,24
Person_35,surprise,MYS_G000115_16052021_47_55668_55716_Sample_343_55620_25.0.mp4,17
Person_35,surprise,MYS_G000115_16052021_68_133721_133838_Sample_573_133680_25.0.mp4,58
Person_35,surprise,MYS_G000115_16052021_7_24710_24774_Sample_116_24000_25.0.mp4,11
Person_35,surprise,MYS_G000115_18042021_18_61966_62022_Sample_167_57600_25.0.mp4,27
Person_35,surprise,MYS_G000115_18042021_46_74306_74356_Sample_234_73920_25.0.mp4,30
Person_35,surprise,MYS_G000115_18042021_49_75675_75721_Sample_238_75300_25.0.mp4,25
Person_4,surprise,MYS_G000010_06082021_01_20_8280_8298_Sample_124_8280_25.0.mp4,6
Person_4,surprise,MYS_G000010_06082021_01_21_8298_8317_Sample_124_8280_25.0.mp4,8
Person_4,surprise,MYS_G000010_09042021_03_45_12029_12060_Sample_187_11940_25.0.mp4,15
Person_4,surprise,MYS_G000010_09072021_01_234_26856_26880_Sample_377_26520_25.0.mp4,13
Person_4,surprise,MYS_G000010_09072021_01_287_32340_32361_Sample_469_32340_25.0.mp4,1
Person_4,surprise,MYS_G000010_09072021_01_410_50203_50220_Sample_735_49800_25.0.mp4,9
Person_4,surprise,MYS_G000010_16042021_01_6_8650_8678_Sample_113_8100_25.0.mp4,15
Person_4,surprise,MYS_G000010_16072021_01_132_39181_39215_Sample_455_39180_25.0.mp4,12
Person_4,surprise,MYS_G000010_16072021_01_272_62950_63073_Sample_709_62760_25.0.mp4,61
Person_4,surprise,MYS_G000010_16072021_01_343_77676_77940_Sample_879_77160_25.0.mp4,38
Person_4,surprise,MYS_G000010_21052021_01_98_32393_32457_Sample_413_32220_25.0.mp4,32
Person_4,surprise,MYS_G000010_21052021_02_140_37376_37440_Sample_545_37320_25.0.mp4,15
Person_4,surprise,MYS_G000010_23042021_01_91_27806_27932_Sample_375_27780_25.0.mp4,38
Person_4,surprise,MYS_G000010_27082021_01_171_41647_41699_Sample_454_41640_25.0.mp4,23
Person_4,surprise,MYS_G000010_27082021_01_239_75894_75960_Sample_787_75840_25.0.mp4,16
Person_4,surprise,MYS_G000010_30042021_01_65_77613_77640_Sample_1260_77520_25.0.mp4,20
Person_41,surprise,MYS_G000106_10072021_02_7_1137_1200_Sample_12_960_25.0.mp4,44
Person_46,surprise,MYS_G000010_16072021_02_19_21867_21977_Sample_165_21840_25.0.mp4,55
Person_5,surprise,MYS_G000010_02042021_04_49_34440_34585_Sample_445_34440_25.0.mp4,72
Person_5,surprise,MYS_G000010_05032021_01_50_36826_37293_Sample_268_36780_25.0.mp4,233
Person_5,surprise,MYS_G000010_05032021_02_103_52268_52330_Sample_376_52260_25.0.mp4,31
Person_5,surprise,MYS_G000010_05032021_02_77_8160_8221_Sample_30_8160_25.0.mp4,30
Person_5,surprise,MYS_G000010_06082021_01_25_46087_46118_Sample_618_45660_25.0.mp4,17
Person_5,surprise,MYS_G000010_09042021_03_119_25567_25644_Sample_374_25320_25.0.mp4,43
Person_5,surprise,MYS_G000010_16072021_01_222_51457_51500_Sample_629_51300_25.0.mp4,11
Person_5,surprise,MYS_G000010_16072021_01_228_52287_52320_Sample_640_52140_25.0.mp4,8
Person_5,surprise,MYS_G000010_20082021_01_87_16124_16146_Sample_286_15840_25.0.mp4,12
Person_5,surprise,MYS_G000010_20082021_01_88_16236_16313_Sample_286_15840_25.0.mp4,14
Person_5,surprise,MYS_G000010_27082021_01_264_86103_86179_Sample_902_86100_25.0.mp4,25
Person_5,surprise,MYS_G000010_27082021_01_75_13560_13679_Sample_127_13560_25.0.mp4,59
Person_5,surprise,MYS_G000011_05022021_03_21_12757_12810_Sample_156_12540_25.0.mp4,16
Person_5,surprise,MYS_G000011_26022021_04_58_223_240_Sample_180.mp4,15
Person_5,surprise,MYS_G000011_28012021_04_13_4_94_Sample_22.mp4,44
Person_6,surprise,MYS_G000010_09072021_01_557_73890_73916_Sample_967_73860_25.0.mp4,12
Person_6,surprise,MYS_G000010_13082021_03_44_15231_15299_Sample_236_15180_25.0.mp4,20
Person_6,surprise,MYS_G000010_13082021_03_94_31020_31131_Sample_453_31020_25.0.mp4,55
Person_6,surprise,MYS_G000010_16072021_01_367_79980_80063_Sample_920_79980_25.0.mp4,9
Person_6,surprise,MYS_G000010_16072021_02_67_31884_31965_Sample_308_31740_25.0.mp4,34
Person_62,surprise,MYS_G000010_12032021_01_9_2930_2970_Sample_14_2640_25.0.mp4,14
Person_62,surprise,MYS_G000011_15022021_02_29_1239_1288_Sample_189.mp4,15
Person_62,surprise,MYS_G000011_15022021_02_42_82_120_Sample_23.mp4,17
Person_62,surprise,MYS_G000011_15022021_02_53_281_303_Sample_497.mp4,9
Person_62,surprise,MYS_G000011_15022021_02_69_102_120_Sample_62.mp4,8
Person_62,surprise,MYS_G000011_15022021_02_83_534_584_Sample_97.mp4,17
Person_62,surprise,MYS_G000011_22012021_02_21_20041_20051_Sample_178_20040_25.0.mp4,3
Person_62,surprise,MYS_G000011_22012021_02_24_20770_20786_Sample_182_20220_25.0.mp4,7
Person_62,surprise,MYS_G000011_22012021_02_25_20799_20818_Sample_182_20220_25.0.mp4,8
Person_62,surprise,MYS_G000011_22012021_02_28_21036_21052_Sample_193_21000_25.0.mp4,5
Person_62,surprise,MYS_G000011_22012021_02_64_49928_49941_Sample_544_49740_25.0.mp4,5
Person_7,surprise,MYS_G000010_02042021_01_180_55276_55677_Sample_663_54360_25.0.mp4,200
Person_7,surprise,MYS_G000010_09042021_03_173_6420_6484_Sample_96_6420_25.0.mp4,32
Person_7,surprise,MYS_G000010_09042021_04_63_2280_2301_Sample_32_2280_25.0.mp4,10
Person_7,surprise,MYS_G000010_09072021_01_448_60643_60675_Sample_781_59160_25.0.mp4,16
Person_7,surprise,MYS_G000010_20082021_01_137_26445_26488_Sample_422_25200_25.0.mp4,27
Person_7,surprise,MYS_G000010_20082021_01_157_32719_32742_Sample_466_30720_25.0.mp4,10
Person_7,surprise,MYS_G000010_20082021_02_14_18514_18578_Sample_134_18480_25.0.mp4,17
Person_7,surprise,MYS_G000010_20082021_02_19_19887_19950_Sample_144_19500_25.0.mp4,21
Person_7,surprise,MYS_G000010_20082021_02_20_20099_20127_Sample_144_19500_25.0.mp4,9
Person_7,surprise,MYS_G000010_20082021_02_22_21197_21297_Sample_150_20820_25.0.mp4,15
Person_7,surprise,MYS_G000010_20082021_02_38_2870_2880_Sample_20_2700_25.0.mp4,10
Person_7,surprise,MYS_G000010_20082021_02_57_3717_3749_Sample_27_3540_25.0.mp4,11
Person_7,surprise,MYS_G000010_20082021_02_97_11115_11122_Sample_79_10500_25.0.mp4,7
Person_7,surprise,MYS_G000010_20082021_03_30_7389_7409_Sample_52_6900_25.0.mp4,8
Person_7,surprise,MYS_G000010_23042021_01_201_49208_49316_Sample_701_48840_25.0.mp4,35
Person_7,surprise,MYS_G000010_23042021_02_8_7363_7398_Sample_118_7260_25.0.mp4,18
Person_70,surprise,MYS_G000120_01052021_145_40325_40352_Sample_265_39720_25.0.mp4,19
Person_70,surprise,MYS_G000120_01052021_207_152620_152640_Sample_978_151920_25.0.mp4,11
Person_70,surprise,MYS_G000120_01052021_25_161927_161980_Sample_1048_161400_25.0.mp4,16
Person_70,surprise,MYS_G000120_01052021_63_105969_106020_Sample_675_105720_25.0.mp4,16
Person_70,surprise,MYS_G000120_03072021_284_721_745_Sample_4_360_25.0.mp4,12
Person_70,surprise,MYS_G000120_03072021_5_15256_15276_Sample_113_15120_25.0.mp4,9
Person_70,surprise,MYS_G000120_03072021_69_51766_51794_Sample_219_51720_25.0.mp4,10
Person_70,surprise,MYS_G000120_03072021_86_55733_55803_Sample_249_55320_25.0.mp4,33
Person_70,surprise,MYS_G000120_03072021_8_16317_16374_Sample_118_15840_25.0.mp4,34
Person_70,surprise,MYS_G000120_09052021_12_23160_23233_Sample_149_23160_25.0.mp4,21
Person_70,surprise,MYS_G000120_09052021_16_6909_6944_Sample_51_6900_25.0.mp4,17
Person_70,surprise,MYS_G000120_09052021_43_37952_38000_Sample_261_37920_25.0.mp4,24
Person_70,surprise,MYS_G000120_09052021_45_95187_95279_Sample_686_94740_25.0.mp4,24
Person_70,surprise,MYS_G000120_09052021_78_56340_56370_Sample_400_56280_25.0.mp4,13
Person_70,surprise,MYS_G000120_11072021_139_44760_44813_Sample_300_44760_25.0.mp4,9
Person_70,surprise,MYS_G000120_11072021_155_53723_53786_Sample_341_51600_25.0.mp4,13
Person_70,surprise,MYS_G000120_11072021_21_133498_133554_Sample_1049_133440_25.0.mp4,25
Person_70,surprise,MYS_G000120_11072021_56_152165_152201_Sample_1175_151980_25.0.mp4,16
Person_70,surprise,MYS_G000120_15052021_127_85066_85272_Sample_472_84960_25.0.mp4,64
Person_70,surprise,MYS_G000120_15052021_137_8074_8196_Sample_55_7860_25.0.mp4,61
Person_70,surprise,MYS_G000120_15052021_38_37747_37786_Sample_224_37560_25.0.mp4,19
Person_70,surprise,MYS_G000120_15052021_42_39521_39548_Sample_232_39420_25.0.mp4,13
Person_70,surprise,MYS_G000120_15052021_56_43675_43697_Sample_254_43560_25.0.mp4,9
Person_70,surprise,MYS_G000120_15052021_59_44507_44556_Sample_261_44400_25.0.mp4,13
Person_70,surprise,MYS_G000120_15052021_79_59040_59080_Sample_311_59040_25.0.mp4,8
Person_70,surprise,MYS_G000120_15052021_86_64027_64162_Sample_342_63900_25.0.mp4,24
Person_70,surprise,MYS_G000120_24042021_136_92455_92524_Sample_459_92160_25.0.mp4,9
Person_70,surprise,MYS_G000120_24042021_149_96791_96896_Sample_488_96660_25.0.mp4,40
Person_70,surprise,MYS_G000120_24042021_181_125702_125760_Sample_582_125040_25.0.mp4,37
Person_70,surprise,MYS_G000120_24042021_69_6523_6589_Sample_31_6300_25.0.mp4,35
Person_70,surprise,MYS_G000120_24072021_26_15096_15106_Sample_136_15060_25.0.mp4,2
Person_74,surprise,MYS_G000096_11122021_01_80_82655_82684_Sample_452_82440_25.0.mp4,14
Person_76,surprise,MYS_G000096_04122021_01_17_25618_25645_Sample_174_25560_25.0.mp4,13
Person_76,surprise,MYS_G000096_04122021_01_32_2830_2887_Sample_29_2820_25.0.mp4,28
Person_82,surprise,MYS_G000106_17072021_01_25_15181_15237_Sample_210_14880_25.0.mp4,20
Person_83,surprise,MYS_G000120_01052021_28_105106_105182_Sample_650_103380_25.0.mp4,24
Person_83,surprise,MYS_G000120_01052021_79_115532_115616_Sample_712_111060_25.0.mp4,20
Person_83,surprise,MYS_G000120_01052021_93_83893_84017_Sample_521_79140_25.0.mp4,50
Person_83,surprise,MYS_G000120_01052021_9_48975_49015_Sample_318_48240_25.0.mp4,21
Person_83,surprise,MYS_G000120_03072021_212_71420_71464_Sample_379_71100_25.0.mp4,17
Person_83,surprise,MYS_G000120_03072021_213_71593_71694_Sample_379_71100_25.0.mp4,32
Person_83,surprise,MYS_G000120_03072021_294_9314_9363_Sample_55_8640_25.0.mp4,12
Person_83,surprise,MYS_G000120_24042021_125_87327_87376_Sample_433_86340_25.0.mp4,22
Person_83,surprise,MYS_G000120_24042021_127_88077_88143_Sample_433_86340_25.0.mp4,23
Person_83,surprise,MYS_G000120_24042021_183_125657_125767_Sample_583_125220_25.0.mp4,45
Person_83,surprise,MYS_G000120_24042021_23_454_492_Sample_2_0_25.0.mp4,24
Person_83,surprise,MYS_G000120_24042021_29_2197_2236_Sample_2_0_25.0.mp4,13
Person_83,surprise,MYS_G000120_24042021_32_2815_2871_Sample_2_0_25.0.mp4,25
Person_83,surprise,MYS_G000120_24042021_34_3081_3158_Sample_2_0_25.0.mp4,26
Person_83,surprise,MYS_G000120_24042021_37_4322_4378_Sample_2_0_25.0.mp4,17
Person_83,surprise,MYS_G000120_24042021_39_4997_5091_Sample_2_0_25.0.mp4,31
Person_83,surprise,MYS_G000120_24042021_41_5681_5843_Sample_2_0_25.0.mp4,72
Person_83,surprise,MYS_G000120_24072021_122_11251_11347_Sample_65_7440_25.0.mp4,47
Person_89,surprise,MYS_G000120_03072021_32_23540_23570_Sample_152_21540_25.0.mp4,10
Person_9,surprise,MYS_G000122_24072021_02_53_48499_48541_Sample_366_47460_25.0.mp4,14
Person_9,surprise,MYS_G000122_24072021_02_66_53886_53953_Sample_430_53640_25.0.mp4,26
